,,,,,,,,,,,
Gerencia,Cadena,Plu,Nombre Plu,Subl,Sublinea,Subcat,Subcategoria,Marc,Marca,Clase Marca,Estrategia
Gran Consumo,Éxito,1001019,OF*LAVALOZA LIMON TRIPACK $ESP,405,LIMPIADORES E IMPLEMENTOS ASEO,4510,LAVALOZA CREMAS/GEL,20000,EXITO MARCA PROPIA,MARCA PROPIA                                      ,Insuperables Marca Propia
Gran Consumo,Éxito,1121545,Frijol Nima,90,GRANOS,2040,FRIJOL VARIEDAD,17798,FRESCAMPO,MARCA PROPIA                                      ,Insuperables Marca Propia
Gran Consumo,Éxito,1121546,Frijol Zaragoza,90,GRANOS,2040,FRIJOL VARIEDAD,17798,FRESCAMPO,MARCA PROPIA                                      ,Insuperables Marca Propia
Gran Consumo,Éxito,1121547,Lenteja,90,GRANOS,4030,LENTEJA,17798,FRESCAMPO,MARCA PROPIA                                      ,Insuperables Marca Propia
Gran Consumo,Éxito,1121592,Arveja Verde,90,GRANOS,4010,ARVEJA,17798,FRESCAMPO,MARCA PROPIA                                      ,Insuperables Marca Propia
Gran Consumo,Éxito,1121597,Frijol Caraota,90,GRANOS,2040,FRIJOL VARIEDAD,17798,FRESCAMPO,MARCA PROPIA                                      ,Insuperables Marca Propia
Gran Consumo,Éxito,1121603,Frijol Nima,90,GRANOS,2040,FRIJOL VARIEDAD,17798,FRESCAMPO,MARCA PROPIA                                      ,Insuperables Marca Propia
Gran Consumo,Éxito,1121605,Frijol Zaragoza,90,GRANOS,2040,FRIJOL VARIEDAD,17798,FRESCAMPO,MARCA PROPIA                                      ,Insuperables Marca Propia
Gran Consumo,Éxito,1121606,Lenteja,90,GRANOS,4030,LENTEJA,17798,FRESCAMPO,MARCA PROPIA                                      ,Insuperables Marca Propia
Gran Consumo,Éxito,1121609,Arveja Verde,90,GRANOS,4010,ARVEJA,17798,FRESCAMPO,MARCA PROPIA                                      ,Insuperables Marca Propia
Gran Consumo,Éxito,1121613,*Frijol Caraota,90,GRANOS,2040,FRIJOL VARIEDAD,17798,FRESCAMPO,MARCA PROPIA                                      ,Insuperables Marca Propia
Gran Consumo,Éxito,1165837,Maiz Pira,90,GRANOS,3040,MAIZ PIRA,17798,FRESCAMPO,MARCA PROPIA                                      ,Insuperables Marca Propia
Gran Consumo,Éxito,1165838,Maiz Blanco,90,GRANOS,3020,MAIZ BLANCO,17798,FRESCAMPO,MARCA PROPIA                                      ,Insuperables Marca Propia
Gran Consumo,Éxito,1165839,Maiz Amarillo,90,GRANOS,3040,MAIZ PIRA,17798,FRESCAMPO,MARCA PROPIA                                      ,Insuperables Marca Propia
Gran Consumo,Éxito,1165841,Maiz Pira,90,GRANOS,3040,MAIZ PIRA,17798,FRESCAMPO,MARCA PROPIA                                      ,Insuperables Marca Propia
Gran Consumo,Éxito,1165934,Maiz Trillado Bco,90,GRANOS,3020,MAIZ BLANCO,17798,FRESCAMPO,MARCA PROPIA                                      ,Insuperables Marca Propia
Gran Consumo,Éxito,1261875,Agua Sin Gas,63,BEBIDAS LIQUIDAS NO ALCOHOLICA,6710,AGUA NORMAL,36937,CARULLA,MARCA PROPIA                                      ,Insuperables Marca Propia
Gran Consumo,Éxito,1291292,Café Soluble Granulado,92,BEBIDAS CALIENT/Y ALMT.NATURIS,5620,CAFE INSTANTANEO,17798,FRESCAMPO,MARCA PROPIA                                      ,Insuperables Marca Propia
Gran Consumo,Éxito,1300462,TOALLITAS HUMEDAS X10 DE BEBE,67,PAPELES Y ABSORBENTES,8540,TOALLITAS HUMEDAS BABY OTROS U,14401,PERSONAL CHOICE MARCA EXCLUSIV,MARCA EXCLUSIVA                                   ,Insuperables Marca Propia
Gran Consumo,Éxito,1356712,Sangría,95,LICORES Y CIGARRILLOS,8010,APERITIVOS Y POUS/CAFE,23535,CRUZARES MARCA EXCLUSIVA,MARCA EXCLUSIVA                                   ,Insuperables Marca Propia
Gran Consumo,Éxito,1375498,Agua Pura Sin Gas,63,BEBIDAS LIQUIDAS NO ALCOHOLICA,6710,AGUA NORMAL,17798,FRESCAMPO,MARCA PROPIA                                      ,Insuperables Marca Propia
Gran Consumo,Éxito,138186,Plato Pequeño,404,DESECHABLES Y AEROSOLES,5520,PLATOS DESECHABLES,80000,EKONO,MARCA PROPIA                                      ,Insuperables Marca Propia
Gran Consumo,Éxito,144906,Servilleta Cortada,67,PAPELES Y ABSORBENTES,7540,SERVILLETAS PARTIDAS,80000,EKONO,MARCA PROPIA                                      ,Insuperables Marca Propia
Gran Consumo,Éxito,1488671,Cafe Soluble En Polvo,92,BEBIDAS CALIENT/Y ALMT.NATURIS,5620,CAFE INSTANTANEO,17798,FRESCAMPO,MARCA PROPIA                                      ,Insuperables Marca Propia
Gran Consumo,Éxito,1531094,Vino tinto cabernet sauvignon,95,LICORES Y CIGARRILLOS,811,VINO TINTOS MESA,19653,SIETE SOLES MARCA EXCLUSIVA,MARCA EXCLUSIVA                                   ,Insuperables Marca Propia
Gran Consumo,Éxito,1531095,VINO BLANCO SAUVIGNON RESERVA,95,LICORES Y CIGARRILLOS,821,VINO BLANCOS MESA,19653,SIETE SOLES MARCA EXCLUSIVA,MARCA EXCLUSIVA                                   ,Insuperables Marca Propia
Gran Consumo,Éxito,1531595,Shampoo Coco Y Leche,96,CUIDADO CAPILAR Y ACCESORIOS,1310,SHAMPOO 1 EN 1,36839,ALGABO MARCA EXCLUSIVA,MARCA EXCLUSIVA                                   ,Insuperables Marca Propia
Gran Consumo,Éxito,1531596,Shampoo Manzanilla y Magnolia,96,CUIDADO CAPILAR Y ACCESORIOS,1310,SHAMPOO 1 EN 1,36839,ALGABO MARCA EXCLUSIVA,MARCA EXCLUSIVA                                   ,Insuperables Marca Propia
Gran Consumo,Éxito,1531597,Shampoo Aguacate Y Argán,96,CUIDADO CAPILAR Y ACCESORIOS,1310,SHAMPOO 1 EN 1,36839,ALGABO MARCA EXCLUSIVA,MARCA EXCLUSIVA                                   ,Insuperables Marca Propia
Gran Consumo,Éxito,1570514,Cerveza x 6 Costeña,95,LICORES Y CIGARRILLOS,410,CERVEZAS NACIONALES,1437,COSTENA,MARCA NACIONAL                                    ,Insuperables Marca Propia
Gran Consumo,Éxito,1570515,Cerveza Lata,95,LICORES Y CIGARRILLOS,410,CERVEZAS NACIONALES,1437,COSTENA,MARCA NACIONAL                                    ,Insuperables Marca Propia
Gran Consumo,Éxito,1602696,Cepillo Dental 3 Unidades,98,CUIDADO ORAL Y AFEITADA,1010,CEPILLO DENTAL ADULTOS,24674,AMPM PLUS,MARCA PROPIA                                      ,Insuperables Marca Propia
Gran Consumo,Éxito,1603306,VINO LAMBRUSCO BLANCO,95,LICORES Y CIGARRILLOS,845,VINO ESPUMOSO Y CHAMPANA,29709,LA PIUMA MARCA EXCLUSIVA,MARCA EXCLUSIVA                                   ,Insuperables Marca Propia
Gran Consumo,Éxito,1603307,Vino Lambrusco Tinto,95,LICORES Y CIGARRILLOS,845,VINO ESPUMOSO Y CHAMPANA,29709,LA PIUMA MARCA EXCLUSIVA,MARCA EXCLUSIVA                                   ,Insuperables Marca Propia
Gran Consumo,Éxito,1652269,JABON AVENA CON GLICERINA 3UNS,406,CUIDADO CORPORAL,1221,JABON ANTIBACTERIALES/MEDICADO,24674,AMPM PLUS,MARCA PROPIA                                      ,Insuperables Marca Propia
Gran Consumo,Éxito,1678676,Canela Molida,402,SALSAS Y CONDIMENTOS,5810,CONDIMENTOS NATURALES GRANO,17798,FRESCAMPO,MARCA PROPIA                                      ,Insuperables Marca Propia
Gran Consumo,Éxito,1678677,PIMIENTA MOLIDA,402,SALSAS Y CONDIMENTOS,5810,CONDIMENTOS NATURALES GRANO,17798,FRESCAMPO,MARCA PROPIA                                      ,Insuperables Marca Propia
Gran Consumo,Éxito,1678679,Ajo Molida,402,SALSAS Y CONDIMENTOS,5810,CONDIMENTOS NATURALES GRANO,17798,FRESCAMPO,MARCA PROPIA                                      ,Insuperables Marca Propia
Gran Consumo,Éxito,1705880,DETERGENTE EN POLVO FLORAL,97,CUIDADO ROPA,1021,DETERGENTES CONVENCIONALES,80000,EKONO,MARCA PROPIA                                      ,Insuperables Marca Propia
Gran Consumo,Éxito,1705882,DETERGENTE EN POLVO FLORAL,97,CUIDADO ROPA,1021,DETERGENTES CONVENCIONALES,80000,EKONO,MARCA PROPIA                                      ,Insuperables Marca Propia
Gran Consumo,Éxito,1705937,DETERGENTE EN POLVO LIMON,97,CUIDADO ROPA,1021,DETERGENTES CONVENCIONALES,80000,EKONO,MARCA PROPIA                                      ,Insuperables Marca Propia
Gran Consumo,Éxito,1705986,DETERGENTE EN POLVO LIMON,97,CUIDADO ROPA,1021,DETERGENTES CONVENCIONALES,80000,EKONO,MARCA PROPIA                                      ,Insuperables Marca Propia
Gran Consumo,Éxito,1737627,Crema Dental Tripleaccion,98,CUIDADO ORAL Y AFEITADA,750,CREMA DENTAL TRIPLE ACCION,24674,AMPM PLUS,MARCA PROPIA                                      ,Insuperables Marca Propia
Gran Consumo,Éxito,1743103,Bebida de almendra sin azúcar,63,BEBIDAS LIQUIDAS NO ALCOHOLICA,8120,FRUTOS,50000,TAEQ,MARCA PROPIA                                      ,Insuperables Marca Propia
Gran Consumo,Éxito,1749646,COLOR,402,SALSAS Y CONDIMENTOS,5810,CONDIMENTOS NATURALES GRANO,17798,FRESCAMPO,MARCA PROPIA                                      ,Insuperables Marca Propia
Gran Consumo,Éxito,1749648,Comino Molido,402,SALSAS Y CONDIMENTOS,5810,CONDIMENTOS NATURALES GRANO,17798,FRESCAMPO,MARCA PROPIA                                      ,Insuperables Marca Propia
Gran Consumo,Éxito,1753280,Limpiapisos Desinfecta Lavanda,405,LIMPIADORES E IMPLEMENTOS ASEO,1910,LIMPIAPISOS AROMAT DESINFEC,24666,T/L/D TODOS LOS DIAS,MARCA PROPIA                                      ,Insuperables Marca Propia
Gran Consumo,Éxito,1753281,Limpiapisos Desinfect Citronel,405,LIMPIADORES E IMPLEMENTOS ASEO,1910,LIMPIAPISOS AROMAT DESINFEC,24666,T/L/D TODOS LOS DIAS,MARCA PROPIA                                      ,Insuperables Marca Propia
Gran Consumo,Éxito,1753282,Limpiapisos Con Bicarbonato,405,LIMPIADORES E IMPLEMENTOS ASEO,1928,LIMPIAPISOS EFICIENTES,24666,T/L/D TODOS LOS DIAS,MARCA PROPIA                                      ,Insuperables Marca Propia
Gran Consumo,Éxito,1757903,Limpiapisos Desinfect Lavanda,405,LIMPIADORES E IMPLEMENTOS ASEO,1910,LIMPIAPISOS AROMAT DESINFEC,24666,T/L/D TODOS LOS DIAS,MARCA PROPIA                                      ,Insuperables Marca Propia
Gran Consumo,Éxito,1757904,Limpiapisos Desinfec Citronela,405,LIMPIADORES E IMPLEMENTOS ASEO,1910,LIMPIAPISOS AROMAT DESINFEC,24666,T/L/D TODOS LOS DIAS,MARCA PROPIA                                      ,Insuperables Marca Propia
Gran Consumo,Éxito,1757905,Limpiapisos Desinfec Bicarbona,405,LIMPIADORES E IMPLEMENTOS ASEO,1928,LIMPIAPISOS EFICIENTES,24666,T/L/D TODOS LOS DIAS,MARCA PROPIA                                      ,Insuperables Marca Propia
Gran Consumo,Éxito,1773369,CREMA HUMECTANTE ALMENDRAS,406,CUIDADO CORPORAL,1310,CREMAS HUMECTANTES,24674,AMPM PLUS,MARCA PROPIA                                      ,Insuperables Marca Propia
Gran Consumo,Éxito,1773371,CREMA HUMECTANTE AVENA,406,CUIDADO CORPORAL,1310,CREMAS HUMECTANTES,24674,AMPM PLUS,MARCA PROPIA                                      ,Insuperables Marca Propia
Gran Consumo,Éxito,1773372,CREMA HUMECTANTE BEBE,406,CUIDADO CORPORAL,1350,CREMAS HUMECTANTES BEBE,24674,AMPM PLUS,MARCA PROPIA                                      ,Insuperables Marca Propia
Gran Consumo,Éxito,1804224,Detergente En Polvo Floral,97,CUIDADO ROPA,1021,DETERGENTES CONVENCIONALES,36937,CARULLA,MARCA PROPIA                                      ,Insuperables Marca Propia
Gran Consumo,Éxito,1804225,Detergente En Polvo Limon,97,CUIDADO ROPA,1021,DETERGENTES CONVENCIONALES,36937,CARULLA,MARCA PROPIA                                      ,Insuperables Marca Propia
Gran Consumo,Éxito,251334,Cafe Instantaneo Pulverizado,92,BEBIDAS CALIENT/Y ALMT.NATURIS,5620,CAFE INSTANTANEO,20000,EXITO MARCA PROPIA,MARCA PROPIA                                      ,Insuperables Marca Propia
Gran Consumo,Éxito,253898,Cafe Instantaneo Granulado,92,BEBIDAS CALIENT/Y ALMT.NATURIS,5620,CAFE INSTANTANEO,20000,EXITO MARCA PROPIA,MARCA PROPIA                                      ,Insuperables Marca Propia
Gran Consumo,Éxito,258027,Cafe Molido,92,BEBIDAS CALIENT/Y ALMT.NATURIS,5610,CAFE MOLIDO,80000,EKONO,MARCA PROPIA                                      ,Insuperables Marca Propia
Gran Consumo,Éxito,289831,Toalla Higienica Delgada,67,PAPELES Y ABSORBENTES,7020,TOALLAS HIGIENICAS,80000,EKONO,MARCA PROPIA                                      ,Insuperables Marca Propia
Gran Consumo,Éxito,3002592,BLANQUEADOR FLORAL,405,LIMPIADORES E IMPLEMENTOS ASEO,820,BLANQUEADOR CON FRAGANCIA,24666,T/L/D TODOS LOS DIAS,MARCA PROPIA                                      ,Insuperables Marca Propia
Gran Consumo,Éxito,3002604,BLANQUEADOR LIMON,405,LIMPIADORES E IMPLEMENTOS ASEO,820,BLANQUEADOR CON FRAGANCIA,24666,T/L/D TODOS LOS DIAS,MARCA PROPIA                                      ,Insuperables Marca Propia
Gran Consumo,Éxito,3002606,BLANQUEDOR MANZANA,405,LIMPIADORES E IMPLEMENTOS ASEO,820,BLANQUEADOR CON FRAGANCIA,24666,T/L/D TODOS LOS DIAS,MARCA PROPIA                                      ,Insuperables Marca Propia
Gran Consumo,Éxito,3003158,SHAMPOO TODO CABELLO,96,CUIDADO CAPILAR Y ACCESORIOS,1310,SHAMPOO 1 EN 1,24674,AMPM PLUS,MARCA PROPIA                                      ,Insuperables Marca Propia
Gran Consumo,Éxito,3004110,PAÑAL TALLA M,67,PAPELES Y ABSORBENTES,9030,PANALES VALUE,80000,EKONO,MARCA PROPIA                                      ,Insuperables Marca Propia
Gran Consumo,Éxito,3004111,Pañal Talla G,67,PAPELES Y ABSORBENTES,9030,PANALES VALUE,80000,EKONO,MARCA PROPIA                                      ,Insuperables Marca Propia
Gran Consumo,Éxito,3004112,PAÑAL TALLA XG,67,PAPELES Y ABSORBENTES,9030,PANALES VALUE,80000,EKONO,MARCA PROPIA                                      ,Insuperables Marca Propia
Gran Consumo,Éxito,3006840,Blanqueador Floral,405,LIMPIADORES E IMPLEMENTOS ASEO,820,BLANQUEADOR CON FRAGANCIA,36937,CARULLA,MARCA PROPIA                                      ,Insuperables Marca Propia
Gran Consumo,Éxito,3006843,Blanqueador Limón,405,LIMPIADORES E IMPLEMENTOS ASEO,820,BLANQUEADOR CON FRAGANCIA,36937,CARULLA,MARCA PROPIA                                      ,Insuperables Marca Propia
Gran Consumo,Éxito,3007966,Detergente en Polvo Limon,97,CUIDADO ROPA,1021,DETERGENTES CONVENCIONALES,20000,EXITO MARCA PROPIA,MARCA PROPIA                                      ,Insuperables Marca Propia
Gran Consumo,Éxito,3007967,Detergente en Polvo Limon,97,CUIDADO ROPA,1021,DETERGENTES CONVENCIONALES,20000,EXITO MARCA PROPIA,MARCA PROPIA                                      ,Insuperables Marca Propia
Gran Consumo,Éxito,3007969,Detergente en Polvo Floral,97,CUIDADO ROPA,1021,DETERGENTES CONVENCIONALES,20000,EXITO MARCA PROPIA,MARCA PROPIA                                      ,Insuperables Marca Propia
Gran Consumo,Éxito,3007970,Detergente en Polvo Floral,97,CUIDADO ROPA,1021,DETERGENTES CONVENCIONALES,20000,EXITO MARCA PROPIA,MARCA PROPIA                                      ,Insuperables Marca Propia
Gran Consumo,Éxito,3009553,Protectores Diarios Multiestil,67,PAPELES Y ABSORBENTES,6010,PROTEC. DIARIOS MULTIPANTY,80000,EKONO,MARCA PROPIA                                      ,Insuperables Marca Propia
Gran Consumo,Éxito,3014290,Jabón Liquido Avena,406,CUIDADO CORPORAL,1230,JABON LIQUIDOS,80000,EKONO,MARCA PROPIA                                      ,Insuperables Marca Propia
Gran Consumo,Éxito,3014291,Jabón Liquido Manzana,406,CUIDADO CORPORAL,1230,JABON LIQUIDOS,80000,EKONO,MARCA PROPIA                                      ,Insuperables Marca Propia
Gran Consumo,Éxito,3015859,Detergente Liquido Floral,97,CUIDADO ROPA,1011,DETERGENTES LIQUIDOS,20000,EXITO MARCA PROPIA,MARCA PROPIA                                      ,Insuperables Marca Propia
Gran Consumo,Éxito,3023705,Blanqueador sin fragancia,405,LIMPIADORES E IMPLEMENTOS ASEO,830,BLANQUEADOR SIN FRAGANCIA,80000,EKONO,MARCA PROPIA                                      ,Insuperables Marca Propia
Gran Consumo,Éxito,3026524,Protectores Diarios Multiestil,67,PAPELES Y ABSORBENTES,6010,PROTEC. DIARIOS MULTIPANTY,80000,EKONO,MARCA PROPIA                                      ,Insuperables Marca Propia
Gran Consumo,Éxito,3039180,Jabon Liquido Manzana,406,CUIDADO CORPORAL,1230,JABON LIQUIDOS,80000,EKONO,MARCA PROPIA                                      ,Insuperables Marca Propia
Gran Consumo,Éxito,3039181,Jabon Liquido Avena,406,CUIDADO CORPORAL,1230,JABON LIQUIDOS,80000,EKONO,MARCA PROPIA                                      ,Insuperables Marca Propia
Gran Consumo,Éxito,3041841,Vino Tinto Reserva Merlot,95,LICORES Y CIGARRILLOS,811,VINO TINTOS MESA,19653,SIETE SOLES MARCA EXCLUSIVA,MARCA EXCLUSIVA                                   ,Insuperables Marca Propia
Gran Consumo,Éxito,3041842,Vino Tinto Reserva Carmenere,95,LICORES Y CIGARRILLOS,811,VINO TINTOS MESA,19653,SIETE SOLES MARCA EXCLUSIVA,MARCA EXCLUSIVA                                   ,Insuperables Marca Propia
Gran Consumo,Éxito,3041843,Vino Reserva Rosado,95,LICORES Y CIGARRILLOS,832,VINO ROSADOS MESA,19653,SIETE SOLES MARCA EXCLUSIVA,MARCA EXCLUSIVA                                   ,Insuperables Marca Propia
Gran Consumo,Éxito,3046977,Lavaloza Liquido Limon,405,LIMPIADORES E IMPLEMENTOS ASEO,4520,LAVALOZAS LIQUIDOS,80000,EKONO,MARCA PROPIA                                      ,Insuperables Marca Propia
Gran Consumo,Éxito,3054276,Frijol Cargamanto Blanco,90,GRANOS,2020,FRIJOL CARGAMANTO,80000,EKONO,MARCA PROPIA                                      ,Insuperables Marca Propia
Gran Consumo,Éxito,3054283,Frijol Sabanero Rojo,90,GRANOS,2030,FRIJOL SABANERO,80000,EKONO,MARCA PROPIA                                      ,Insuperables Marca Propia
Gran Consumo,Éxito,3058697,Bebi De Almend Original,63,BEBIDAS LIQUIDAS NO ALCOHOLICA,8120,FRUTOS,50000,TAEQ,MARCA PROPIA                                      ,Insuperables Marca Propia
Gran Consumo,Éxito,3059933,Detergente Liquido Floral,97,CUIDADO ROPA,1011,DETERGENTES LIQUIDOS,36937,CARULLA,MARCA PROPIA                                      ,Insuperables Marca Propia
Gran Consumo,Éxito,3060050,Detergente Liquido Floral,97,CUIDADO ROPA,1011,DETERGENTES LIQUIDOS,24666,T/L/D TODOS LOS DIAS,MARCA PROPIA                                      ,Insuperables Marca Propia
Gran Consumo,Éxito,308510,Mostaza,402,SALSAS Y CONDIMENTOS,5411,MOSTAZAS NORMALES,80000,EKONO,MARCA PROPIA                                      ,Insuperables Marca Propia
Gran Consumo,Éxito,3101013,Bolsa Basura 43x48 Papelera,404,DESECHABLES Y AEROSOLES,5010,BOLSA BASURA PAPELERA,80000,EKONO,MARCA PROPIA                                      ,Insuperables Marca Propia
Gran Consumo,Éxito,3111952,Detergente Bicarbonato/Vinagre,97,CUIDADO ROPA,1021,DETERGENTES CONVENCIONALES,24666,T/L/D TODOS LOS DIAS,MARCA PROPIA                                      ,Insuperables Marca Propia
Gran Consumo,Éxito,3111954,Detergente Bicarbonato/Vinagre,97,CUIDADO ROPA,1021,DETERGENTES CONVENCIONALES,36937,CARULLA,MARCA PROPIA                                      ,Insuperables Marca Propia
Gran Consumo,Éxito,3136901,Lavaloza Crema,405,LIMPIADORES E IMPLEMENTOS ASEO,4510,LAVALOZA CREMAS/GEL,80000,EKONO,MARCA PROPIA                                      ,Insuperables Marca Propia
Gran Consumo,Éxito,3181319,Jabon en barra azul x 3 und,97,CUIDADO ROPA,930,JABON DE LAVAR LIMPIEZA BASICA,80000,EKONO,MARCA PROPIA                                      ,Insuperables Marca Propia
Gran Consumo,Éxito,3188259,Vino Blanco,95,LICORES Y CIGARRILLOS,821,VINO BLANCOS MESA,23535,CRUZARES MARCA EXCLUSIVA,MARCA EXCLUSIVA                                   ,Insuperables Marca Propia
Gran Consumo,Éxito,3188260,Vino tinto,95,LICORES Y CIGARRILLOS,811,VINO TINTOS MESA,23535,CRUZARES MARCA EXCLUSIVA,MARCA EXCLUSIVA                                   ,Insuperables Marca Propia
Gran Consumo,Éxito,3191553,Papel Higiénico x12 Rollos,67,PAPELES Y ABSORBENTES,8020,PAPEL HIGIENICO RENDIDOR,36937,CARULLA,MARCA PROPIA                                      ,Insuperables Marca Propia
Gran Consumo,Éxito,3197410,Vino Lambrusco Rosado,95,LICORES Y CIGARRILLOS,845,VINO ESPUMOSO Y CHAMPANA,29709,LA PIUMA MARCA EXCLUSIVA,MARCA EXCLUSIVA                                   ,Insuperables Marca Propia
Gran Consumo,Éxito,3208370,Jabon Liq Espum Bamboo Forest,406,CUIDADO CORPORAL,1230,JABON LIQUIDOS,14401,PERSONAL CHOICE MARCA EXCLUSIV,MARCA EXCLUSIVA                                   ,Insuperables Marca Propia
Gran Consumo,Éxito,3211605,Aceite de Coco Organico,403,ACEITES COMESTIBLES,7840,OTROS ACEITES,50000,TAEQ,MARCA PROPIA                                      ,Insuperables Marca Propia
Gran Consumo,Éxito,3226878,Almendra Natural,59,PASABOCAS,5620,OTROS DE REPOSTERIA,17798,FRESCAMPO,MARCA PROPIA                                      ,Insuperables Marca Propia
Gran Consumo,Éxito,3250382,Harina de Maiz Precocida Amar,93,GALLETAS Y HARINAS,4525,HARINA PRECOCIDA MAIZ,17798,FRESCAMPO,MARCA PROPIA                                      ,Insuperables Marca Propia
Gran Consumo,Éxito,3250386,Harina de Maiz Precocida Blan,93,GALLETAS Y HARINAS,4525,HARINA PRECOCIDA MAIZ,17798,FRESCAMPO,MARCA PROPIA                                      ,Insuperables Marca Propia
Gran Consumo,Éxito,3254338,Caldo De Gallina 12 Cubos,402,SALSAS Y CONDIMENTOS,6610,CALDOS GALLINA,80000,EKONO,MARCA PROPIA                                      ,Insuperables Marca Propia
Gran Consumo,Éxito,3254342,Caldo De Gallina 8 Cubos,402,SALSAS Y CONDIMENTOS,6610,CALDOS GALLINA,80000,EKONO,MARCA PROPIA                                      ,Insuperables Marca Propia
Gran Consumo,Éxito,3254344,Caldo De Costilla 8 Cubos,402,SALSAS Y CONDIMENTOS,6620,CALDOS OTROS,17798,FRESCAMPO,MARCA PROPIA                                      ,Insuperables Marca Propia
Gran Consumo,Éxito,3254345,Caldo De Costilla 12 Cubos,402,SALSAS Y CONDIMENTOS,6620,CALDOS OTROS,17798,FRESCAMPO,MARCA PROPIA                                      ,Insuperables Marca Propia
Gran Consumo,Éxito,3257072,Aceite Vegetal,403,ACEITES COMESTIBLES,7820,ACEITES MEZCLAS,17798,FRESCAMPO,MARCA PROPIA                                      ,Insuperables Marca Propia
Gran Consumo,Éxito,3257073,Aceite Vegetal,403,ACEITES COMESTIBLES,7820,ACEITES MEZCLAS,17798,FRESCAMPO,MARCA PROPIA                                      ,Insuperables Marca Propia
Gran Consumo,Éxito,3259113,Atun Lomo Agua,94,ENLATADOS,2110,ATUNES EN AGUA,20000,EXITO MARCA PROPIA,MARCA PROPIA                                      ,Insuperables Marca Propia
Gran Consumo,Éxito,3259114,Atun Lomo Agua,94,ENLATADOS,2110,ATUNES EN AGUA,36937,CARULLA,MARCA PROPIA                                      ,Insuperables Marca Propia
Gran Consumo,Éxito,3260266,Durazno en Almibar,94,ENLATADOS,7260,DURAZNOS/MELOCOTON CONSERVA,17798,FRESCAMPO,MARCA PROPIA                                      ,Insuperables Marca Propia
Gran Consumo,Éxito,3264842,Papel Higienico Premium 3HX12,67,PAPELES Y ABSORBENTES,8010,PAPEL HIGIENICO PREMIUM,20000,EXITO MARCA PROPIA,MARCA PROPIA                                      ,Insuperables Marca Propia
Gran Consumo,Éxito,3264843,Papel Higienico Premium 3HX12,67,PAPELES Y ABSORBENTES,8010,PAPEL HIGIENICO PREMIUM,36937,CARULLA,MARCA PROPIA                                      ,Insuperables Marca Propia
Gran Consumo,Éxito,3264845,Papel Higienico Premium 3HX12,67,PAPELES Y ABSORBENTES,8010,PAPEL HIGIENICO PREMIUM,24666,T/L/D TODOS LOS DIAS,MARCA PROPIA                                      ,Insuperables Marca Propia
Gran Consumo,Éxito,3276481,Atun Lomo Aceite,94,ENLATADOS,2120,ATUNES EN ACEITE,20000,EXITO MARCA PROPIA,MARCA PROPIA                                      ,Insuperables Marca Propia
Gran Consumo,Éxito,3276485,Atun Lomo Aceite,94,ENLATADOS,2120,ATUNES EN ACEITE,36937,CARULLA,MARCA PROPIA                                      ,Insuperables Marca Propia
Gran Consumo,Éxito,3277050,Tostada Blanca,81,PANADERIA INUSTRI.Y REPOSTERIA,1970,TOSTADAS,80000,EKONO,MARCA PROPIA                                      ,Insuperables Marca Propia
Gran Consumo,Éxito,3280457,Queso Parmesano,83,DERIVADOS LACTEOS,2570,RALLADOS,20000,EXITO MARCA PROPIA,MARCA PROPIA                                      ,Insuperables Marca Propia
Gran Consumo,Éxito,3283975,Arena para gatos,401,MASCOTAS,1435,ARENAS Y TAPETES,33444,PUK?,MARCA PROPIA                                      ,Insuperables Marca Propia
Gran Consumo,Éxito,3287802,Atún Rallado Aceite,94,ENLATADOS,2140,DESMENUZADO,80000,EKONO,MARCA PROPIA                                      ,Insuperables Marca Propia
Gran Consumo,Éxito,3295502,Galletas Wafer Vainilla,93,GALLETAS Y HARINAS,1621,GALLETAS WAFER,20000,EXITO MARCA PROPIA,MARCA PROPIA                                      ,Insuperables Marca Propia
Gran Consumo,Éxito,3295503,Galletas Wafer Chocolate,93,GALLETAS Y HARINAS,1621,GALLETAS WAFER,20000,EXITO MARCA PROPIA,MARCA PROPIA                                      ,Insuperables Marca Propia
Gran Consumo,Éxito,3295559,Galletas Cremadas Vainilla,93,GALLETAS Y HARINAS,1631,GALLETAS CREMADAS,20000,EXITO MARCA PROPIA,MARCA PROPIA                                      ,Insuperables Marca Propia
Gran Consumo,Éxito,3295560,Galletas Cremadas Chocolate,93,GALLETAS Y HARINAS,1631,GALLETAS CREMADAS,20000,EXITO MARCA PROPIA,MARCA PROPIA                                      ,Insuperables Marca Propia
Gran Consumo,Éxito,3295561,Galletas Cremadas Fresa,93,GALLETAS Y HARINAS,1631,GALLETAS CREMADAS,20000,EXITO MARCA PROPIA,MARCA PROPIA                                      ,Insuperables Marca Propia
Gran Consumo,Éxito,3298214,Queso Parmesano,83,DERIVADOS LACTEOS,2570,RALLADOS,36937,CARULLA,MARCA PROPIA                                      ,Insuperables Marca Propia
Gran Consumo,Éxito,3299409,Alimento Perro Adulto,401,MASCOTAS,820,ALIMENTOS PERROS,33444,PUK?,MARCA PROPIA                                      ,Insuperables Marca Propia
Gran Consumo,Éxito,3299410,Alimento Perro Adulto,401,MASCOTAS,820,ALIMENTOS PERROS,33444,PUK?,MARCA PROPIA                                      ,Insuperables Marca Propia
Gran Consumo,Éxito,3299411,Alimento Perro Adulto,401,MASCOTAS,820,ALIMENTOS PERROS,33444,PUK?,MARCA PROPIA                                      ,Insuperables Marca Propia
Gran Consumo,Éxito,3300670,Pan Tajado Blanco,81,PANADERIA INUSTRI.Y REPOSTERIA,1910,PAN TAJADO,80000,EKONO,MARCA PROPIA                                      ,Insuperables Marca Propia
Gran Consumo,Éxito,3310407,Azúcar Blanco Especial,90,GRANOS,7120,AZUCAR BLANCO ESPECIAL,17798,FRESCAMPO,MARCA PROPIA                                      ,Insuperables Marca Propia
Gran Consumo,Éxito,3310410,Azúcar Blanco Especial,90,GRANOS,7120,AZUCAR BLANCO ESPECIAL,20000,EXITO MARCA PROPIA,MARCA PROPIA                                      ,Insuperables Marca Propia
Gran Consumo,Éxito,3310412,Azúcar Morena,90,GRANOS,7130,AZUCAR MORENA,20000,EXITO MARCA PROPIA,MARCA PROPIA                                      ,Insuperables Marca Propia
Gran Consumo,Éxito,3310418,Azúcar Morena,90,GRANOS,7130,AZUCAR MORENA,17798,FRESCAMPO,MARCA PROPIA                                      ,Insuperables Marca Propia
Gran Consumo,Éxito,3318957,Salsa BBQ,402,SALSAS Y CONDIMENTOS,3525,SALSAS BBQ,20000,EXITO MARCA PROPIA,MARCA PROPIA                                      ,Insuperables Marca Propia
Gran Consumo,Éxito,3320441,Lomo de Atún en Aceite Tripack,94,ENLATADOS,2120,ATUNES EN ACEITE,20000,EXITO MARCA PROPIA,MARCA PROPIA                                      ,Insuperables Marca Propia
Gran Consumo,Éxito,3322065,Pan Súper Perro con Ajonjolí,81,PANADERIA INUSTRI.Y REPOSTERIA,1920,PAN PERRO,20000,EXITO MARCA PROPIA,MARCA PROPIA                                      ,Insuperables Marca Propia
Gran Consumo,Éxito,3325409,Shampoo de Bebé,96,CUIDADO CAPILAR Y ACCESORIOS,1340,SHAMPOO BEBES NINOS,14401,PERSONAL CHOICE MARCA EXCLUSIV,MARCA EXCLUSIVA                                   ,Insuperables Marca Propia
Gran Consumo,Éxito,3326788,Leche Semid Deslact UHT Paquet,83,DERIVADOS LACTEOS,1385,LECHE LIQUIDA UHT BOLSA,20000,EXITO MARCA PROPIA,MARCA PROPIA                                      ,Insuperables Marca Propia
Gran Consumo,Éxito,3326790,Leche Semid Deslact UHT,83,DERIVADOS LACTEOS,1385,LECHE LIQUIDA UHT BOLSA,20000,EXITO MARCA PROPIA,MARCA PROPIA                                      ,Insuperables Marca Propia
Gran Consumo,Éxito,3326792,Leche Entera UHT,83,DERIVADOS LACTEOS,1385,LECHE LIQUIDA UHT BOLSA,20000,EXITO MARCA PROPIA,MARCA PROPIA                                      ,Insuperables Marca Propia
Gran Consumo,Éxito,3326794,Leche Entera UHT Paquete,83,DERIVADOS LACTEOS,1385,LECHE LIQUIDA UHT BOLSA,20000,EXITO MARCA PROPIA,MARCA PROPIA                                      ,Insuperables Marca Propia
Gran Consumo,Éxito,3326796,Leche Entera UHT Max,83,DERIVADOS LACTEOS,1385,LECHE LIQUIDA UHT BOLSA,20000,EXITO MARCA PROPIA,MARCA PROPIA                                      ,Insuperables Marca Propia
Gran Consumo,Éxito,3326797,Leche Semid Deslact UHT,83,DERIVADOS LACTEOS,1385,LECHE LIQUIDA UHT BOLSA,17798,FRESCAMPO,MARCA PROPIA                                      ,Insuperables Marca Propia
Gran Consumo,Éxito,3326798,Leche Semid Deslact UHT Paquet,83,DERIVADOS LACTEOS,1385,LECHE LIQUIDA UHT BOLSA,17798,FRESCAMPO,MARCA PROPIA                                      ,Insuperables Marca Propia
Gran Consumo,Éxito,3326799,Leche Entera UHT,83,DERIVADOS LACTEOS,1385,LECHE LIQUIDA UHT BOLSA,17798,FRESCAMPO,MARCA PROPIA                                      ,Insuperables Marca Propia
Gran Consumo,Éxito,3326800,Leche Entera UHT Paquete Max,83,DERIVADOS LACTEOS,1385,LECHE LIQUIDA UHT BOLSA,20000,EXITO MARCA PROPIA,MARCA PROPIA                                      ,Insuperables Marca Propia
Gran Consumo,Éxito,3326801,Leche Entera UHT Paquete,83,DERIVADOS LACTEOS,1385,LECHE LIQUIDA UHT BOLSA,17798,FRESCAMPO,MARCA PROPIA                                      ,Insuperables Marca Propia
Gran Consumo,Éxito,3327580,Crema Cocoa & Karite,406,CUIDADO CORPORAL,1310,CREMAS HUMECTANTES,14401,PERSONAL CHOICE MARCA EXCLUSIV,MARCA EXCLUSIVA                                   ,Insuperables Marca Propia
Gran Consumo,Éxito,3327581,Crema Aloe Vera,406,CUIDADO CORPORAL,1310,CREMAS HUMECTANTES,14401,PERSONAL CHOICE MARCA EXCLUSIV,MARCA EXCLUSIVA                                   ,Insuperables Marca Propia
Gran Consumo,Éxito,3327582,Crema Almendras,406,CUIDADO CORPORAL,1310,CREMAS HUMECTANTES,14401,PERSONAL CHOICE MARCA EXCLUSIV,MARCA EXCLUSIVA                                   ,Insuperables Marca Propia
Gran Consumo,Éxito,3327584,Crema Para Bebé,406,CUIDADO CORPORAL,1350,CREMAS HUMECTANTES BEBE,14401,PERSONAL CHOICE MARCA EXCLUSIV,MARCA EXCLUSIVA                                   ,Insuperables Marca Propia
Gran Consumo,Éxito,3330627,Aceite De Oliva Virgen Extra,403,ACEITES COMESTIBLES,7815,ACEITE OLIVA,17798,FRESCAMPO,MARCA PROPIA                                      ,Insuperables Marca Propia
Gran Consumo,Éxito,3330630,Aceite de Oliva Extra Virgen,403,ACEITES COMESTIBLES,7815,ACEITE OLIVA,20000,EXITO MARCA PROPIA,MARCA PROPIA                                      ,Insuperables Marca Propia
Gran Consumo,Éxito,3331366,Bocadillo Dulce En Hoja De Bij,402,SALSAS Y CONDIMENTOS,6760,BOCADILLOS,17798,FRESCAMPO,MARCA PROPIA                                      ,Insuperables Marca Propia
Gran Consumo,Éxito,3331394,Queso Tipo Sanduche,83,DERIVADOS LACTEOS,2575,MOZARELLA/DOBLECREMA,17798,FRESCAMPO,MARCA PROPIA                                      ,Insuperables Marca Propia
Gran Consumo,Éxito,3333297,Shampoo Acai Y Romero,96,CUIDADO CAPILAR Y ACCESORIOS,1310,SHAMPOO 1 EN 1,36839,ALGABO MARCA EXCLUSIVA,MARCA EXCLUSIVA                                   ,Insuperables Marca Propia
Gran Consumo,Éxito,3333758,Crema Corporal Lubricante,406,CUIDADO CORPORAL,1310,CREMAS HUMECTANTES,14401,PERSONAL CHOICE MARCA EXCLUSIV,MARCA EXCLUSIVA                                   ,Insuperables Marca Propia
Gran Consumo,Éxito,3336532,Maicitos Dulces Enlatados,94,ENLATADOS,1525,MAICES CONSERVA,17798,FRESCAMPO,MARCA PROPIA                                      ,Insuperables Marca Propia
Gran Consumo,Éxito,3343468,Lavaloza Ekono Limon,405,LIMPIADORES E IMPLEMENTOS ASEO,4510,LAVALOZA CREMAS/GEL,80000,EKONO,MARCA PROPIA                                      ,Insuperables Marca Propia
Gran Consumo,Éxito,3344695,Granola,93,GALLETAS Y HARINAS,4410,GRANOLAS,80000,EKONO,MARCA PROPIA                                      ,Insuperables Marca Propia
Gran Consumo,Éxito,3344697,Granola Coco,93,GALLETAS Y HARINAS,4410,GRANOLAS,20000,EXITO MARCA PROPIA,MARCA PROPIA                                      ,Insuperables Marca Propia
Gran Consumo,Éxito,3354234,Esparcible,83,DERIVADOS LACTEOS,2041,MARGARINA O ESPARCIBLE DE MESA,80000,EKONO,MARCA PROPIA                                      ,Insuperables Marca Propia
Gran Consumo,Éxito,3355096,Aceite de Girasol,403,ACEITES COMESTIBLES,7825,ACEITE GIRASOL,20000,EXITO MARCA PROPIA,MARCA PROPIA                                      ,Insuperables Marca Propia
Gran Consumo,Éxito,3355098,Aceite de Girasol,403,ACEITES COMESTIBLES,7825,ACEITE GIRASOL,36937,CARULLA,MARCA PROPIA                                      ,Insuperables Marca Propia
Gran Consumo,Éxito,3355100,Aceite de Girasol,403,ACEITES COMESTIBLES,7825,ACEITE GIRASOL,17798,FRESCAMPO,MARCA PROPIA                                      ,Insuperables Marca Propia
Gran Consumo,Éxito,3373213,Torta Negra Lonchera,81,PANADERIA INUSTRI.Y REPOSTERIA,5536,TAJADAS SIN CUBIERTA,80000,EKONO,MARCA PROPIA                                      ,Insuperables Marca Propia
Gran Consumo,Éxito,3382405,Papel Higienico 4 Rollos,67,PAPELES Y ABSORBENTES,8020,PAPEL HIGIENICO RENDIDOR,24666,T/L/D TODOS LOS DIAS,MARCA PROPIA                                      ,Insuperables Marca Propia
Gran Consumo,Éxito,3397990,Azucar Blanco,90,GRANOS,7120,AZUCAR BLANCO ESPECIAL,36937,CARULLA,MARCA PROPIA                                      ,Insuperables Marca Propia
Gran Consumo,Éxito,3400652,Aceite de Girasol,403,ACEITES COMESTIBLES,7825,ACEITE GIRASOL,36937,CARULLA,MARCA PROPIA                                      ,Insuperables Marca Propia
Gran Consumo,Éxito,3400653,Aceite de Girasol,403,ACEITES COMESTIBLES,7825,ACEITE GIRASOL,17798,FRESCAMPO,MARCA PROPIA                                      ,Insuperables Marca Propia
Gran Consumo,Éxito,3403501,Suavizante Aroma Floral,97,CUIDADO ROPA,1210,SUAVIZANTES REGULAR,36937,CARULLA,MARCA PROPIA                                      ,Insuperables Marca Propia
Gran Consumo,Éxito,3403502,Suavizante Aroma Floral,97,CUIDADO ROPA,1210,SUAVIZANTES REGULAR,24666,T/L/D TODOS LOS DIAS,MARCA PROPIA                                      ,Insuperables Marca Propia
Gran Consumo,Éxito,3403530,Suavizante Aroma Floral,97,CUIDADO ROPA,1210,SUAVIZANTES REGULAR,36937,CARULLA,MARCA PROPIA                                      ,Insuperables Marca Propia
Gran Consumo,Éxito,3403551,Suavizante Aroma Floral,97,CUIDADO ROPA,1210,SUAVIZANTES REGULAR,20000,EXITO MARCA PROPIA,MARCA PROPIA                                      ,Insuperables Marca Propia
Gran Consumo,Éxito,3403552,Suavizante Aroma Floral,97,CUIDADO ROPA,1210,SUAVIZANTES REGULAR,20000,EXITO MARCA PROPIA,MARCA PROPIA                                      ,Insuperables Marca Propia
Gran Consumo,Éxito,3403555,Suavizante Aroma Floral,97,CUIDADO ROPA,1210,SUAVIZANTES REGULAR,24666,T/L/D TODOS LOS DIAS,MARCA PROPIA                                      ,Insuperables Marca Propia
Gran Consumo,Éxito,3436274,Aceite De Aguacate,403,ACEITES COMESTIBLES,7840,OTROS ACEITES,50000,TAEQ,MARCA PROPIA                                      ,Insuperables Marca Propia
Gran Consumo,Éxito,3453139,Galletas Saladas x 3 Tacos,93,GALLETAS Y HARINAS,2021,CRACKERS TRADICIONAL,17798,FRESCAMPO,MARCA PROPIA                                      ,Insuperables Marca Propia
Gran Consumo,Éxito,3454318,Chocolate Clavos Y Canela,92,BEBIDAS CALIENT/Y ALMT.NATURIS,6050,CHOCOLATES ALINADOS DULCE,80000,EKONO,MARCA PROPIA                                      ,Insuperables Marca Propia
Gran Consumo,Éxito,3462328,Bolsa De Basura Blanca,404,DESECHABLES Y AEROSOLES,5030,BOLSA BASURA RESIDENCIAL,80000,EKONO,MARCA PROPIA                                      ,Insuperables Marca Propia
Gran Consumo,Éxito,3462329,Bolsa De Basura Negra,404,DESECHABLES Y AEROSOLES,5030,BOLSA BASURA RESIDENCIAL,80000,EKONO,MARCA PROPIA                                      ,Insuperables Marca Propia
Gran Consumo,Éxito,3462330,Bolsa De Basura Verde,404,DESECHABLES Y AEROSOLES,5030,BOLSA BASURA RESIDENCIAL,80000,EKONO,MARCA PROPIA                                      ,Insuperables Marca Propia
Gran Consumo,Éxito,3475406,Arepa Tela,83,DERIVADOS LACTEOS,4080,AREPAS BLANCAS,80000,EKONO,MARCA PROPIA                                      ,Insuperables Marca Propia
Gran Consumo,Éxito,3479458,Queso Mozzarella Tajado,83,DERIVADOS LACTEOS,2575,MOZARELLA/DOBLECREMA,20000,EXITO MARCA PROPIA,MARCA PROPIA                                      ,Insuperables Marca Propia
Gran Consumo,Éxito,3491790,Detergente Liquido Floral,97,CUIDADO ROPA,1011,DETERGENTES LIQUIDOS,20000,EXITO MARCA PROPIA,MARCA PROPIA                                      ,Insuperables Marca Propia
Gran Consumo,Éxito,3507566,Galletas Saladas,93,GALLETAS Y HARINAS,2021,CRACKERS TRADICIONAL,17798,FRESCAMPO,MARCA PROPIA                                      ,Insuperables Marca Propia
Gran Consumo,Éxito,3511293,Detergente liquido floral,97,CUIDADO ROPA,1011,DETERGENTES LIQUIDOS,36937,CARULLA,MARCA PROPIA                                      ,Insuperables Marca Propia
Gran Consumo,Éxito,3511294,Detergente liquido floral,97,CUIDADO ROPA,1011,DETERGENTES LIQUIDOS,24666,T/L/D TODOS LOS DIAS,MARCA PROPIA                                      ,Insuperables Marca Propia
Gran Consumo,Éxito,3518647,Papel Higiénico X 12 Rollos,67,PAPELES Y ABSORBENTES,8020,PAPEL HIGIENICO RENDIDOR,20000,EXITO MARCA PROPIA,MARCA PROPIA                                      ,Insuperables Marca Propia
Gran Consumo,Éxito,3519268,Jabón Antibacterial Avena,406,CUIDADO CORPORAL,1221,JABON ANTIBACTERIALES/MEDICADO,20000,EXITO MARCA PROPIA,MARCA PROPIA                                      ,Insuperables Marca Propia
Gran Consumo,Éxito,403042,Agua Sin Gas,63,BEBIDAS LIQUIDAS NO ALCOHOLICA,6710,AGUA NORMAL,20000,EXITO MARCA PROPIA,MARCA PROPIA                                      ,Insuperables Marca Propia
Gran Consumo,Éxito,405927,PAPEL HIG BLANCO TRIPLE HOJA,67,PAPELES Y ABSORBENTES,8020,PAPEL HIGIENICO RENDIDOR,20000,EXITO MARCA PROPIA,MARCA PROPIA                                      ,Insuperables Marca Propia
Gran Consumo,Éxito,425724,&SERVILLETA DOBLADA,67,PAPELES Y ABSORBENTES,7510,SERVILLETAS NORMALES,36937,CARULLA,MARCA PROPIA                                      ,Insuperables Marca Propia
Gran Consumo,Éxito,426831,GUANTES DOMESTICOS TALLA 8,405,LIMPIADORES E IMPLEMENTOS ASEO,5811,GUANTES DOMESTICOS,80000,EKONO,MARCA PROPIA                                      ,Insuperables Marca Propia
Gran Consumo,Éxito,429306,Esponja Doble Uso 2Pack,405,LIMPIADORES E IMPLEMENTOS ASEO,4450,ESPUMAS Y PLASTICAS,80000,EKONO,MARCA PROPIA                                      ,Insuperables Marca Propia
Gran Consumo,Éxito,438331,Cafe Molido,92,BEBIDAS CALIENT/Y ALMT.NATURIS,5610,CAFE MOLIDO,80000,EKONO,MARCA PROPIA                                      ,Insuperables Marca Propia
Gran Consumo,Éxito,489509,Servilleta Blanca De Lujo,67,PAPELES Y ABSORBENTES,7520,SERVILLETAS LUJO,36937,CARULLA,MARCA PROPIA                                      ,Insuperables Marca Propia
Gran Consumo,Éxito,580153,PAPEL HIGIENICO,67,PAPELES Y ABSORBENTES,8020,PAPEL HIGIENICO RENDIDOR,20000,EXITO MARCA PROPIA,MARCA PROPIA                                      ,Insuperables Marca Propia
Gran Consumo,Éxito,598300,Toalla Cocina Doble Hoj 1 Roll,67,PAPELES Y ABSORBENTES,2020,TOALLAS COCINA DESECHABLE,80000,EKONO,MARCA PROPIA                                      ,Insuperables Marca Propia
Gran Consumo,Éxito,620120,Toallita Humeda con Aloe Vera,67,PAPELES Y ABSORBENTES,8540,TOALLITAS HUMEDAS BABY OTROS U,14401,PERSONAL CHOICE MARCA EXCLUSIV,MARCA EXCLUSIVA                                   ,Insuperables Marca Propia
Gran Consumo,Éxito,894020,Vino Tinto,95,LICORES Y CIGARRILLOS,811,VINO TINTOS MESA,23535,CRUZARES MARCA EXCLUSIVA,MARCA EXCLUSIVA                                   ,Insuperables Marca Propia
Gran Consumo,Éxito,894119,Vino Rosado,95,LICORES Y CIGARRILLOS,832,VINO ROSADOS MESA,23535,CRUZARES MARCA EXCLUSIVA,MARCA EXCLUSIVA                                   ,Insuperables Marca Propia
Gran Consumo,Éxito,894139,Vino Blanco,95,LICORES Y CIGARRILLOS,821,VINO BLANCOS MESA,23535,CRUZARES MARCA EXCLUSIVA,MARCA EXCLUSIVA                                   ,Insuperables Marca Propia
Gran Consumo,Éxito,3298470,Queso Mozzarella Rallado,83,DERIVADOS LACTEOS,2575,MOZARELLA/DOBLECREMA,17798,FRESCAMPO,MARCA PROPIA                                      ,Insuperables Marca Propia
Gran Consumo,Éxito,3506935,Aceite De Soya,403,ACEITES COMESTIBLES,7840,OTROS ACEITES,17798,FRESCAMPO,MARCA PROPIA                                      ,Insuperables Marca Propia
Gran Consumo,Éxito,3506936,Aceite De Soya,403,ACEITES COMESTIBLES,7840,OTROS ACEITES,17798,FRESCAMPO,MARCA PROPIA                                      ,Insuperables Marca Propia
Gran Consumo,Éxito,3540220,Leche En Polvo Entera,69,MEZCLAS Y BEBIDAS EN POLVO,3210,LECHE EN POLVO ENTERA,17798,FRESCAMPO,MARCA PROPIA                                      ,Insuperables Marca Propia
Gran Consumo,Éxito,3540222,Leche En Polvo Entera,69,MEZCLAS Y BEBIDAS EN POLVO,3210,LECHE EN POLVO ENTERA,17798,FRESCAMPO,MARCA PROPIA                                      ,Insuperables Marca Propia
Gran Consumo,Éxito,3493914,Yogurt Griego Natural,83,DERIVADOS LACTEOS,1220,YOGURT TIPO GRIEGO,17798,FRESCAMPO,MARCA PROPIA                                      ,Insuperables Marca Propia
Gran Consumo,Éxito,3298212,Queso Mozzarella Tajado,83,DERIVADOS LACTEOS,2575,MOZARELLA/DOBLECREMA,36937,CARULLA,MARCA PROPIA                                      ,Insuperables Marca Propia
Gran Consumo,Éxito,3537862,Guantes Semi Industrial,405,LIMPIADORES E IMPLEMENTOS ASEO,5821,GUANTES INDUSTRIALES,80000,EKONO,MARCA PROPIA                                      ,Insuperables Marca Propia
Gran Consumo,Éxito,3454319,Chocolate Tradicional,92,BEBIDAS CALIENT/Y ALMT.NATURIS,6020,CHOCOLATES DULCES,80000,EKONO,MARCA PROPIA                                      ,Insuperables Marca Propia
Gran Consumo,Éxito,3305484,Harina de Trigo,93,GALLETAS Y HARINAS,4510,HARINA DE TRIGO,17798,FRESCAMPO,MARCA PROPIA                                      ,Insuperables Marca Propia
Gran Consumo,Éxito,3585499,Yogurt Griego Natural,83,DERIVADOS LACTEOS,1220,YOGURT TIPO GRIEGO,17798,FRESCAMPO,MARCA PROPIA                                      ,Insuperables Marca Propia
Gran Consumo,Éxito,3511181,Lavaloza Liquido,405,LIMPIADORES E IMPLEMENTOS ASEO,4520,LAVALOZAS LIQUIDOS,36937,CARULLA,MARCA PROPIA                                      ,Insuperables Marca Propia
Gran Consumo,Éxito,3588696,Suavizante Manzana,97,CUIDADO ROPA,1210,SUAVIZANTES REGULAR,20000,EXITO MARCA PROPIA,MARCA PROPIA                                      ,Insuperables Marca Propia
Gran Consumo,Éxito,3588697,Suavizante Manzana,97,CUIDADO ROPA,1210,SUAVIZANTES REGULAR,20000,EXITO MARCA PROPIA,MARCA PROPIA                                      ,Insuperables Marca Propia
Gran Consumo,Éxito,1762859,Papel Higienico Blanco Max,67,PAPELES Y ABSORBENTES,8020,PAPEL HIGIENICO RENDIDOR,24666,T/L/D TODOS LOS DIAS,MARCA PROPIA                                      ,Insuperables Marca Propia
Gran Consumo,Éxito,3259112,Atun Lomo Agua,94,ENLATADOS,2110,ATUNES EN AGUA,17798,FRESCAMPO,MARCA PROPIA                                      ,Insuperables Marca Propia
Gran Consumo,Éxito,3276488,Atun Lomitos En Aceite,94,ENLATADOS,2120,ATUNES EN ACEITE,17798,FRESCAMPO,MARCA PROPIA                                      ,Insuperables Marca Propia
Gran Consumo,Éxito,3618631,Leche Entera En Caja,83,DERIVADOS LACTEOS,1390,LECHE LIQUIDA UHT CAJA,20000,EXITO MARCA PROPIA,MARCA PROPIA                                      ,Insuperables Marca Propia
Gran Consumo,Éxito,3623259,Limpia Pisos Bicarbonato,405,LIMPIADORES E IMPLEMENTOS ASEO,1928,LIMPIAPISOS EFICIENTES,24666,T/L/D TODOS LOS DIAS,MARCA PROPIA                                      ,Insuperables Marca Propia
Gran Consumo,Éxito,3623260,Limpia Pisos Citronela,405,LIMPIADORES E IMPLEMENTOS ASEO,1910,LIMPIAPISOS AROMAT DESINFEC,24666,T/L/D TODOS LOS DIAS,MARCA PROPIA                                      ,Insuperables Marca Propia
Gran Consumo,Éxito,3623261,Limpia Pisos Lavanda,405,LIMPIADORES E IMPLEMENTOS ASEO,1910,LIMPIAPISOS AROMAT DESINFEC,24666,T/L/D TODOS LOS DIAS,MARCA PROPIA                                      ,Insuperables Marca Propia
Gran Consumo,Éxito,3564367,Conserva De Pescado En Salsa D,94,ENLATADOS,2735,OTROS PESCADOS,20000,EXITO MARCA PROPIA,MARCA PROPIA                                      ,Insuperables Marca Propia
Gran Consumo,Éxito,3564368,Conserva De Pescado En Salsa D,94,ENLATADOS,2735,OTROS PESCADOS,20000,EXITO MARCA PROPIA,MARCA PROPIA                                      ,Insuperables Marca Propia
Gran Consumo,Éxito,3633789,Conservas De Pescado,94,ENLATADOS,2735,OTROS PESCADOS,36937,CARULLA,MARCA PROPIA                                      ,Insuperables Marca Propia
Gran Consumo,Éxito,3633790,Conservas De Pescado,94,ENLATADOS,2735,OTROS PESCADOS,36937,CARULLA,MARCA PROPIA                                      ,Insuperables Marca Propia
Gran Consumo,Éxito,3636384,Pañal Desechable Talla G,67,PAPELES Y ABSORBENTES,9030,PANALES VALUE,80000,EKONO,MARCA PROPIA                                      ,Insuperables Marca Propia
Gran Consumo,Éxito,3636385,Pañal Desechable Talla XG,67,PAPELES Y ABSORBENTES,9030,PANALES VALUE,80000,EKONO,MARCA PROPIA                                      ,Insuperables Marca Propia
Gran Consumo,Éxito,3280455,Queso Parmesano,83,DERIVADOS LACTEOS,2570,RALLADOS,20000,EXITO MARCA PROPIA,MARCA PROPIA                                      ,Insuperables Marca Propia
Gran Consumo,Éxito,3298211,Queso Parmesano,83,DERIVADOS LACTEOS,2570,RALLADOS,36937,CARULLA,MARCA PROPIA                                      ,Insuperables Marca Propia
Gran Consumo,Éxito,3599997,Pañal Bebe Talla XXG,67,PAPELES Y ABSORBENTES,9030,PANALES VALUE,80000,EKONO,MARCA PROPIA                                      ,Insuperables Marca Propia
Gran Consumo,Éxito,3293026,Soda,63,BEBIDAS LIQUIDAS NO ALCOHOLICA,7035,SODAS Y MEZCLADORES,17798,FRESCAMPO,MARCA PROPIA                                      ,Insuperables Marca Propia
Gran Consumo,Éxito,3331337,Pasta Macarrones,93,GALLETAS Y HARINAS,4620,PASTAS COMUNES,80000,EKONO,MARCA PROPIA                                      ,Insuperables Marca Propia
Gran Consumo,Éxito,3331340,Pasta Conchas,93,GALLETAS Y HARINAS,4620,PASTAS COMUNES,80000,EKONO,MARCA PROPIA                                      ,Insuperables Marca Propia
Gran Consumo,Éxito,3331344,Pasta Spaghetti,93,GALLETAS Y HARINAS,4620,PASTAS COMUNES,80000,EKONO,MARCA PROPIA                                      ,Insuperables Marca Propia
Gran Consumo,Éxito,3331345,Pasta Fideos,93,GALLETAS Y HARINAS,4620,PASTAS COMUNES,80000,EKONO,MARCA PROPIA                                      ,Insuperables Marca Propia
Gran Consumo,Éxito,3111953,Detergente Bicarbonato/Vinagre,97,CUIDADO ROPA,1021,DETERGENTES CONVENCIONALES,20000,EXITO MARCA PROPIA,MARCA PROPIA                                      ,Insuperables Marca Propia
Gran Consumo,Éxito,3331338,Pasta Fideos,93,GALLETAS Y HARINAS,4620,PASTAS COMUNES,80000,EKONO,MARCA PROPIA                                      ,Insuperables Marca Propia
Gran Consumo,Éxito,3331339,Pasta Conchas,93,GALLETAS Y HARINAS,4620,PASTAS COMUNES,80000,EKONO,MARCA PROPIA                                      ,Insuperables Marca Propia
Gran Consumo,Éxito,3331341,Pasta Macarrones,93,GALLETAS Y HARINAS,4620,PASTAS COMUNES,80000,EKONO,MARCA PROPIA                                      ,Insuperables Marca Propia
Gran Consumo,Éxito,3331342,Pasta Spaghetti,93,GALLETAS Y HARINAS,4620,PASTAS COMUNES,80000,EKONO,MARCA PROPIA                                      ,Insuperables Marca Propia
Gran Consumo,Éxito,3331343,Pasta Fideos,93,GALLETAS Y HARINAS,4620,PASTAS COMUNES,80000,EKONO,MARCA PROPIA                                      ,Insuperables Marca Propia
Gran Consumo,Éxito,3331346,Pasta Spaghetti,93,GALLETAS Y HARINAS,4620,PASTAS COMUNES,80000,EKONO,MARCA PROPIA                                      ,Insuperables Marca Propia
Gran Consumo,Éxito,3178712,Papel higiénico x 12 rollos,67,PAPELES Y ABSORBENTES,8020,PAPEL HIGIENICO RENDIDOR,20000,EXITO MARCA PROPIA,MARCA PROPIA                                      ,Insuperables Marca Propia
Gran Consumo,Éxito,3226414,Blanqueador en Gel,405,LIMPIADORES E IMPLEMENTOS ASEO,830,BLANQUEADOR SIN FRAGANCIA,42192,GREEN CHOICE GENERATION,MARCA EXCLUSIVA                                   ,Insuperables Marca Propia
Gran Consumo,Éxito,3511376,Jabon Doy Pack Avena Miel,406,CUIDADO CORPORAL,1230,JABON LIQUIDOS,14401,PERSONAL CHOICE MARCA EXCLUSIV,MARCA EXCLUSIVA                                   ,Insuperables Marca Propia
Gran Consumo,Éxito,3511377,Jabon Doy Pack Pomegran Mango,406,CUIDADO CORPORAL,1230,JABON LIQUIDOS,14401,PERSONAL CHOICE MARCA EXCLUSIV,MARCA EXCLUSIVA                                   ,Insuperables Marca Propia
Gran Consumo,Éxito,3118050,Alimento Para Gatos,401,MASCOTAS,840,ALIMENTOS GATOS,33444,PUK?,MARCA PROPIA                                      ,Insuperables Marca Propia
Gran Consumo,Éxito,3131929,Alimento Para Gatos,401,MASCOTAS,840,ALIMENTOS GATOS,33444,PUK?,MARCA PROPIA                                      ,Insuperables Marca Propia
Gran Consumo,Éxito,3289994,Alimento Perro Cachorro,401,MASCOTAS,820,ALIMENTOS PERROS,33444,PUK?,MARCA PROPIA                                      ,Insuperables Marca Propia
Gran Consumo,Éxito,3299412,Alimento Perro Adulto,401,MASCOTAS,820,ALIMENTOS PERROS,33444,PUK?,MARCA PROPIA                                      ,Insuperables Marca Propia
Gran Consumo,Éxito,3641982,Alimento Perro Adulto,401,MASCOTAS,820,ALIMENTOS PERROS,33444,PUK?,MARCA PROPIA                                      ,Insuperables Marca Propia
Gran Consumo,Éxito,3635120,Locion Hidratante Corporal,406,CUIDADO CORPORAL,1310,CREMAS HUMECTANTES,24674,AMPM PLUS,MARCA PROPIA                                      ,Insuperables Marca Propia
Gran Consumo,Éxito,3629361,Suavizante Floral,97,CUIDADO ROPA,1210,SUAVIZANTES REGULAR,20000,EXITO MARCA PROPIA,MARCA PROPIA                                      ,Insuperables Marca Propia
Gran Consumo,Éxito,3629362,Detergente Liquido,97,CUIDADO ROPA,1011,DETERGENTES LIQUIDOS,20000,EXITO MARCA PROPIA,MARCA PROPIA                                      ,Insuperables Marca Propia
Gran Consumo,Éxito,857637,Toalla Higien Delgada Con Alas,67,PAPELES Y ABSORBENTES,7020,TOALLAS HIGIENICAS,80000,EKONO,MARCA PROPIA                                      ,Insuperables Marca Propia
Gran Consumo,Éxito,439586,Toalla Delgada Con Alas Tela,67,PAPELES Y ABSORBENTES,7020,TOALLAS HIGIENICAS,80000,EKONO,MARCA PROPIA                                      ,Insuperables Marca Propia
Gran Consumo,Éxito,3026388,Toalla Higienica Nocturna,67,PAPELES Y ABSORBENTES,7020,TOALLAS HIGIENICAS,80000,EKONO,MARCA PROPIA                                      ,Insuperables Marca Propia
Gran Consumo,Éxito,3032765,Toallas Higienicas Malla,67,PAPELES Y ABSORBENTES,7020,TOALLAS HIGIENICAS,80000,EKONO,MARCA PROPIA                                      ,Insuperables Marca Propia
Gran Consumo,Éxito,3032766,Toallas Higienicas Malla,67,PAPELES Y ABSORBENTES,7020,TOALLAS HIGIENICAS,80000,EKONO,MARCA PROPIA                                      ,Insuperables Marca Propia
Gran Consumo,Éxito,3454320,Chocolate Tradicional,92,BEBIDAS CALIENT/Y ALMT.NATURIS,6020,CHOCOLATES DULCES,80000,EKONO,MARCA PROPIA                                      ,Insuperables Marca Propia
Gran Consumo,Éxito,3488624,Shampoo Hydra,96,CUIDADO CAPILAR Y ACCESORIOS,1310,SHAMPOO 1 EN 1,14401,PERSONAL CHOICE MARCA EXCLUSIV,MARCA EXCLUSIVA                                   ,Insuperables Marca Propia
Gran Consumo,Éxito,3488625,Shampoo Cuidado Completo,96,CUIDADO CAPILAR Y ACCESORIOS,1310,SHAMPOO 1 EN 1,14401,PERSONAL CHOICE MARCA EXCLUSIV,MARCA EXCLUSIVA                                   ,Insuperables Marca Propia
Gran Consumo,Éxito,3488626,Shampoo Regeneracion Diaria,96,CUIDADO CAPILAR Y ACCESORIOS,1310,SHAMPOO 1 EN 1,14401,PERSONAL CHOICE MARCA EXCLUSIV,MARCA EXCLUSIVA                                   ,Insuperables Marca Propia
Gran Consumo,Éxito,3330631,Aceite de Oliva Extra Virgen,403,ACEITES COMESTIBLES,7815,ACEITE OLIVA,36937,CARULLA,MARCA PROPIA                                      ,Insuperables Marca Propia
Gran Consumo,Éxito,3549008,Papel Higienico,67,PAPELES Y ABSORBENTES,8020,PAPEL HIGIENICO RENDIDOR,20000,EXITO MARCA PROPIA,MARCA PROPIA                                      ,Insuperables Marca Propia
Gran Consumo,Éxito,3640363,Papel Higienico x24 Rollos,67,PAPELES Y ABSORBENTES,8020,PAPEL HIGIENICO RENDIDOR,36937,CARULLA,MARCA PROPIA                                      ,Insuperables Marca Propia
Gran Consumo,Éxito,3670169,Limpiapisos Lavanda,405,LIMPIADORES E IMPLEMENTOS ASEO,1910,LIMPIAPISOS AROMAT DESINFEC,24666,T/L/D TODOS LOS DIAS,MARCA PROPIA                                      ,Insuperables Marca Propia
Gran Consumo,Éxito,3685676,Crema Lavaloza Limon,405,LIMPIADORES E IMPLEMENTOS ASEO,4510,LAVALOZA CREMAS/GEL,80000,EKONO,MARCA PROPIA                                      ,Insuperables Marca Propia
Gran Consumo,Éxito,3330628,Aceite de Oliva Extra Virgen,403,ACEITES COMESTIBLES,7815,ACEITE OLIVA,36937,CARULLA,MARCA PROPIA                                      ,Insuperables Marca Propia
Gran Consumo,Éxito,3330634,Aceite de Oliva Extravirgen,403,ACEITES COMESTIBLES,7815,ACEITE OLIVA,20000,EXITO MARCA PROPIA,MARCA PROPIA                                      ,Insuperables Marca Propia
Gran Consumo,Éxito,958531,Cafe Molido,92,BEBIDAS CALIENT/Y ALMT.NATURIS,5610,CAFE MOLIDO,80000,EKONO,MARCA PROPIA                                      ,Insuperables Marca Propia
Gran Consumo,Éxito,3611606,Lomo Atún En Agua X4 Unds,94,ENLATADOS,2110,ATUNES EN AGUA,20000,EXITO MARCA PROPIA,MARCA PROPIA                                      ,Insuperables Marca Propia
Gran Consumo,Éxito,216153,Agua Sin Gas,63,BEBIDAS LIQUIDAS NO ALCOHOLICA,6710,AGUA NORMAL,20000,EXITO MARCA PROPIA,MARCA PROPIA                                      ,Insuperables Marca Propia
Gran Consumo,Éxito,975923,Agua Sin Gas,63,BEBIDAS LIQUIDAS NO ALCOHOLICA,6710,AGUA NORMAL,36937,CARULLA,MARCA PROPIA                                      ,Insuperables Marca Propia
Gran Consumo,Éxito,1512413,Agua Sin Gas,63,BEBIDAS LIQUIDAS NO ALCOHOLICA,6710,AGUA NORMAL,17798,FRESCAMPO,MARCA PROPIA                                      ,Insuperables Marca Propia
Gran Consumo,Éxito,3330624,Aceite de Oliva Virgen,403,ACEITES COMESTIBLES,7815,ACEITE OLIVA,36937,CARULLA,MARCA PROPIA                                      ,Insuperables Marca Propia
Gran Consumo,Éxito,3519269,Jabón Tocador Aloe Vera,406,CUIDADO CORPORAL,1250,JABON LARGA DURACION ECONOMICO,80000,EKONO,MARCA PROPIA                                      ,Insuperables Marca Propia
Gran Consumo,Éxito,3519270,Jabón Tocador Fresa,406,CUIDADO CORPORAL,1250,JABON LARGA DURACION ECONOMICO,80000,EKONO,MARCA PROPIA                                      ,Insuperables Marca Propia
Gran Consumo,Éxito,3519271,Jabón Tocador Mandarina,406,CUIDADO CORPORAL,1250,JABON LARGA DURACION ECONOMICO,80000,EKONO,MARCA PROPIA                                      ,Insuperables Marca Propia
Gran Consumo,Éxito,3330626,Aceite de Oliva Virgen,403,ACEITES COMESTIBLES,7815,ACEITE OLIVA,17798,FRESCAMPO,MARCA PROPIA                                      ,Insuperables Marca Propia
Gran Consumo,Éxito,3394671,Aceite Vegetal,403,ACEITES COMESTIBLES,7820,ACEITES MEZCLAS,17798,FRESCAMPO,MARCA PROPIA                                      ,Insuperables Marca Propia
Gran Consumo,Éxito,3359775,Matequilla Ghee,403,ACEITES COMESTIBLES,7840,OTROS ACEITES,50000,TAEQ,MARCA PROPIA                                      ,Insuperables Marca Propia
Gran Consumo,Éxito,3611605,Lomo Atún Aceite Vegetal X4 Un,94,ENLATADOS,2120,ATUNES EN ACEITE,20000,EXITO MARCA PROPIA,MARCA PROPIA                                      ,Insuperables Marca Propia
Gran Consumo,Éxito,3676126,Lomo Atun En Aceite Vegetal x,94,ENLATADOS,2120,ATUNES EN ACEITE,36937,CARULLA,MARCA PROPIA                                      ,Insuperables Marca Propia
Gran Consumo,Éxito,3676127,Lomo Atun En Agua x 4 Unds,94,ENLATADOS,2110,ATUNES EN AGUA,36937,CARULLA,MARCA PROPIA                                      ,Insuperables Marca Propia
Gran Consumo,Éxito,3709524,Detergente En Polvo Floral,97,CUIDADO ROPA,1021,DETERGENTES CONVENCIONALES,80000,EKONO,MARCA PROPIA                                      ,Insuperables Marca Propia
Gran Consumo,Éxito,3709525,Detergente En Polvo Limon,97,CUIDADO ROPA,1021,DETERGENTES CONVENCIONALES,80000,EKONO,MARCA PROPIA                                      ,Insuperables Marca Propia
Gran Consumo,Éxito,3641951,Gelatina Fresa-Uva-Fruto Rojos,69,MEZCLAS Y BEBIDAS EN POLVO,8710,GELATINA NORMAL,17798,FRESCAMPO,MARCA PROPIA                                      ,Insuperables Marca Propia
Gran Consumo,Éxito,3641952,Gelatina Piña-Limón-Mandarina,69,MEZCLAS Y BEBIDAS EN POLVO,8710,GELATINA NORMAL,17798,FRESCAMPO,MARCA PROPIA                                      ,Insuperables Marca Propia
Gran Consumo,Éxito,3711919,Quitamanchas En Polvo Primaver,97,CUIDADO ROPA,710,DESMANCHADORES POLVO,24666,T/L/D TODOS LOS DIAS,MARCA PROPIA                                      ,Insuperables Marca Propia
Gran Consumo,Éxito,3330625,Aceite de Oliva Suave Sabor,403,ACEITES COMESTIBLES,7815,ACEITE OLIVA,20000,EXITO MARCA PROPIA,MARCA PROPIA                                      ,Insuperables Marca Propia
Gran Consumo,Éxito,3330629,Aceite de Oliva Virgen,403,ACEITES COMESTIBLES,7815,ACEITE OLIVA,17798,FRESCAMPO,MARCA PROPIA                                      ,Insuperables Marca Propia
Gran Consumo,Éxito,3330632,Aceite De Oliva Virgen Extra,403,ACEITES COMESTIBLES,7815,ACEITE OLIVA,17798,FRESCAMPO,MARCA PROPIA                                      ,Insuperables Marca Propia
Gran Consumo,Éxito,3330633,Aceite de Oliva Virgen,403,ACEITES COMESTIBLES,7815,ACEITE OLIVA,36937,CARULLA,MARCA PROPIA                                      ,Insuperables Marca Propia
Gran Consumo,Éxito,3717000,Arena Sanitaria Para Gatos,401,MASCOTAS,1435,ARENAS Y TAPETES,33444,PUK?,MARCA PROPIA                                      ,Insuperables Marca Propia
Gran Consumo,Éxito,3694827,Suero Costeño Doypack,83,DERIVADOS LACTEOS,2555,ESPARCIBLES,17798,FRESCAMPO,MARCA PROPIA                                      ,Insuperables Marca Propia
Gran Consumo,Éxito,1299743,AGUA PURA SIN GAS,63,BEBIDAS LIQUIDAS NO ALCOHOLICA,6710,AGUA NORMAL,17798,FRESCAMPO,MARCA PROPIA                                      ,Insuperables Marca Propia
Gran Consumo,Éxito,1299744,Agua Pura Si Gas,63,BEBIDAS LIQUIDAS NO ALCOHOLICA,6710,AGUA NORMAL,17798,FRESCAMPO,MARCA PROPIA                                      ,Insuperables Marca Propia
Gran Consumo,Éxito,3007968,Detergente en Polvo Oxigeno,97,CUIDADO ROPA,1021,DETERGENTES CONVENCIONALES,20000,EXITO MARCA PROPIA,MARCA PROPIA                                      ,Insuperables Marca Propia
Gran Consumo,Éxito,8599,Cafe Molido,92,BEBIDAS CALIENT/Y ALMT.NATURIS,5610,CAFE MOLIDO,80000,EKONO,MARCA PROPIA                                      ,Insuperables Marca Propia
Gran Consumo,Éxito,251157,Cafe Instantaneo Pulverizado,92,BEBIDAS CALIENT/Y ALMT.NATURIS,5620,CAFE INSTANTANEO,20000,EXITO MARCA PROPIA,MARCA PROPIA                                      ,Insuperables Marca Propia
Gran Consumo,Éxito,253883,Cafe Instantaneo Granulado,92,BEBIDAS CALIENT/Y ALMT.NATURIS,5620,CAFE INSTANTANEO,20000,EXITO MARCA PROPIA,MARCA PROPIA                                      ,Insuperables Marca Propia
Gran Consumo,Éxito,3023781,Talco antibacterial,406,CUIDADO CORPORAL,2430,TALCO POLVO HOMBRE,24674,AMPM PLUS,MARCA PROPIA                                      ,Insuperables Marca Propia
Gran Consumo,Éxito,3382829,Agua De Linos,404,DESECHABLES Y AEROSOLES,4080,AROMACOLOGIA?ESENCIAS Y AROMAS,24666,T/L/D TODOS LOS DIAS,MARCA PROPIA                                      ,Insuperables Marca Propia
Gran Consumo,Éxito,929943,Cafe Instantaneo Descafeinado,92,BEBIDAS CALIENT/Y ALMT.NATURIS,5625,CAFE INSTANTANEO DESCAFEINADO,36937,CARULLA,MARCA PROPIA                                      ,Insuperables Marca Propia
Gran Consumo,Éxito,415569,Lavaloza Crema Limon,405,LIMPIADORES E IMPLEMENTOS ASEO,4510,LAVALOZA CREMAS/GEL,845,SURTIMAX,MARCA PROPIA                                      ,Insuperables Marca Propia
Gran Consumo,Éxito,1006098,LAVALOZA CREMA LIMON,405,LIMPIADORES E IMPLEMENTOS ASEO,4510,LAVALOZA CREMAS/GEL,20000,EXITO MARCA PROPIA,MARCA PROPIA                                      ,Insuperables Marca Propia
Gran Consumo,Éxito,1006100,LAVALOZA CREMA ALOE VERA,405,LIMPIADORES E IMPLEMENTOS ASEO,4510,LAVALOZA CREMAS/GEL,20000,EXITO MARCA PROPIA,MARCA PROPIA                                      ,Insuperables Marca Propia
Gran Consumo,Éxito,1210171,LAVALOZA CREMA LIMON,405,LIMPIADORES E IMPLEMENTOS ASEO,4510,LAVALOZA CREMAS/GEL,36937,CARULLA,MARCA PROPIA                                      ,Insuperables Marca Propia
Gran Consumo,Éxito,1210172,LAVALOZA CREMA TORONJA,405,LIMPIADORES E IMPLEMENTOS ASEO,4510,LAVALOZA CREMAS/GEL,36937,CARULLA,MARCA PROPIA                                      ,Insuperables Marca Propia
Gran Consumo,Éxito,1210173,Lavaloza Crema Avena,405,LIMPIADORES E IMPLEMENTOS ASEO,4510,LAVALOZA CREMAS/GEL,36937,CARULLA,MARCA PROPIA                                      ,Insuperables Marca Propia
Gran Consumo,Éxito,1210174,LAVALOZA CREMA ALOE VERA,405,LIMPIADORES E IMPLEMENTOS ASEO,4510,LAVALOZA CREMAS/GEL,36937,CARULLA,MARCA PROPIA                                      ,Insuperables Marca Propia
Gran Consumo,Éxito,1763125,Crema Lavaloza Tld Limon,405,LIMPIADORES E IMPLEMENTOS ASEO,4510,LAVALOZA CREMAS/GEL,24666,T/L/D TODOS LOS DIAS,MARCA PROPIA                                      ,Insuperables Marca Propia
Gran Consumo,Éxito,1763126,Crema Lavaloza Aloe,405,LIMPIADORES E IMPLEMENTOS ASEO,4510,LAVALOZA CREMAS/GEL,24666,T/L/D TODOS LOS DIAS,MARCA PROPIA                                      ,Insuperables Marca Propia
Gran Consumo,Éxito,3490998,Lavaloza Tripack Oferta,405,LIMPIADORES E IMPLEMENTOS ASEO,4510,LAVALOZA CREMAS/GEL,845,SURTIMAX,MARCA PROPIA                                      ,Insuperables Marca Propia
Gran Consumo,Éxito,3705672,Esparcible En Barra,83,DERIVADOS LACTEOS,2042,MARGARINA O ESPARCIBLE COCINAR,80000,EKONO,MARCA PROPIA                                      ,Insuperables Marca Propia
Gran Consumo,Éxito,3725017,Crema kids Con Fluor,98,CUIDADO ORAL Y AFEITADA,740,CREMA DENTAL NINOS,24674,AMPM PLUS,MARCA PROPIA                                      ,Insuperables Marca Propia
Gran Consumo,Éxito,3264841,Papel Higienico Premium 3HX4,67,PAPELES Y ABSORBENTES,8010,PAPEL HIGIENICO PREMIUM,20000,EXITO MARCA PROPIA,MARCA PROPIA                                      ,Insuperables Marca Propia
Gran Consumo,Éxito,3054277,Frijol Cargamanto Rojo,90,GRANOS,2020,FRIJOL CARGAMANTO,80000,EKONO,MARCA PROPIA                                      ,Insuperables Marca Propia
Gran Consumo,Éxito,3548051,Toalla De Cocina,67,PAPELES Y ABSORBENTES,2020,TOALLAS COCINA DESECHABLE,24666,T/L/D TODOS LOS DIAS,MARCA PROPIA                                      ,Insuperables Marca Propia
Gran Consumo,Éxito,3638944,Servilletas Blancas Cortadas,67,PAPELES Y ABSORBENTES,7540,SERVILLETAS PARTIDAS,80000,EKONO,MARCA PROPIA                                      ,Insuperables Marca Propia
Gran Consumo,Éxito,3739284,Cerveza Lata Sixpac,95,LICORES Y CIGARRILLOS,410,CERVEZAS NACIONALES,1437,COSTENA,MARCA NACIONAL                                    ,Insuperables Marca Propia
Gran Consumo,Éxito,3473385,Servilleta Doblada,67,PAPELES Y ABSORBENTES,7510,SERVILLETAS NORMALES,24666,T/L/D TODOS LOS DIAS,MARCA PROPIA                                      ,Insuperables Marca Propia
Gran Consumo,Éxito,3287804,Gelatina sin sabor,69,MEZCLAS Y BEBIDAS EN POLVO,8720,GELATINA DIETETICA Y SIN SABOR,17798,FRESCAMPO,MARCA PROPIA                                      ,Insuperables Marca Propia
Gran Consumo,Éxito,3750918,Leche Entera UHT Paq Maxi Litr,83,DERIVADOS LACTEOS,1385,LECHE LIQUIDA UHT BOLSA,17798,FRESCAMPO,MARCA PROPIA                                      ,Insuperables Marca Propia
Gran Consumo,Éxito,3750919,Leche Entera UHT Bolsa MaxiLit,83,DERIVADOS LACTEOS,1385,LECHE LIQUIDA UHT BOLSA,17798,FRESCAMPO,MARCA PROPIA                                      ,Insuperables Marca Propia
Gran Consumo,Éxito,3750920,Leche Entera UHT Paquete,83,DERIVADOS LACTEOS,1385,LECHE LIQUIDA UHT BOLSA,17798,FRESCAMPO,MARCA PROPIA                                      ,Insuperables Marca Propia
Gran Consumo,Éxito,3750921,Leche Entera UHT Bolsa,83,DERIVADOS LACTEOS,1385,LECHE LIQUIDA UHT BOLSA,17798,FRESCAMPO,MARCA PROPIA                                      ,Insuperables Marca Propia
Gran Consumo,Éxito,3750922,Leche Semid Deslac UHT Paquete,83,DERIVADOS LACTEOS,1385,LECHE LIQUIDA UHT BOLSA,17798,FRESCAMPO,MARCA PROPIA                                      ,Insuperables Marca Propia
Gran Consumo,Éxito,3750923,Leche Semid Deslac UHT Bolsa,83,DERIVADOS LACTEOS,1385,LECHE LIQUIDA UHT BOLSA,17798,FRESCAMPO,MARCA PROPIA                                      ,Insuperables Marca Propia
Gran Consumo,Éxito,3616376,Serum Facial Antiedad,64,COSMETICOS,1220,ANTIEDAD,24674,AMPM PLUS,MARCA PROPIA                                      ,Insuperables Marca Propia
Gran Consumo,Éxito,3756865,Papel Higiénico Tri Hoja 12 Ro,67,PAPELES Y ABSORBENTES,8020,PAPEL HIGIENICO RENDIDOR,80000,EKONO,MARCA PROPIA                                      ,Insuperables Marca Propia
Gran Consumo,Éxito,3756866,Papel Higiénico Tri Hoja 2 Rol,67,PAPELES Y ABSORBENTES,8020,PAPEL HIGIENICO RENDIDOR,80000,EKONO,MARCA PROPIA                                      ,Insuperables Marca Propia
Gran Consumo,Éxito,3756867,Papel Higiénico Tri Hoja 24 Ro,67,PAPELES Y ABSORBENTES,8020,PAPEL HIGIENICO RENDIDOR,80000,EKONO,MARCA PROPIA                                      ,Insuperables Marca Propia
Gran Consumo,Éxito,3756868,Papel Higiénico Tri Hoja 4 Rol,67,PAPELES Y ABSORBENTES,8020,PAPEL HIGIENICO RENDIDOR,80000,EKONO,MARCA PROPIA                                      ,Insuperables Marca Propia
Gran Consumo,Éxito,3332145,Agua Micelar,64,COSMETICOS,1210,LIMPIADORA,24674,AMPM PLUS,MARCA PROPIA                                      ,Insuperables Marca Propia
Gran Consumo,Éxito,3756503,Leche Semid Deslact En Caja,83,DERIVADOS LACTEOS,1390,LECHE LIQUIDA UHT CAJA,17798,FRESCAMPO,MARCA PROPIA                                      ,Insuperables Marca Propia
Gran Consumo,Éxito,3756504,Leche Entera En Caja,83,DERIVADOS LACTEOS,1390,LECHE LIQUIDA UHT CAJA,17798,FRESCAMPO,MARCA PROPIA                                      ,Insuperables Marca Propia
Gran Consumo,Éxito,3276483,Atun Lomo Aceite Tripack,94,ENLATADOS,2120,ATUNES EN ACEITE,17798,FRESCAMPO,MARCA PROPIA                                      ,Insuperables Marca Propia
Gran Consumo,Éxito,3534190,Arroz Blanco,90,GRANOS,1020,ARROZ BLANCO,80000,EKONO,MARCA PROPIA                                      ,Insuperables Marca Propia
Gran Consumo,Éxito,3181787,Arroz Blanco Arroba,90,GRANOS,1020,ARROZ BLANCO,20000,EXITO MARCA PROPIA,MARCA PROPIA                                      ,Insuperables Marca Propia
Gran Consumo,Éxito,3181788,Arroz Blanco Arroba,90,GRANOS,1020,ARROZ BLANCO,17798,FRESCAMPO,MARCA PROPIA                                      ,Insuperables Marca Propia
Gran Consumo,Éxito,3181789,Arroz Blanco,90,GRANOS,1020,ARROZ BLANCO,20000,EXITO MARCA PROPIA,MARCA PROPIA                                      ,Insuperables Marca Propia
Gran Consumo,Éxito,3181790,Arroz Blanco,90,GRANOS,1020,ARROZ BLANCO,17798,FRESCAMPO,MARCA PROPIA                                      ,Insuperables Marca Propia
Gran Consumo,Éxito,3181791,Arroz Blanco Arroba,90,GRANOS,1020,ARROZ BLANCO,80000,EKONO,MARCA PROPIA                                      ,Insuperables Marca Propia
Gran Consumo,Éxito,3181792,Arroz Blanco,90,GRANOS,1020,ARROZ BLANCO,80000,EKONO,MARCA PROPIA                                      ,Insuperables Marca Propia
Gran Consumo,Éxito,3534187,Arroz Blanco,90,GRANOS,1020,ARROZ BLANCO,20000,EXITO MARCA PROPIA,MARCA PROPIA                                      ,Insuperables Marca Propia
Gran Consumo,Éxito,3534188,Arroz Blanco,90,GRANOS,1020,ARROZ BLANCO,36937,CARULLA,MARCA PROPIA                                      ,Insuperables Marca Propia
Gran Consumo,Éxito,3181785,Arroz Blanco,90,GRANOS,1020,ARROZ BLANCO,36937,CARULLA,MARCA PROPIA                                      ,Insuperables Marca Propia
Gran Consumo,Éxito,3181780,Arroz Blanco,90,GRANOS,1020,ARROZ BLANCO,20000,EXITO MARCA PROPIA,MARCA PROPIA                                      ,Insuperables Marca Propia
Gran Consumo,Éxito,3181784,Arroz Blanco,90,GRANOS,1020,ARROZ BLANCO,17798,FRESCAMPO,MARCA PROPIA                                      ,Insuperables Marca Propia
Gran Consumo,Éxito,3181779,Arroz Blanco,90,GRANOS,1020,ARROZ BLANCO,20000,EXITO MARCA PROPIA,MARCA PROPIA                                      ,Insuperables Marca Propia
Gran Consumo,Éxito,3757389,Pañitos Humedos Para Mascotas,401,MASCOTAS,1431,IMPLEMENTOS PARA ASEO MASCOTAS,33444,PUK?,MARCA PROPIA                                      ,Insuperables Marca Propia
Gran Consumo,Éxito,1720710,VELON,404,DESECHABLES Y AEROSOLES,6620,VELONES Y VELADORAS,24666,T/L/D TODOS LOS DIAS,MARCA PROPIA                                      ,Insuperables Marca Propia
Gran Consumo,Éxito,3776302,Café instantáneo en polvo,92,BEBIDAS CALIENT/Y ALMT.NATURIS,5620,CAFE INSTANTANEO,17798,FRESCAMPO,MARCA PROPIA                                      ,Insuperables Marca Propia
Gran Consumo,Éxito,3776303,Café descafeinado,92,BEBIDAS CALIENT/Y ALMT.NATURIS,5625,CAFE INSTANTANEO DESCAFEINADO,17798,FRESCAMPO,MARCA PROPIA                                      ,Insuperables Marca Propia
Gran Consumo,Éxito,3776304,Café instantáneo granualdo,92,BEBIDAS CALIENT/Y ALMT.NATURIS,5620,CAFE INSTANTANEO,17798,FRESCAMPO,MARCA PROPIA                                      ,Insuperables Marca Propia
Gran Consumo,Éxito,3776305,Café instantáneo en polvo,92,BEBIDAS CALIENT/Y ALMT.NATURIS,5620,CAFE INSTANTANEO,17798,FRESCAMPO,MARCA PROPIA                                      ,Insuperables Marca Propia
Gran Consumo,Éxito,3776306,Café instantáneo granulado,92,BEBIDAS CALIENT/Y ALMT.NATURIS,5620,CAFE INSTANTANEO,17798,FRESCAMPO,MARCA PROPIA                                      ,Insuperables Marca Propia
Gran Consumo,Éxito,1602699,CEPILLO INFANTIL UNIDAD,98,CUIDADO ORAL Y AFEITADA,1020,CEPILLO DENTAL NINOS,24674,AMPM PLUS,MARCA PROPIA                                      ,Insuperables Marca Propia
Gran Consumo,Éxito,1602700,Cepillo Dental Adulto,98,CUIDADO ORAL Y AFEITADA,1010,CEPILLO DENTAL ADULTOS,24674,AMPM PLUS,MARCA PROPIA                                      ,Insuperables Marca Propia
Gran Consumo,Éxito,3003156,ACONDICIONADOR TODO CABELLO,96,CUIDADO CAPILAR Y ACCESORIOS,1420,BALSAMOS ACONDICIONADORES,24674,AMPM PLUS,MARCA PROPIA                                      ,Insuperables Marca Propia
Gran Consumo,Éxito,3008973,Bolsa Basura Apartamento 51x76,404,DESECHABLES Y AEROSOLES,5020,BOLSA BASURA APARTAMENTO,24666,T/L/D TODOS LOS DIAS,MARCA PROPIA                                      ,Insuperables Marca Propia
Gran Consumo,Éxito,3008975,Bolsa Basura Industrial 65x100,404,DESECHABLES Y AEROSOLES,5040,BOLSA BASURA INDUSTRIAL,24666,T/L/D TODOS LOS DIAS,MARCA PROPIA                                      ,Insuperables Marca Propia
Gran Consumo,Éxito,3008977,Bolsa Basura residencial 65x80,404,DESECHABLES Y AEROSOLES,5030,BOLSA BASURA RESIDENCIAL,24666,T/L/D TODOS LOS DIAS,MARCA PROPIA                                      ,Insuperables Marca Propia
Gran Consumo,Éxito,3023780,Talco antibacterial,406,CUIDADO CORPORAL,2430,TALCO POLVO HOMBRE,24674,AMPM PLUS,MARCA PROPIA                                      ,Insuperables Marca Propia
Gran Consumo,Éxito,3065535,Protector Solar SPF 50,406,CUIDADO CORPORAL,4020,BLOQUEADORES,24674,AMPM PLUS,MARCA PROPIA                                      ,Insuperables Marca Propia
Gran Consumo,Éxito,3070894,Aceite de Bebe,406,CUIDADO CORPORAL,3710,ACEITES NORMALES,24674,AMPM PLUS,MARCA PROPIA                                      ,Insuperables Marca Propia
Gran Consumo,Éxito,3118046,Jabon Barra Liquido Azul,97,CUIDADO ROPA,940,JABON DE LAVAR BARRA LIQUIDO,24666,T/L/D TODOS LOS DIAS,MARCA PROPIA                                      ,Insuperables Marca Propia
Gran Consumo,Éxito,3118047,Jabon Barra Liquido Coco,97,CUIDADO ROPA,940,JABON DE LAVAR BARRA LIQUIDO,24666,T/L/D TODOS LOS DIAS,MARCA PROPIA                                      ,Insuperables Marca Propia
Gran Consumo,Éxito,3462712,Detergente Liquido Oscura,97,CUIDADO ROPA,1011,DETERGENTES LIQUIDOS,20000,EXITO MARCA PROPIA,MARCA PROPIA                                      ,Insuperables Marca Propia
Gran Consumo,Éxito,3462713,Detergente Liquido Color,97,CUIDADO ROPA,1011,DETERGENTES LIQUIDOS,20000,EXITO MARCA PROPIA,MARCA PROPIA                                      ,Insuperables Marca Propia
Gran Consumo,Éxito,3600913,Pelicula Plastica,404,DESECHABLES Y AEROSOLES,3020,VINILO EMPAQUE,24666,T/L/D TODOS LOS DIAS,MARCA PROPIA                                      ,Insuperables Marca Propia
Gran Consumo,Éxito,3600914,Pelicula Plastica,404,DESECHABLES Y AEROSOLES,3020,VINILO EMPAQUE,24666,T/L/D TODOS LOS DIAS,MARCA PROPIA                                      ,Insuperables Marca Propia
Gran Consumo,Éxito,3705583,Jabon En Barra Liquido Bebe,97,CUIDADO ROPA,940,JABON DE LAVAR BARRA LIQUIDO,24666,T/L/D TODOS LOS DIAS,MARCA PROPIA                                      ,Insuperables Marca Propia
Gran Consumo,Éxito,3749226,Aceite De Oliva Virgen Extra,403,ACEITES COMESTIBLES,7815,ACEITE OLIVA,17798,FRESCAMPO,MARCA PROPIA                                      ,Insuperables Marca Propia
Gran Consumo,Éxito,3749227,Aceite De Oliva Virgen Extra,403,ACEITES COMESTIBLES,7815,ACEITE OLIVA,17798,FRESCAMPO,MARCA PROPIA                                      ,Insuperables Marca Propia
Gran Consumo,Éxito,3400651,Aceite de Girasol,403,ACEITES COMESTIBLES,7825,ACEITE GIRASOL,20000,EXITO MARCA PROPIA,MARCA PROPIA                                      ,Insuperables Marca Propia
Gran Consumo,Éxito,3786697,Snack Cremoso Gatos Atún,401,MASCOTAS,860,SNACKS,33444,PUK?,MARCA PROPIA                                      ,Insuperables Marca Propia
Gran Consumo,Éxito,3786698,Snack Cremoso Gatos Salmón,401,MASCOTAS,860,SNACKS,33444,PUK?,MARCA PROPIA                                      ,Insuperables Marca Propia
Gran Consumo,Éxito,3310406,Azúcar Morena,90,GRANOS,7130,AZUCAR MORENA,20000,EXITO MARCA PROPIA,MARCA PROPIA                                      ,Insuperables Marca Propia
Gran Consumo,Éxito,3310409,Azúcar Morena,90,GRANOS,7130,AZUCAR MORENA,17798,FRESCAMPO,MARCA PROPIA                                      ,Insuperables Marca Propia
Gran Consumo,Éxito,3310415,Azúcar Blanco Especial,90,GRANOS,7120,AZUCAR BLANCO ESPECIAL,17798,FRESCAMPO,MARCA PROPIA                                      ,Insuperables Marca Propia
Gran Consumo,Éxito,3778389,Papel Higienico Premium 3Hx12,67,PAPELES Y ABSORBENTES,8010,PAPEL HIGIENICO PREMIUM,80000,EKONO,MARCA PROPIA                                      ,Insuperables Marca Propia
Gran Consumo,Éxito,3778390,Papel Higienico Premium 3Hx18,67,PAPELES Y ABSORBENTES,8010,PAPEL HIGIENICO PREMIUM,80000,EKONO,MARCA PROPIA                                      ,Insuperables Marca Propia
Gran Consumo,Éxito,3778391,Papel Higienico Premium 3Hx4,67,PAPELES Y ABSORBENTES,8010,PAPEL HIGIENICO PREMIUM,80000,EKONO,MARCA PROPIA                                      ,Insuperables Marca Propia
Gran Consumo,Éxito,3788923,Conserva De Pescado En Salsa D,94,ENLATADOS,2735,OTROS PESCADOS,17798,FRESCAMPO,MARCA PROPIA                                      ,Insuperables Marca Propia
Gran Consumo,Éxito,3788924,Conserva De Pescado En Salsa D,94,ENLATADOS,2735,OTROS PESCADOS,17798,FRESCAMPO,MARCA PROPIA                                      ,Insuperables Marca Propia
Gran Consumo,Éxito,3804668,Atun Rallado En Aceite,94,ENLATADOS,2140,DESMENUZADO,80000,EKONO,MARCA PROPIA                                      ,Insuperables Marca Propia
Gran Consumo,Éxito,3804671,Lomitos De Atun En Aceite,94,ENLATADOS,2120,ATUNES EN ACEITE,17798,FRESCAMPO,MARCA PROPIA                                      ,Insuperables Marca Propia
Gran Consumo,Éxito,3804672,Lomitos De Atun En Agua,94,ENLATADOS,2110,ATUNES EN AGUA,17798,FRESCAMPO,MARCA PROPIA                                      ,Insuperables Marca Propia
Gran Consumo,Carulla,1001019,OF*LAVALOZA LIMON TRIPACK $ESP,405,LIMPIADORES E IMPLEMENTOS ASEO,4510,LAVALOZA CREMAS/GEL,20000,EXITO MARCA PROPIA,MARCA PROPIA                                      ,Insuperables Marca Propia
Gran Consumo,Carulla,1121545,Frijol Nima,90,GRANOS,2040,FRIJOL VARIEDAD,17798,FRESCAMPO,MARCA PROPIA                                      ,Insuperables Marca Propia
Gran Consumo,Carulla,1121546,Frijol Zaragoza,90,GRANOS,2040,FRIJOL VARIEDAD,17798,FRESCAMPO,MARCA PROPIA                                      ,Insuperables Marca Propia
Gran Consumo,Carulla,1121547,Lenteja,90,GRANOS,4030,LENTEJA,17798,FRESCAMPO,MARCA PROPIA                                      ,Insuperables Marca Propia
Gran Consumo,Carulla,1121592,Arveja Verde,90,GRANOS,4010,ARVEJA,17798,FRESCAMPO,MARCA PROPIA                                      ,Insuperables Marca Propia
Gran Consumo,Carulla,1121597,Frijol Caraota,90,GRANOS,2040,FRIJOL VARIEDAD,17798,FRESCAMPO,MARCA PROPIA                                      ,Insuperables Marca Propia
Gran Consumo,Carulla,1121603,Frijol Nima,90,GRANOS,2040,FRIJOL VARIEDAD,17798,FRESCAMPO,MARCA PROPIA                                      ,Insuperables Marca Propia
Gran Consumo,Carulla,1121605,Frijol Zaragoza,90,GRANOS,2040,FRIJOL VARIEDAD,17798,FRESCAMPO,MARCA PROPIA                                      ,Insuperables Marca Propia
Gran Consumo,Carulla,1121606,Lenteja,90,GRANOS,4030,LENTEJA,17798,FRESCAMPO,MARCA PROPIA                                      ,Insuperables Marca Propia
Gran Consumo,Carulla,1121609,Arveja Verde,90,GRANOS,4010,ARVEJA,17798,FRESCAMPO,MARCA PROPIA                                      ,Insuperables Marca Propia
Gran Consumo,Carulla,1121613,*Frijol Caraota,90,GRANOS,2040,FRIJOL VARIEDAD,17798,FRESCAMPO,MARCA PROPIA                                      ,Insuperables Marca Propia
Gran Consumo,Carulla,1165837,Maiz Pira,90,GRANOS,3040,MAIZ PIRA,17798,FRESCAMPO,MARCA PROPIA                                      ,Insuperables Marca Propia
Gran Consumo,Carulla,1165838,Maiz Blanco,90,GRANOS,3020,MAIZ BLANCO,17798,FRESCAMPO,MARCA PROPIA                                      ,Insuperables Marca Propia
Gran Consumo,Carulla,1165839,Maiz Amarillo,90,GRANOS,3040,MAIZ PIRA,17798,FRESCAMPO,MARCA PROPIA                                      ,Insuperables Marca Propia
Gran Consumo,Carulla,1165841,Maiz Pira,90,GRANOS,3040,MAIZ PIRA,17798,FRESCAMPO,MARCA PROPIA                                      ,Insuperables Marca Propia
Gran Consumo,Carulla,1165934,Maiz Trillado Bco,90,GRANOS,3020,MAIZ BLANCO,17798,FRESCAMPO,MARCA PROPIA                                      ,Insuperables Marca Propia
Gran Consumo,Carulla,1261875,Agua Sin Gas,63,BEBIDAS LIQUIDAS NO ALCOHOLICA,6710,AGUA NORMAL,36937,CARULLA,MARCA PROPIA                                      ,Insuperables Marca Propia
Gran Consumo,Carulla,1291292,Café Soluble Granulado,92,BEBIDAS CALIENT/Y ALMT.NATURIS,5620,CAFE INSTANTANEO,17798,FRESCAMPO,MARCA PROPIA                                      ,Insuperables Marca Propia
Gran Consumo,Carulla,1300462,TOALLITAS HUMEDAS X10 DE BEBE,67,PAPELES Y ABSORBENTES,8540,TOALLITAS HUMEDAS BABY OTROS U,14401,PERSONAL CHOICE MARCA EXCLUSIV,MARCA EXCLUSIVA                                   ,Insuperables Marca Propia
Gran Consumo,Carulla,1356712,Sangría,95,LICORES Y CIGARRILLOS,8010,APERITIVOS Y POUS/CAFE,23535,CRUZARES MARCA EXCLUSIVA,MARCA EXCLUSIVA                                   ,Insuperables Marca Propia
Gran Consumo,Carulla,1375498,Agua Pura Sin Gas,63,BEBIDAS LIQUIDAS NO ALCOHOLICA,6710,AGUA NORMAL,17798,FRESCAMPO,MARCA PROPIA                                      ,Insuperables Marca Propia
Gran Consumo,Carulla,138186,Plato Pequeño,404,DESECHABLES Y AEROSOLES,5520,PLATOS DESECHABLES,80000,EKONO,MARCA PROPIA                                      ,Insuperables Marca Propia
Gran Consumo,Carulla,144906,Servilleta Cortada,67,PAPELES Y ABSORBENTES,7540,SERVILLETAS PARTIDAS,80000,EKONO,MARCA PROPIA                                      ,Insuperables Marca Propia
Gran Consumo,Carulla,1488671,Cafe Soluble En Polvo,92,BEBIDAS CALIENT/Y ALMT.NATURIS,5620,CAFE INSTANTANEO,17798,FRESCAMPO,MARCA PROPIA                                      ,Insuperables Marca Propia
Gran Consumo,Carulla,1531094,Vino tinto cabernet sauvignon,95,LICORES Y CIGARRILLOS,811,VINO TINTOS MESA,19653,SIETE SOLES MARCA EXCLUSIVA,MARCA EXCLUSIVA                                   ,Insuperables Marca Propia
Gran Consumo,Carulla,1531095,VINO BLANCO SAUVIGNON RESERVA,95,LICORES Y CIGARRILLOS,821,VINO BLANCOS MESA,19653,SIETE SOLES MARCA EXCLUSIVA,MARCA EXCLUSIVA                                   ,Insuperables Marca Propia
Gran Consumo,Carulla,1531595,Shampoo Coco Y Leche,96,CUIDADO CAPILAR Y ACCESORIOS,1310,SHAMPOO 1 EN 1,36839,ALGABO MARCA EXCLUSIVA,MARCA EXCLUSIVA                                   ,Insuperables Marca Propia
Gran Consumo,Carulla,1531596,Shampoo Manzanilla y Magnolia,96,CUIDADO CAPILAR Y ACCESORIOS,1310,SHAMPOO 1 EN 1,36839,ALGABO MARCA EXCLUSIVA,MARCA EXCLUSIVA                                   ,Insuperables Marca Propia
Gran Consumo,Carulla,1531597,Shampoo Aguacate Y Argán,96,CUIDADO CAPILAR Y ACCESORIOS,1310,SHAMPOO 1 EN 1,36839,ALGABO MARCA EXCLUSIVA,MARCA EXCLUSIVA                                   ,Insuperables Marca Propia
Gran Consumo,Carulla,1570514,Cerveza x 6 Costeña,95,LICORES Y CIGARRILLOS,410,CERVEZAS NACIONALES,1437,COSTENA,MARCA NACIONAL                                    ,Insuperables Marca Propia
Gran Consumo,Carulla,1570515,Cerveza Lata,95,LICORES Y CIGARRILLOS,410,CERVEZAS NACIONALES,1437,COSTENA,MARCA NACIONAL                                    ,Insuperables Marca Propia
Gran Consumo,Carulla,1602696,Cepillo Dental 3 Unidades,98,CUIDADO ORAL Y AFEITADA,1010,CEPILLO DENTAL ADULTOS,24674,AMPM PLUS,MARCA PROPIA                                      ,Insuperables Marca Propia
Gran Consumo,Carulla,1603306,VINO LAMBRUSCO BLANCO,95,LICORES Y CIGARRILLOS,845,VINO ESPUMOSO Y CHAMPANA,29709,LA PIUMA MARCA EXCLUSIVA,MARCA EXCLUSIVA                                   ,Insuperables Marca Propia
Gran Consumo,Carulla,1603307,Vino Lambrusco Tinto,95,LICORES Y CIGARRILLOS,845,VINO ESPUMOSO Y CHAMPANA,29709,LA PIUMA MARCA EXCLUSIVA,MARCA EXCLUSIVA                                   ,Insuperables Marca Propia
Gran Consumo,Carulla,1652269,JABON AVENA CON GLICERINA 3UNS,406,CUIDADO CORPORAL,1221,JABON ANTIBACTERIALES/MEDICADO,24674,AMPM PLUS,MARCA PROPIA                                      ,Insuperables Marca Propia
Gran Consumo,Carulla,1678676,Canela Molida,402,SALSAS Y CONDIMENTOS,5810,CONDIMENTOS NATURALES GRANO,17798,FRESCAMPO,MARCA PROPIA                                      ,Insuperables Marca Propia
Gran Consumo,Carulla,1678677,PIMIENTA MOLIDA,402,SALSAS Y CONDIMENTOS,5810,CONDIMENTOS NATURALES GRANO,17798,FRESCAMPO,MARCA PROPIA                                      ,Insuperables Marca Propia
Gran Consumo,Carulla,1678679,Ajo Molida,402,SALSAS Y CONDIMENTOS,5810,CONDIMENTOS NATURALES GRANO,17798,FRESCAMPO,MARCA PROPIA                                      ,Insuperables Marca Propia
Gran Consumo,Carulla,1705880,DETERGENTE EN POLVO FLORAL,97,CUIDADO ROPA,1021,DETERGENTES CONVENCIONALES,80000,EKONO,MARCA PROPIA                                      ,Insuperables Marca Propia
Gran Consumo,Carulla,1705882,DETERGENTE EN POLVO FLORAL,97,CUIDADO ROPA,1021,DETERGENTES CONVENCIONALES,80000,EKONO,MARCA PROPIA                                      ,Insuperables Marca Propia
Gran Consumo,Carulla,1705937,DETERGENTE EN POLVO LIMON,97,CUIDADO ROPA,1021,DETERGENTES CONVENCIONALES,80000,EKONO,MARCA PROPIA                                      ,Insuperables Marca Propia
Gran Consumo,Carulla,1705986,DETERGENTE EN POLVO LIMON,97,CUIDADO ROPA,1021,DETERGENTES CONVENCIONALES,80000,EKONO,MARCA PROPIA                                      ,Insuperables Marca Propia
Gran Consumo,Carulla,1737627,Crema Dental Tripleaccion,98,CUIDADO ORAL Y AFEITADA,750,CREMA DENTAL TRIPLE ACCION,24674,AMPM PLUS,MARCA PROPIA                                      ,Insuperables Marca Propia
Gran Consumo,Carulla,1743103,Bebida de almendra sin azúcar,63,BEBIDAS LIQUIDAS NO ALCOHOLICA,8120,FRUTOS,50000,TAEQ,MARCA PROPIA                                      ,Insuperables Marca Propia
Gran Consumo,Carulla,1749646,COLOR,402,SALSAS Y CONDIMENTOS,5810,CONDIMENTOS NATURALES GRANO,17798,FRESCAMPO,MARCA PROPIA                                      ,Insuperables Marca Propia
Gran Consumo,Carulla,1749648,Comino Molido,402,SALSAS Y CONDIMENTOS,5810,CONDIMENTOS NATURALES GRANO,17798,FRESCAMPO,MARCA PROPIA                                      ,Insuperables Marca Propia
Gran Consumo,Carulla,1753280,Limpiapisos Desinfecta Lavanda,405,LIMPIADORES E IMPLEMENTOS ASEO,1910,LIMPIAPISOS AROMAT DESINFEC,24666,T/L/D TODOS LOS DIAS,MARCA PROPIA                                      ,Insuperables Marca Propia
Gran Consumo,Carulla,1753281,Limpiapisos Desinfect Citronel,405,LIMPIADORES E IMPLEMENTOS ASEO,1910,LIMPIAPISOS AROMAT DESINFEC,24666,T/L/D TODOS LOS DIAS,MARCA PROPIA                                      ,Insuperables Marca Propia
Gran Consumo,Carulla,1753282,Limpiapisos Con Bicarbonato,405,LIMPIADORES E IMPLEMENTOS ASEO,1928,LIMPIAPISOS EFICIENTES,24666,T/L/D TODOS LOS DIAS,MARCA PROPIA                                      ,Insuperables Marca Propia
Gran Consumo,Carulla,1757903,Limpiapisos Desinfect Lavanda,405,LIMPIADORES E IMPLEMENTOS ASEO,1910,LIMPIAPISOS AROMAT DESINFEC,24666,T/L/D TODOS LOS DIAS,MARCA PROPIA                                      ,Insuperables Marca Propia
Gran Consumo,Carulla,1757904,Limpiapisos Desinfec Citronela,405,LIMPIADORES E IMPLEMENTOS ASEO,1910,LIMPIAPISOS AROMAT DESINFEC,24666,T/L/D TODOS LOS DIAS,MARCA PROPIA                                      ,Insuperables Marca Propia
Gran Consumo,Carulla,1757905,Limpiapisos Desinfec Bicarbona,405,LIMPIADORES E IMPLEMENTOS ASEO,1928,LIMPIAPISOS EFICIENTES,24666,T/L/D TODOS LOS DIAS,MARCA PROPIA                                      ,Insuperables Marca Propia
Gran Consumo,Carulla,1773369,CREMA HUMECTANTE ALMENDRAS,406,CUIDADO CORPORAL,1310,CREMAS HUMECTANTES,24674,AMPM PLUS,MARCA PROPIA                                      ,Insuperables Marca Propia
Gran Consumo,Carulla,1773371,CREMA HUMECTANTE AVENA,406,CUIDADO CORPORAL,1310,CREMAS HUMECTANTES,24674,AMPM PLUS,MARCA PROPIA                                      ,Insuperables Marca Propia
Gran Consumo,Carulla,1773372,CREMA HUMECTANTE BEBE,406,CUIDADO CORPORAL,1350,CREMAS HUMECTANTES BEBE,24674,AMPM PLUS,MARCA PROPIA                                      ,Insuperables Marca Propia
Gran Consumo,Carulla,1804224,Detergente En Polvo Floral,97,CUIDADO ROPA,1021,DETERGENTES CONVENCIONALES,36937,CARULLA,MARCA PROPIA                                      ,Insuperables Marca Propia
Gran Consumo,Carulla,1804225,Detergente En Polvo Limon,97,CUIDADO ROPA,1021,DETERGENTES CONVENCIONALES,36937,CARULLA,MARCA PROPIA                                      ,Insuperables Marca Propia
Gran Consumo,Carulla,251334,Cafe Instantaneo Pulverizado,92,BEBIDAS CALIENT/Y ALMT.NATURIS,5620,CAFE INSTANTANEO,20000,EXITO MARCA PROPIA,MARCA PROPIA                                      ,Insuperables Marca Propia
Gran Consumo,Carulla,253898,Cafe Instantaneo Granulado,92,BEBIDAS CALIENT/Y ALMT.NATURIS,5620,CAFE INSTANTANEO,20000,EXITO MARCA PROPIA,MARCA PROPIA                                      ,Insuperables Marca Propia
Gran Consumo,Carulla,258027,Cafe Molido,92,BEBIDAS CALIENT/Y ALMT.NATURIS,5610,CAFE MOLIDO,80000,EKONO,MARCA PROPIA                                      ,Insuperables Marca Propia
Gran Consumo,Carulla,289831,Toalla Higienica Delgada,67,PAPELES Y ABSORBENTES,7020,TOALLAS HIGIENICAS,80000,EKONO,MARCA PROPIA                                      ,Insuperables Marca Propia
Gran Consumo,Carulla,3002592,BLANQUEADOR FLORAL,405,LIMPIADORES E IMPLEMENTOS ASEO,820,BLANQUEADOR CON FRAGANCIA,24666,T/L/D TODOS LOS DIAS,MARCA PROPIA                                      ,Insuperables Marca Propia
Gran Consumo,Carulla,3002604,BLANQUEADOR LIMON,405,LIMPIADORES E IMPLEMENTOS ASEO,820,BLANQUEADOR CON FRAGANCIA,24666,T/L/D TODOS LOS DIAS,MARCA PROPIA                                      ,Insuperables Marca Propia
Gran Consumo,Carulla,3002606,BLANQUEDOR MANZANA,405,LIMPIADORES E IMPLEMENTOS ASEO,820,BLANQUEADOR CON FRAGANCIA,24666,T/L/D TODOS LOS DIAS,MARCA PROPIA                                      ,Insuperables Marca Propia
Gran Consumo,Carulla,3003158,SHAMPOO TODO CABELLO,96,CUIDADO CAPILAR Y ACCESORIOS,1310,SHAMPOO 1 EN 1,24674,AMPM PLUS,MARCA PROPIA                                      ,Insuperables Marca Propia
Gran Consumo,Carulla,3004110,PAÑAL TALLA M,67,PAPELES Y ABSORBENTES,9030,PANALES VALUE,80000,EKONO,MARCA PROPIA                                      ,Insuperables Marca Propia
Gran Consumo,Carulla,3004111,Pañal Talla G,67,PAPELES Y ABSORBENTES,9030,PANALES VALUE,80000,EKONO,MARCA PROPIA                                      ,Insuperables Marca Propia
Gran Consumo,Carulla,3004112,PAÑAL TALLA XG,67,PAPELES Y ABSORBENTES,9030,PANALES VALUE,80000,EKONO,MARCA PROPIA                                      ,Insuperables Marca Propia
Gran Consumo,Carulla,3006840,Blanqueador Floral,405,LIMPIADORES E IMPLEMENTOS ASEO,820,BLANQUEADOR CON FRAGANCIA,36937,CARULLA,MARCA PROPIA                                      ,Insuperables Marca Propia
Gran Consumo,Carulla,3006843,Blanqueador Limón,405,LIMPIADORES E IMPLEMENTOS ASEO,820,BLANQUEADOR CON FRAGANCIA,36937,CARULLA,MARCA PROPIA                                      ,Insuperables Marca Propia
Gran Consumo,Carulla,3007966,Detergente en Polvo Limon,97,CUIDADO ROPA,1021,DETERGENTES CONVENCIONALES,20000,EXITO MARCA PROPIA,MARCA PROPIA                                      ,Insuperables Marca Propia
Gran Consumo,Carulla,3007967,Detergente en Polvo Limon,97,CUIDADO ROPA,1021,DETERGENTES CONVENCIONALES,20000,EXITO MARCA PROPIA,MARCA PROPIA                                      ,Insuperables Marca Propia
Gran Consumo,Carulla,3007969,Detergente en Polvo Floral,97,CUIDADO ROPA,1021,DETERGENTES CONVENCIONALES,20000,EXITO MARCA PROPIA,MARCA PROPIA                                      ,Insuperables Marca Propia
Gran Consumo,Carulla,3007970,Detergente en Polvo Floral,97,CUIDADO ROPA,1021,DETERGENTES CONVENCIONALES,20000,EXITO MARCA PROPIA,MARCA PROPIA                                      ,Insuperables Marca Propia
Gran Consumo,Carulla,3009553,Protectores Diarios Multiestil,67,PAPELES Y ABSORBENTES,6010,PROTEC. DIARIOS MULTIPANTY,80000,EKONO,MARCA PROPIA                                      ,Insuperables Marca Propia
Gran Consumo,Carulla,3014290,Jabón Liquido Avena,406,CUIDADO CORPORAL,1230,JABON LIQUIDOS,80000,EKONO,MARCA PROPIA                                      ,Insuperables Marca Propia
Gran Consumo,Carulla,3014291,Jabón Liquido Manzana,406,CUIDADO CORPORAL,1230,JABON LIQUIDOS,80000,EKONO,MARCA PROPIA                                      ,Insuperables Marca Propia
Gran Consumo,Carulla,3015859,Detergente Liquido Floral,97,CUIDADO ROPA,1011,DETERGENTES LIQUIDOS,20000,EXITO MARCA PROPIA,MARCA PROPIA                                      ,Insuperables Marca Propia
Gran Consumo,Carulla,3023705,Blanqueador sin fragancia,405,LIMPIADORES E IMPLEMENTOS ASEO,830,BLANQUEADOR SIN FRAGANCIA,80000,EKONO,MARCA PROPIA                                      ,Insuperables Marca Propia
Gran Consumo,Carulla,3026524,Protectores Diarios Multiestil,67,PAPELES Y ABSORBENTES,6010,PROTEC. DIARIOS MULTIPANTY,80000,EKONO,MARCA PROPIA                                      ,Insuperables Marca Propia
Gran Consumo,Carulla,3039180,Jabon Liquido Manzana,406,CUIDADO CORPORAL,1230,JABON LIQUIDOS,80000,EKONO,MARCA PROPIA                                      ,Insuperables Marca Propia
Gran Consumo,Carulla,3039181,Jabon Liquido Avena,406,CUIDADO CORPORAL,1230,JABON LIQUIDOS,80000,EKONO,MARCA PROPIA                                      ,Insuperables Marca Propia
Gran Consumo,Carulla,3041841,Vino Tinto Reserva Merlot,95,LICORES Y CIGARRILLOS,811,VINO TINTOS MESA,19653,SIETE SOLES MARCA EXCLUSIVA,MARCA EXCLUSIVA                                   ,Insuperables Marca Propia
Gran Consumo,Carulla,3041842,Vino Tinto Reserva Carmenere,95,LICORES Y CIGARRILLOS,811,VINO TINTOS MESA,19653,SIETE SOLES MARCA EXCLUSIVA,MARCA EXCLUSIVA                                   ,Insuperables Marca Propia
Gran Consumo,Carulla,3041843,Vino Reserva Rosado,95,LICORES Y CIGARRILLOS,832,VINO ROSADOS MESA,19653,SIETE SOLES MARCA EXCLUSIVA,MARCA EXCLUSIVA                                   ,Insuperables Marca Propia
Gran Consumo,Carulla,3046977,Lavaloza Liquido Limon,405,LIMPIADORES E IMPLEMENTOS ASEO,4520,LAVALOZAS LIQUIDOS,80000,EKONO,MARCA PROPIA                                      ,Insuperables Marca Propia
Gran Consumo,Carulla,3054276,Frijol Cargamanto Blanco,90,GRANOS,2020,FRIJOL CARGAMANTO,80000,EKONO,MARCA PROPIA                                      ,Insuperables Marca Propia
Gran Consumo,Carulla,3054283,Frijol Sabanero Rojo,90,GRANOS,2030,FRIJOL SABANERO,80000,EKONO,MARCA PROPIA                                      ,Insuperables Marca Propia
Gran Consumo,Carulla,3058697,Bebi De Almend Original,63,BEBIDAS LIQUIDAS NO ALCOHOLICA,8120,FRUTOS,50000,TAEQ,MARCA PROPIA                                      ,Insuperables Marca Propia
Gran Consumo,Carulla,3059933,Detergente Liquido Floral,97,CUIDADO ROPA,1011,DETERGENTES LIQUIDOS,36937,CARULLA,MARCA PROPIA                                      ,Insuperables Marca Propia
Gran Consumo,Carulla,3060050,Detergente Liquido Floral,97,CUIDADO ROPA,1011,DETERGENTES LIQUIDOS,24666,T/L/D TODOS LOS DIAS,MARCA PROPIA                                      ,Insuperables Marca Propia
Gran Consumo,Carulla,308510,Mostaza,402,SALSAS Y CONDIMENTOS,5411,MOSTAZAS NORMALES,80000,EKONO,MARCA PROPIA                                      ,Insuperables Marca Propia
Gran Consumo,Carulla,3101013,Bolsa Basura 43x48 Papelera,404,DESECHABLES Y AEROSOLES,5010,BOLSA BASURA PAPELERA,80000,EKONO,MARCA PROPIA                                      ,Insuperables Marca Propia
Gran Consumo,Carulla,3111952,Detergente Bicarbonato/Vinagre,97,CUIDADO ROPA,1021,DETERGENTES CONVENCIONALES,24666,T/L/D TODOS LOS DIAS,MARCA PROPIA                                      ,Insuperables Marca Propia
Gran Consumo,Carulla,3111954,Detergente Bicarbonato/Vinagre,97,CUIDADO ROPA,1021,DETERGENTES CONVENCIONALES,36937,CARULLA,MARCA PROPIA                                      ,Insuperables Marca Propia
Gran Consumo,Carulla,3136901,Lavaloza Crema,405,LIMPIADORES E IMPLEMENTOS ASEO,4510,LAVALOZA CREMAS/GEL,80000,EKONO,MARCA PROPIA                                      ,Insuperables Marca Propia
Gran Consumo,Carulla,3181319,Jabon en barra azul x 3 und,97,CUIDADO ROPA,930,JABON DE LAVAR LIMPIEZA BASICA,80000,EKONO,MARCA PROPIA                                      ,Insuperables Marca Propia
Gran Consumo,Carulla,3188259,Vino Blanco,95,LICORES Y CIGARRILLOS,821,VINO BLANCOS MESA,23535,CRUZARES MARCA EXCLUSIVA,MARCA EXCLUSIVA                                   ,Insuperables Marca Propia
Gran Consumo,Carulla,3188260,Vino tinto,95,LICORES Y CIGARRILLOS,811,VINO TINTOS MESA,23535,CRUZARES MARCA EXCLUSIVA,MARCA EXCLUSIVA                                   ,Insuperables Marca Propia
Gran Consumo,Carulla,3191553,Papel Higiénico x12 Rollos,67,PAPELES Y ABSORBENTES,8020,PAPEL HIGIENICO RENDIDOR,36937,CARULLA,MARCA PROPIA                                      ,Insuperables Marca Propia
Gran Consumo,Carulla,3197410,Vino Lambrusco Rosado,95,LICORES Y CIGARRILLOS,845,VINO ESPUMOSO Y CHAMPANA,29709,LA PIUMA MARCA EXCLUSIVA,MARCA EXCLUSIVA                                   ,Insuperables Marca Propia
Gran Consumo,Carulla,3208370,Jabon Liq Espum Bamboo Forest,406,CUIDADO CORPORAL,1230,JABON LIQUIDOS,14401,PERSONAL CHOICE MARCA EXCLUSIV,MARCA EXCLUSIVA                                   ,Insuperables Marca Propia
Gran Consumo,Carulla,3211605,Aceite de Coco Organico,403,ACEITES COMESTIBLES,7840,OTROS ACEITES,50000,TAEQ,MARCA PROPIA                                      ,Insuperables Marca Propia
Gran Consumo,Carulla,3226878,Almendra Natural,59,PASABOCAS,5620,OTROS DE REPOSTERIA,17798,FRESCAMPO,MARCA PROPIA                                      ,Insuperables Marca Propia
Gran Consumo,Carulla,3250382,Harina de Maiz Precocida Amar,93,GALLETAS Y HARINAS,4525,HARINA PRECOCIDA MAIZ,17798,FRESCAMPO,MARCA PROPIA                                      ,Insuperables Marca Propia
Gran Consumo,Carulla,3250386,Harina de Maiz Precocida Blan,93,GALLETAS Y HARINAS,4525,HARINA PRECOCIDA MAIZ,17798,FRESCAMPO,MARCA PROPIA                                      ,Insuperables Marca Propia
Gran Consumo,Carulla,3254338,Caldo De Gallina 12 Cubos,402,SALSAS Y CONDIMENTOS,6610,CALDOS GALLINA,80000,EKONO,MARCA PROPIA                                      ,Insuperables Marca Propia
Gran Consumo,Carulla,3254342,Caldo De Gallina 8 Cubos,402,SALSAS Y CONDIMENTOS,6610,CALDOS GALLINA,80000,EKONO,MARCA PROPIA                                      ,Insuperables Marca Propia
Gran Consumo,Carulla,3254344,Caldo De Costilla 8 Cubos,402,SALSAS Y CONDIMENTOS,6620,CALDOS OTROS,17798,FRESCAMPO,MARCA PROPIA                                      ,Insuperables Marca Propia
Gran Consumo,Carulla,3254345,Caldo De Costilla 12 Cubos,402,SALSAS Y CONDIMENTOS,6620,CALDOS OTROS,17798,FRESCAMPO,MARCA PROPIA                                      ,Insuperables Marca Propia
Gran Consumo,Carulla,3257072,Aceite Vegetal,403,ACEITES COMESTIBLES,7820,ACEITES MEZCLAS,17798,FRESCAMPO,MARCA PROPIA                                      ,Insuperables Marca Propia
Gran Consumo,Carulla,3257073,Aceite Vegetal,403,ACEITES COMESTIBLES,7820,ACEITES MEZCLAS,17798,FRESCAMPO,MARCA PROPIA                                      ,Insuperables Marca Propia
Gran Consumo,Carulla,3259113,Atun Lomo Agua,94,ENLATADOS,2110,ATUNES EN AGUA,20000,EXITO MARCA PROPIA,MARCA PROPIA                                      ,Insuperables Marca Propia
Gran Consumo,Carulla,3259114,Atun Lomo Agua,94,ENLATADOS,2110,ATUNES EN AGUA,36937,CARULLA,MARCA PROPIA                                      ,Insuperables Marca Propia
Gran Consumo,Carulla,3260266,Durazno en Almibar,94,ENLATADOS,7260,DURAZNOS/MELOCOTON CONSERVA,17798,FRESCAMPO,MARCA PROPIA                                      ,Insuperables Marca Propia
Gran Consumo,Carulla,3264842,Papel Higienico Premium 3HX12,67,PAPELES Y ABSORBENTES,8010,PAPEL HIGIENICO PREMIUM,20000,EXITO MARCA PROPIA,MARCA PROPIA                                      ,Insuperables Marca Propia
Gran Consumo,Carulla,3264843,Papel Higienico Premium 3HX12,67,PAPELES Y ABSORBENTES,8010,PAPEL HIGIENICO PREMIUM,36937,CARULLA,MARCA PROPIA                                      ,Insuperables Marca Propia
Gran Consumo,Carulla,3264845,Papel Higienico Premium 3HX12,67,PAPELES Y ABSORBENTES,8010,PAPEL HIGIENICO PREMIUM,24666,T/L/D TODOS LOS DIAS,MARCA PROPIA                                      ,Insuperables Marca Propia
Gran Consumo,Carulla,3276481,Atun Lomo Aceite,94,ENLATADOS,2120,ATUNES EN ACEITE,20000,EXITO MARCA PROPIA,MARCA PROPIA                                      ,Insuperables Marca Propia
Gran Consumo,Carulla,3276485,Atun Lomo Aceite,94,ENLATADOS,2120,ATUNES EN ACEITE,36937,CARULLA,MARCA PROPIA                                      ,Insuperables Marca Propia
Gran Consumo,Carulla,3277050,Tostada Blanca,81,PANADERIA INUSTRI.Y REPOSTERIA,1970,TOSTADAS,80000,EKONO,MARCA PROPIA                                      ,Insuperables Marca Propia
Gran Consumo,Carulla,3280457,Queso Parmesano,83,DERIVADOS LACTEOS,2570,RALLADOS,20000,EXITO MARCA PROPIA,MARCA PROPIA                                      ,Insuperables Marca Propia
Gran Consumo,Carulla,3283975,Arena para gatos,401,MASCOTAS,1435,ARENAS Y TAPETES,33444,PUK?,MARCA PROPIA                                      ,Insuperables Marca Propia
Gran Consumo,Carulla,3287802,Atún Rallado Aceite,94,ENLATADOS,2140,DESMENUZADO,80000,EKONO,MARCA PROPIA                                      ,Insuperables Marca Propia
Gran Consumo,Carulla,3295502,Galletas Wafer Vainilla,93,GALLETAS Y HARINAS,1621,GALLETAS WAFER,20000,EXITO MARCA PROPIA,MARCA PROPIA                                      ,Insuperables Marca Propia
Gran Consumo,Carulla,3295503,Galletas Wafer Chocolate,93,GALLETAS Y HARINAS,1621,GALLETAS WAFER,20000,EXITO MARCA PROPIA,MARCA PROPIA                                      ,Insuperables Marca Propia
Gran Consumo,Carulla,3295559,Galletas Cremadas Vainilla,93,GALLETAS Y HARINAS,1631,GALLETAS CREMADAS,20000,EXITO MARCA PROPIA,MARCA PROPIA                                      ,Insuperables Marca Propia
Gran Consumo,Carulla,3295560,Galletas Cremadas Chocolate,93,GALLETAS Y HARINAS,1631,GALLETAS CREMADAS,20000,EXITO MARCA PROPIA,MARCA PROPIA                                      ,Insuperables Marca Propia
Gran Consumo,Carulla,3295561,Galletas Cremadas Fresa,93,GALLETAS Y HARINAS,1631,GALLETAS CREMADAS,20000,EXITO MARCA PROPIA,MARCA PROPIA                                      ,Insuperables Marca Propia
Gran Consumo,Carulla,3298214,Queso Parmesano,83,DERIVADOS LACTEOS,2570,RALLADOS,36937,CARULLA,MARCA PROPIA                                      ,Insuperables Marca Propia
Gran Consumo,Carulla,3299409,Alimento Perro Adulto,401,MASCOTAS,820,ALIMENTOS PERROS,33444,PUK?,MARCA PROPIA                                      ,Insuperables Marca Propia
Gran Consumo,Carulla,3299410,Alimento Perro Adulto,401,MASCOTAS,820,ALIMENTOS PERROS,33444,PUK?,MARCA PROPIA                                      ,Insuperables Marca Propia
Gran Consumo,Carulla,3299411,Alimento Perro Adulto,401,MASCOTAS,820,ALIMENTOS PERROS,33444,PUK?,MARCA PROPIA                                      ,Insuperables Marca Propia
Gran Consumo,Carulla,3300670,Pan Tajado Blanco,81,PANADERIA INUSTRI.Y REPOSTERIA,1910,PAN TAJADO,80000,EKONO,MARCA PROPIA                                      ,Insuperables Marca Propia
Gran Consumo,Carulla,3310407,Azúcar Blanco Especial,90,GRANOS,7120,AZUCAR BLANCO ESPECIAL,17798,FRESCAMPO,MARCA PROPIA                                      ,Insuperables Marca Propia
Gran Consumo,Carulla,3310410,Azúcar Blanco Especial,90,GRANOS,7120,AZUCAR BLANCO ESPECIAL,20000,EXITO MARCA PROPIA,MARCA PROPIA                                      ,Insuperables Marca Propia
Gran Consumo,Carulla,3310412,Azúcar Morena,90,GRANOS,7130,AZUCAR MORENA,20000,EXITO MARCA PROPIA,MARCA PROPIA                                      ,Insuperables Marca Propia
Gran Consumo,Carulla,3310418,Azúcar Morena,90,GRANOS,7130,AZUCAR MORENA,17798,FRESCAMPO,MARCA PROPIA                                      ,Insuperables Marca Propia
Gran Consumo,Carulla,3318957,Salsa BBQ,402,SALSAS Y CONDIMENTOS,3525,SALSAS BBQ,20000,EXITO MARCA PROPIA,MARCA PROPIA                                      ,Insuperables Marca Propia
Gran Consumo,Carulla,3320441,Lomo de Atún en Aceite Tripack,94,ENLATADOS,2120,ATUNES EN ACEITE,20000,EXITO MARCA PROPIA,MARCA PROPIA                                      ,Insuperables Marca Propia
Gran Consumo,Carulla,3322065,Pan Súper Perro con Ajonjolí,81,PANADERIA INUSTRI.Y REPOSTERIA,1920,PAN PERRO,20000,EXITO MARCA PROPIA,MARCA PROPIA                                      ,Insuperables Marca Propia
Gran Consumo,Carulla,3325409,Shampoo de Bebé,96,CUIDADO CAPILAR Y ACCESORIOS,1340,SHAMPOO BEBES NINOS,14401,PERSONAL CHOICE MARCA EXCLUSIV,MARCA EXCLUSIVA                                   ,Insuperables Marca Propia
Gran Consumo,Carulla,3326788,Leche Semid Deslact UHT Paquet,83,DERIVADOS LACTEOS,1385,LECHE LIQUIDA UHT BOLSA,20000,EXITO MARCA PROPIA,MARCA PROPIA                                      ,Insuperables Marca Propia
Gran Consumo,Carulla,3326790,Leche Semid Deslact UHT,83,DERIVADOS LACTEOS,1385,LECHE LIQUIDA UHT BOLSA,20000,EXITO MARCA PROPIA,MARCA PROPIA                                      ,Insuperables Marca Propia
Gran Consumo,Carulla,3326792,Leche Entera UHT,83,DERIVADOS LACTEOS,1385,LECHE LIQUIDA UHT BOLSA,20000,EXITO MARCA PROPIA,MARCA PROPIA                                      ,Insuperables Marca Propia
Gran Consumo,Carulla,3326794,Leche Entera UHT Paquete,83,DERIVADOS LACTEOS,1385,LECHE LIQUIDA UHT BOLSA,20000,EXITO MARCA PROPIA,MARCA PROPIA                                      ,Insuperables Marca Propia
Gran Consumo,Carulla,3326796,Leche Entera UHT Max,83,DERIVADOS LACTEOS,1385,LECHE LIQUIDA UHT BOLSA,20000,EXITO MARCA PROPIA,MARCA PROPIA                                      ,Insuperables Marca Propia
Gran Consumo,Carulla,3326797,Leche Semid Deslact UHT,83,DERIVADOS LACTEOS,1385,LECHE LIQUIDA UHT BOLSA,17798,FRESCAMPO,MARCA PROPIA                                      ,Insuperables Marca Propia
Gran Consumo,Carulla,3326798,Leche Semid Deslact UHT Paquet,83,DERIVADOS LACTEOS,1385,LECHE LIQUIDA UHT BOLSA,17798,FRESCAMPO,MARCA PROPIA                                      ,Insuperables Marca Propia
Gran Consumo,Carulla,3326799,Leche Entera UHT,83,DERIVADOS LACTEOS,1385,LECHE LIQUIDA UHT BOLSA,17798,FRESCAMPO,MARCA PROPIA                                      ,Insuperables Marca Propia
Gran Consumo,Carulla,3326800,Leche Entera UHT Paquete Max,83,DERIVADOS LACTEOS,1385,LECHE LIQUIDA UHT BOLSA,20000,EXITO MARCA PROPIA,MARCA PROPIA                                      ,Insuperables Marca Propia
Gran Consumo,Carulla,3326801,Leche Entera UHT Paquete,83,DERIVADOS LACTEOS,1385,LECHE LIQUIDA UHT BOLSA,17798,FRESCAMPO,MARCA PROPIA                                      ,Insuperables Marca Propia
Gran Consumo,Carulla,3327580,Crema Cocoa & Karite,406,CUIDADO CORPORAL,1310,CREMAS HUMECTANTES,14401,PERSONAL CHOICE MARCA EXCLUSIV,MARCA EXCLUSIVA                                   ,Insuperables Marca Propia
Gran Consumo,Carulla,3327581,Crema Aloe Vera,406,CUIDADO CORPORAL,1310,CREMAS HUMECTANTES,14401,PERSONAL CHOICE MARCA EXCLUSIV,MARCA EXCLUSIVA                                   ,Insuperables Marca Propia
Gran Consumo,Carulla,3327582,Crema Almendras,406,CUIDADO CORPORAL,1310,CREMAS HUMECTANTES,14401,PERSONAL CHOICE MARCA EXCLUSIV,MARCA EXCLUSIVA                                   ,Insuperables Marca Propia
Gran Consumo,Carulla,3327584,Crema Para Bebé,406,CUIDADO CORPORAL,1350,CREMAS HUMECTANTES BEBE,14401,PERSONAL CHOICE MARCA EXCLUSIV,MARCA EXCLUSIVA                                   ,Insuperables Marca Propia
Gran Consumo,Carulla,3330627,Aceite De Oliva Virgen Extra,403,ACEITES COMESTIBLES,7815,ACEITE OLIVA,17798,FRESCAMPO,MARCA PROPIA                                      ,Insuperables Marca Propia
Gran Consumo,Carulla,3330630,Aceite de Oliva Extra Virgen,403,ACEITES COMESTIBLES,7815,ACEITE OLIVA,20000,EXITO MARCA PROPIA,MARCA PROPIA                                      ,Insuperables Marca Propia
Gran Consumo,Carulla,3331366,Bocadillo Dulce En Hoja De Bij,402,SALSAS Y CONDIMENTOS,6760,BOCADILLOS,17798,FRESCAMPO,MARCA PROPIA                                      ,Insuperables Marca Propia
Gran Consumo,Carulla,3331394,Queso Tipo Sanduche,83,DERIVADOS LACTEOS,2575,MOZARELLA/DOBLECREMA,17798,FRESCAMPO,MARCA PROPIA                                      ,Insuperables Marca Propia
Gran Consumo,Carulla,3333297,Shampoo Acai Y Romero,96,CUIDADO CAPILAR Y ACCESORIOS,1310,SHAMPOO 1 EN 1,36839,ALGABO MARCA EXCLUSIVA,MARCA EXCLUSIVA                                   ,Insuperables Marca Propia
Gran Consumo,Carulla,3333758,Crema Corporal Lubricante,406,CUIDADO CORPORAL,1310,CREMAS HUMECTANTES,14401,PERSONAL CHOICE MARCA EXCLUSIV,MARCA EXCLUSIVA                                   ,Insuperables Marca Propia
Gran Consumo,Carulla,3336532,Maicitos Dulces Enlatados,94,ENLATADOS,1525,MAICES CONSERVA,17798,FRESCAMPO,MARCA PROPIA                                      ,Insuperables Marca Propia
Gran Consumo,Carulla,3343468,Lavaloza Ekono Limon,405,LIMPIADORES E IMPLEMENTOS ASEO,4510,LAVALOZA CREMAS/GEL,80000,EKONO,MARCA PROPIA                                      ,Insuperables Marca Propia
Gran Consumo,Carulla,3344695,Granola,93,GALLETAS Y HARINAS,4410,GRANOLAS,80000,EKONO,MARCA PROPIA                                      ,Insuperables Marca Propia
Gran Consumo,Carulla,3344697,Granola Coco,93,GALLETAS Y HARINAS,4410,GRANOLAS,20000,EXITO MARCA PROPIA,MARCA PROPIA                                      ,Insuperables Marca Propia
Gran Consumo,Carulla,3354234,Esparcible,83,DERIVADOS LACTEOS,2041,MARGARINA O ESPARCIBLE DE MESA,80000,EKONO,MARCA PROPIA                                      ,Insuperables Marca Propia
Gran Consumo,Carulla,3355096,Aceite de Girasol,403,ACEITES COMESTIBLES,7825,ACEITE GIRASOL,20000,EXITO MARCA PROPIA,MARCA PROPIA                                      ,Insuperables Marca Propia
Gran Consumo,Carulla,3355098,Aceite de Girasol,403,ACEITES COMESTIBLES,7825,ACEITE GIRASOL,36937,CARULLA,MARCA PROPIA                                      ,Insuperables Marca Propia
Gran Consumo,Carulla,3355100,Aceite de Girasol,403,ACEITES COMESTIBLES,7825,ACEITE GIRASOL,17798,FRESCAMPO,MARCA PROPIA                                      ,Insuperables Marca Propia
Gran Consumo,Carulla,3373213,Torta Negra Lonchera,81,PANADERIA INUSTRI.Y REPOSTERIA,5536,TAJADAS SIN CUBIERTA,80000,EKONO,MARCA PROPIA                                      ,Insuperables Marca Propia
Gran Consumo,Carulla,3382405,Papel Higienico 4 Rollos,67,PAPELES Y ABSORBENTES,8020,PAPEL HIGIENICO RENDIDOR,24666,T/L/D TODOS LOS DIAS,MARCA PROPIA                                      ,Insuperables Marca Propia
Gran Consumo,Carulla,3397990,Azucar Blanco,90,GRANOS,7120,AZUCAR BLANCO ESPECIAL,36937,CARULLA,MARCA PROPIA                                      ,Insuperables Marca Propia
Gran Consumo,Carulla,3400652,Aceite de Girasol,403,ACEITES COMESTIBLES,7825,ACEITE GIRASOL,36937,CARULLA,MARCA PROPIA                                      ,Insuperables Marca Propia
Gran Consumo,Carulla,3400653,Aceite de Girasol,403,ACEITES COMESTIBLES,7825,ACEITE GIRASOL,17798,FRESCAMPO,MARCA PROPIA                                      ,Insuperables Marca Propia
Gran Consumo,Carulla,3403501,Suavizante Aroma Floral,97,CUIDADO ROPA,1210,SUAVIZANTES REGULAR,36937,CARULLA,MARCA PROPIA                                      ,Insuperables Marca Propia
Gran Consumo,Carulla,3403502,Suavizante Aroma Floral,97,CUIDADO ROPA,1210,SUAVIZANTES REGULAR,24666,T/L/D TODOS LOS DIAS,MARCA PROPIA                                      ,Insuperables Marca Propia
Gran Consumo,Carulla,3403530,Suavizante Aroma Floral,97,CUIDADO ROPA,1210,SUAVIZANTES REGULAR,36937,CARULLA,MARCA PROPIA                                      ,Insuperables Marca Propia
Gran Consumo,Carulla,3403551,Suavizante Aroma Floral,97,CUIDADO ROPA,1210,SUAVIZANTES REGULAR,20000,EXITO MARCA PROPIA,MARCA PROPIA                                      ,Insuperables Marca Propia
Gran Consumo,Carulla,3403552,Suavizante Aroma Floral,97,CUIDADO ROPA,1210,SUAVIZANTES REGULAR,20000,EXITO MARCA PROPIA,MARCA PROPIA                                      ,Insuperables Marca Propia
Gran Consumo,Carulla,3403555,Suavizante Aroma Floral,97,CUIDADO ROPA,1210,SUAVIZANTES REGULAR,24666,T/L/D TODOS LOS DIAS,MARCA PROPIA                                      ,Insuperables Marca Propia
Gran Consumo,Carulla,3436274,Aceite De Aguacate,403,ACEITES COMESTIBLES,7840,OTROS ACEITES,50000,TAEQ,MARCA PROPIA                                      ,Insuperables Marca Propia
Gran Consumo,Carulla,3453139,Galletas Saladas x 3 Tacos,93,GALLETAS Y HARINAS,2021,CRACKERS TRADICIONAL,17798,FRESCAMPO,MARCA PROPIA                                      ,Insuperables Marca Propia
Gran Consumo,Carulla,3454318,Chocolate Clavos Y Canela,92,BEBIDAS CALIENT/Y ALMT.NATURIS,6050,CHOCOLATES ALINADOS DULCE,80000,EKONO,MARCA PROPIA                                      ,Insuperables Marca Propia
Gran Consumo,Carulla,3462328,Bolsa De Basura Blanca,404,DESECHABLES Y AEROSOLES,5030,BOLSA BASURA RESIDENCIAL,80000,EKONO,MARCA PROPIA                                      ,Insuperables Marca Propia
Gran Consumo,Carulla,3462329,Bolsa De Basura Negra,404,DESECHABLES Y AEROSOLES,5030,BOLSA BASURA RESIDENCIAL,80000,EKONO,MARCA PROPIA                                      ,Insuperables Marca Propia
Gran Consumo,Carulla,3462330,Bolsa De Basura Verde,404,DESECHABLES Y AEROSOLES,5030,BOLSA BASURA RESIDENCIAL,80000,EKONO,MARCA PROPIA                                      ,Insuperables Marca Propia
Gran Consumo,Carulla,3475406,Arepa Tela,83,DERIVADOS LACTEOS,4080,AREPAS BLANCAS,80000,EKONO,MARCA PROPIA                                      ,Insuperables Marca Propia
Gran Consumo,Carulla,3479458,Queso Mozzarella Tajado,83,DERIVADOS LACTEOS,2575,MOZARELLA/DOBLECREMA,20000,EXITO MARCA PROPIA,MARCA PROPIA                                      ,Insuperables Marca Propia
Gran Consumo,Carulla,3491790,Detergente Liquido Floral,97,CUIDADO ROPA,1011,DETERGENTES LIQUIDOS,20000,EXITO MARCA PROPIA,MARCA PROPIA                                      ,Insuperables Marca Propia
Gran Consumo,Carulla,3507566,Galletas Saladas,93,GALLETAS Y HARINAS,2021,CRACKERS TRADICIONAL,17798,FRESCAMPO,MARCA PROPIA                                      ,Insuperables Marca Propia
Gran Consumo,Carulla,3511293,Detergente liquido floral,97,CUIDADO ROPA,1011,DETERGENTES LIQUIDOS,36937,CARULLA,MARCA PROPIA                                      ,Insuperables Marca Propia
Gran Consumo,Carulla,3511294,Detergente liquido floral,97,CUIDADO ROPA,1011,DETERGENTES LIQUIDOS,24666,T/L/D TODOS LOS DIAS,MARCA PROPIA                                      ,Insuperables Marca Propia
Gran Consumo,Carulla,3518647,Papel Higiénico X 12 Rollos,67,PAPELES Y ABSORBENTES,8020,PAPEL HIGIENICO RENDIDOR,20000,EXITO MARCA PROPIA,MARCA PROPIA                                      ,Insuperables Marca Propia
Gran Consumo,Carulla,3519268,Jabón Antibacterial Avena,406,CUIDADO CORPORAL,1221,JABON ANTIBACTERIALES/MEDICADO,20000,EXITO MARCA PROPIA,MARCA PROPIA                                      ,Insuperables Marca Propia
Gran Consumo,Carulla,403042,Agua Sin Gas,63,BEBIDAS LIQUIDAS NO ALCOHOLICA,6710,AGUA NORMAL,20000,EXITO MARCA PROPIA,MARCA PROPIA                                      ,Insuperables Marca Propia
Gran Consumo,Carulla,405927,PAPEL HIG BLANCO TRIPLE HOJA,67,PAPELES Y ABSORBENTES,8020,PAPEL HIGIENICO RENDIDOR,20000,EXITO MARCA PROPIA,MARCA PROPIA                                      ,Insuperables Marca Propia
Gran Consumo,Carulla,425724,&SERVILLETA DOBLADA,67,PAPELES Y ABSORBENTES,7510,SERVILLETAS NORMALES,36937,CARULLA,MARCA PROPIA                                      ,Insuperables Marca Propia
Gran Consumo,Carulla,426831,GUANTES DOMESTICOS TALLA 8,405,LIMPIADORES E IMPLEMENTOS ASEO,5811,GUANTES DOMESTICOS,80000,EKONO,MARCA PROPIA                                      ,Insuperables Marca Propia
Gran Consumo,Carulla,429306,Esponja Doble Uso 2Pack,405,LIMPIADORES E IMPLEMENTOS ASEO,4450,ESPUMAS Y PLASTICAS,80000,EKONO,MARCA PROPIA                                      ,Insuperables Marca Propia
Gran Consumo,Carulla,438331,Cafe Molido,92,BEBIDAS CALIENT/Y ALMT.NATURIS,5610,CAFE MOLIDO,80000,EKONO,MARCA PROPIA                                      ,Insuperables Marca Propia
Gran Consumo,Carulla,489509,Servilleta Blanca De Lujo,67,PAPELES Y ABSORBENTES,7520,SERVILLETAS LUJO,36937,CARULLA,MARCA PROPIA                                      ,Insuperables Marca Propia
Gran Consumo,Carulla,580153,PAPEL HIGIENICO,67,PAPELES Y ABSORBENTES,8020,PAPEL HIGIENICO RENDIDOR,20000,EXITO MARCA PROPIA,MARCA PROPIA                                      ,Insuperables Marca Propia
Gran Consumo,Carulla,598300,Toalla Cocina Doble Hoj 1 Roll,67,PAPELES Y ABSORBENTES,2020,TOALLAS COCINA DESECHABLE,80000,EKONO,MARCA PROPIA                                      ,Insuperables Marca Propia
Gran Consumo,Carulla,620120,Toallita Humeda con Aloe Vera,67,PAPELES Y ABSORBENTES,8540,TOALLITAS HUMEDAS BABY OTROS U,14401,PERSONAL CHOICE MARCA EXCLUSIV,MARCA EXCLUSIVA                                   ,Insuperables Marca Propia
Gran Consumo,Carulla,894020,Vino Tinto,95,LICORES Y CIGARRILLOS,811,VINO TINTOS MESA,23535,CRUZARES MARCA EXCLUSIVA,MARCA EXCLUSIVA                                   ,Insuperables Marca Propia
Gran Consumo,Carulla,894119,Vino Rosado,95,LICORES Y CIGARRILLOS,832,VINO ROSADOS MESA,23535,CRUZARES MARCA EXCLUSIVA,MARCA EXCLUSIVA                                   ,Insuperables Marca Propia
Gran Consumo,Carulla,894139,Vino Blanco,95,LICORES Y CIGARRILLOS,821,VINO BLANCOS MESA,23535,CRUZARES MARCA EXCLUSIVA,MARCA EXCLUSIVA                                   ,Insuperables Marca Propia
Gran Consumo,Carulla,3298470,Queso Mozzarella Rallado,83,DERIVADOS LACTEOS,2575,MOZARELLA/DOBLECREMA,17798,FRESCAMPO,MARCA PROPIA                                      ,Insuperables Marca Propia
Gran Consumo,Carulla,3506935,Aceite De Soya,403,ACEITES COMESTIBLES,7840,OTROS ACEITES,17798,FRESCAMPO,MARCA PROPIA                                      ,Insuperables Marca Propia
Gran Consumo,Carulla,3506936,Aceite De Soya,403,ACEITES COMESTIBLES,7840,OTROS ACEITES,17798,FRESCAMPO,MARCA PROPIA                                      ,Insuperables Marca Propia
Gran Consumo,Carulla,3540220,Leche En Polvo Entera,69,MEZCLAS Y BEBIDAS EN POLVO,3210,LECHE EN POLVO ENTERA,17798,FRESCAMPO,MARCA PROPIA                                      ,Insuperables Marca Propia
Gran Consumo,Carulla,3540222,Leche En Polvo Entera,69,MEZCLAS Y BEBIDAS EN POLVO,3210,LECHE EN POLVO ENTERA,17798,FRESCAMPO,MARCA PROPIA                                      ,Insuperables Marca Propia
Gran Consumo,Carulla,3493914,Yogurt Griego Natural,83,DERIVADOS LACTEOS,1220,YOGURT TIPO GRIEGO,17798,FRESCAMPO,MARCA PROPIA                                      ,Insuperables Marca Propia
Gran Consumo,Carulla,3298212,Queso Mozzarella Tajado,83,DERIVADOS LACTEOS,2575,MOZARELLA/DOBLECREMA,36937,CARULLA,MARCA PROPIA                                      ,Insuperables Marca Propia
Gran Consumo,Carulla,3537862,Guantes Semi Industrial,405,LIMPIADORES E IMPLEMENTOS ASEO,5821,GUANTES INDUSTRIALES,80000,EKONO,MARCA PROPIA                                      ,Insuperables Marca Propia
Gran Consumo,Carulla,3454319,Chocolate Tradicional,92,BEBIDAS CALIENT/Y ALMT.NATURIS,6020,CHOCOLATES DULCES,80000,EKONO,MARCA PROPIA                                      ,Insuperables Marca Propia
Gran Consumo,Carulla,3305484,Harina de Trigo,93,GALLETAS Y HARINAS,4510,HARINA DE TRIGO,17798,FRESCAMPO,MARCA PROPIA                                      ,Insuperables Marca Propia
Gran Consumo,Carulla,3585499,Yogurt Griego Natural,83,DERIVADOS LACTEOS,1220,YOGURT TIPO GRIEGO,17798,FRESCAMPO,MARCA PROPIA                                      ,Insuperables Marca Propia
Gran Consumo,Carulla,3511181,Lavaloza Liquido,405,LIMPIADORES E IMPLEMENTOS ASEO,4520,LAVALOZAS LIQUIDOS,36937,CARULLA,MARCA PROPIA                                      ,Insuperables Marca Propia
Gran Consumo,Carulla,3588696,Suavizante Manzana,97,CUIDADO ROPA,1210,SUAVIZANTES REGULAR,20000,EXITO MARCA PROPIA,MARCA PROPIA                                      ,Insuperables Marca Propia
Gran Consumo,Carulla,3588697,Suavizante Manzana,97,CUIDADO ROPA,1210,SUAVIZANTES REGULAR,20000,EXITO MARCA PROPIA,MARCA PROPIA                                      ,Insuperables Marca Propia
Gran Consumo,Carulla,1762859,Papel Higienico Blanco Max,67,PAPELES Y ABSORBENTES,8020,PAPEL HIGIENICO RENDIDOR,24666,T/L/D TODOS LOS DIAS,MARCA PROPIA                                      ,Insuperables Marca Propia
Gran Consumo,Carulla,3259112,Atun Lomo Agua,94,ENLATADOS,2110,ATUNES EN AGUA,17798,FRESCAMPO,MARCA PROPIA                                      ,Insuperables Marca Propia
Gran Consumo,Carulla,3276488,Atun Lomitos En Aceite,94,ENLATADOS,2120,ATUNES EN ACEITE,17798,FRESCAMPO,MARCA PROPIA                                      ,Insuperables Marca Propia
Gran Consumo,Carulla,3618631,Leche Entera En Caja,83,DERIVADOS LACTEOS,1390,LECHE LIQUIDA UHT CAJA,20000,EXITO MARCA PROPIA,MARCA PROPIA                                      ,Insuperables Marca Propia
Gran Consumo,Carulla,3623259,Limpia Pisos Bicarbonato,405,LIMPIADORES E IMPLEMENTOS ASEO,1928,LIMPIAPISOS EFICIENTES,24666,T/L/D TODOS LOS DIAS,MARCA PROPIA                                      ,Insuperables Marca Propia
Gran Consumo,Carulla,3623260,Limpia Pisos Citronela,405,LIMPIADORES E IMPLEMENTOS ASEO,1910,LIMPIAPISOS AROMAT DESINFEC,24666,T/L/D TODOS LOS DIAS,MARCA PROPIA                                      ,Insuperables Marca Propia
Gran Consumo,Carulla,3623261,Limpia Pisos Lavanda,405,LIMPIADORES E IMPLEMENTOS ASEO,1910,LIMPIAPISOS AROMAT DESINFEC,24666,T/L/D TODOS LOS DIAS,MARCA PROPIA                                      ,Insuperables Marca Propia
Gran Consumo,Carulla,3564367,Conserva De Pescado En Salsa D,94,ENLATADOS,2735,OTROS PESCADOS,20000,EXITO MARCA PROPIA,MARCA PROPIA                                      ,Insuperables Marca Propia
Gran Consumo,Carulla,3564368,Conserva De Pescado En Salsa D,94,ENLATADOS,2735,OTROS PESCADOS,20000,EXITO MARCA PROPIA,MARCA PROPIA                                      ,Insuperables Marca Propia
Gran Consumo,Carulla,3633789,Conservas De Pescado,94,ENLATADOS,2735,OTROS PESCADOS,36937,CARULLA,MARCA PROPIA                                      ,Insuperables Marca Propia
Gran Consumo,Carulla,3633790,Conservas De Pescado,94,ENLATADOS,2735,OTROS PESCADOS,36937,CARULLA,MARCA PROPIA                                      ,Insuperables Marca Propia
Gran Consumo,Carulla,3636384,Pañal Desechable Talla G,67,PAPELES Y ABSORBENTES,9030,PANALES VALUE,80000,EKONO,MARCA PROPIA                                      ,Insuperables Marca Propia
Gran Consumo,Carulla,3636385,Pañal Desechable Talla XG,67,PAPELES Y ABSORBENTES,9030,PANALES VALUE,80000,EKONO,MARCA PROPIA                                      ,Insuperables Marca Propia
Gran Consumo,Carulla,3280455,Queso Parmesano,83,DERIVADOS LACTEOS,2570,RALLADOS,20000,EXITO MARCA PROPIA,MARCA PROPIA                                      ,Insuperables Marca Propia
Gran Consumo,Carulla,3298211,Queso Parmesano,83,DERIVADOS LACTEOS,2570,RALLADOS,36937,CARULLA,MARCA PROPIA                                      ,Insuperables Marca Propia
Gran Consumo,Carulla,3599997,Pañal Bebe Talla XXG,67,PAPELES Y ABSORBENTES,9030,PANALES VALUE,80000,EKONO,MARCA PROPIA                                      ,Insuperables Marca Propia
Gran Consumo,Carulla,3293026,Soda,63,BEBIDAS LIQUIDAS NO ALCOHOLICA,7035,SODAS Y MEZCLADORES,17798,FRESCAMPO,MARCA PROPIA                                      ,Insuperables Marca Propia
Gran Consumo,Carulla,3331337,Pasta Macarrones,93,GALLETAS Y HARINAS,4620,PASTAS COMUNES,80000,EKONO,MARCA PROPIA                                      ,Insuperables Marca Propia
Gran Consumo,Carulla,3331340,Pasta Conchas,93,GALLETAS Y HARINAS,4620,PASTAS COMUNES,80000,EKONO,MARCA PROPIA                                      ,Insuperables Marca Propia
Gran Consumo,Carulla,3331344,Pasta Spaghetti,93,GALLETAS Y HARINAS,4620,PASTAS COMUNES,80000,EKONO,MARCA PROPIA                                      ,Insuperables Marca Propia
Gran Consumo,Carulla,3331345,Pasta Fideos,93,GALLETAS Y HARINAS,4620,PASTAS COMUNES,80000,EKONO,MARCA PROPIA                                      ,Insuperables Marca Propia
Gran Consumo,Carulla,3111953,Detergente Bicarbonato/Vinagre,97,CUIDADO ROPA,1021,DETERGENTES CONVENCIONALES,20000,EXITO MARCA PROPIA,MARCA PROPIA                                      ,Insuperables Marca Propia
Gran Consumo,Carulla,3331338,Pasta Fideos,93,GALLETAS Y HARINAS,4620,PASTAS COMUNES,80000,EKONO,MARCA PROPIA                                      ,Insuperables Marca Propia
Gran Consumo,Carulla,3331339,Pasta Conchas,93,GALLETAS Y HARINAS,4620,PASTAS COMUNES,80000,EKONO,MARCA PROPIA                                      ,Insuperables Marca Propia
Gran Consumo,Carulla,3331341,Pasta Macarrones,93,GALLETAS Y HARINAS,4620,PASTAS COMUNES,80000,EKONO,MARCA PROPIA                                      ,Insuperables Marca Propia
Gran Consumo,Carulla,3331342,Pasta Spaghetti,93,GALLETAS Y HARINAS,4620,PASTAS COMUNES,80000,EKONO,MARCA PROPIA                                      ,Insuperables Marca Propia
Gran Consumo,Carulla,3331343,Pasta Fideos,93,GALLETAS Y HARINAS,4620,PASTAS COMUNES,80000,EKONO,MARCA PROPIA                                      ,Insuperables Marca Propia
Gran Consumo,Carulla,3331346,Pasta Spaghetti,93,GALLETAS Y HARINAS,4620,PASTAS COMUNES,80000,EKONO,MARCA PROPIA                                      ,Insuperables Marca Propia
Gran Consumo,Carulla,3178712,Papel higiénico x 12 rollos,67,PAPELES Y ABSORBENTES,8020,PAPEL HIGIENICO RENDIDOR,20000,EXITO MARCA PROPIA,MARCA PROPIA                                      ,Insuperables Marca Propia
Gran Consumo,Carulla,3226414,Blanqueador en Gel,405,LIMPIADORES E IMPLEMENTOS ASEO,830,BLANQUEADOR SIN FRAGANCIA,42192,GREEN CHOICE GENERATION,MARCA EXCLUSIVA                                   ,Insuperables Marca Propia
Gran Consumo,Carulla,3511376,Jabon Doy Pack Avena Miel,406,CUIDADO CORPORAL,1230,JABON LIQUIDOS,14401,PERSONAL CHOICE MARCA EXCLUSIV,MARCA EXCLUSIVA                                   ,Insuperables Marca Propia
Gran Consumo,Carulla,3511377,Jabon Doy Pack Pomegran Mango,406,CUIDADO CORPORAL,1230,JABON LIQUIDOS,14401,PERSONAL CHOICE MARCA EXCLUSIV,MARCA EXCLUSIVA                                   ,Insuperables Marca Propia
Gran Consumo,Carulla,3118050,Alimento Para Gatos,401,MASCOTAS,840,ALIMENTOS GATOS,33444,PUK?,MARCA PROPIA                                      ,Insuperables Marca Propia
Gran Consumo,Carulla,3131929,Alimento Para Gatos,401,MASCOTAS,840,ALIMENTOS GATOS,33444,PUK?,MARCA PROPIA                                      ,Insuperables Marca Propia
Gran Consumo,Carulla,3289994,Alimento Perro Cachorro,401,MASCOTAS,820,ALIMENTOS PERROS,33444,PUK?,MARCA PROPIA                                      ,Insuperables Marca Propia
Gran Consumo,Carulla,3299412,Alimento Perro Adulto,401,MASCOTAS,820,ALIMENTOS PERROS,33444,PUK?,MARCA PROPIA                                      ,Insuperables Marca Propia
Gran Consumo,Carulla,3641982,Alimento Perro Adulto,401,MASCOTAS,820,ALIMENTOS PERROS,33444,PUK?,MARCA PROPIA                                      ,Insuperables Marca Propia
Gran Consumo,Carulla,3635120,Locion Hidratante Corporal,406,CUIDADO CORPORAL,1310,CREMAS HUMECTANTES,24674,AMPM PLUS,MARCA PROPIA                                      ,Insuperables Marca Propia
Gran Consumo,Carulla,3629361,Suavizante Floral,97,CUIDADO ROPA,1210,SUAVIZANTES REGULAR,20000,EXITO MARCA PROPIA,MARCA PROPIA                                      ,Insuperables Marca Propia
Gran Consumo,Carulla,3629362,Detergente Liquido,97,CUIDADO ROPA,1011,DETERGENTES LIQUIDOS,20000,EXITO MARCA PROPIA,MARCA PROPIA                                      ,Insuperables Marca Propia
Gran Consumo,Carulla,857637,Toalla Higien Delgada Con Alas,67,PAPELES Y ABSORBENTES,7020,TOALLAS HIGIENICAS,80000,EKONO,MARCA PROPIA                                      ,Insuperables Marca Propia
Gran Consumo,Carulla,439586,Toalla Delgada Con Alas Tela,67,PAPELES Y ABSORBENTES,7020,TOALLAS HIGIENICAS,80000,EKONO,MARCA PROPIA                                      ,Insuperables Marca Propia
Gran Consumo,Carulla,3026388,Toalla Higienica Nocturna,67,PAPELES Y ABSORBENTES,7020,TOALLAS HIGIENICAS,80000,EKONO,MARCA PROPIA                                      ,Insuperables Marca Propia
Gran Consumo,Carulla,3032765,Toallas Higienicas Malla,67,PAPELES Y ABSORBENTES,7020,TOALLAS HIGIENICAS,80000,EKONO,MARCA PROPIA                                      ,Insuperables Marca Propia
Gran Consumo,Carulla,3032766,Toallas Higienicas Malla,67,PAPELES Y ABSORBENTES,7020,TOALLAS HIGIENICAS,80000,EKONO,MARCA PROPIA                                      ,Insuperables Marca Propia
Gran Consumo,Carulla,3454320,Chocolate Tradicional,92,BEBIDAS CALIENT/Y ALMT.NATURIS,6020,CHOCOLATES DULCES,80000,EKONO,MARCA PROPIA                                      ,Insuperables Marca Propia
Gran Consumo,Carulla,3488624,Shampoo Hydra,96,CUIDADO CAPILAR Y ACCESORIOS,1310,SHAMPOO 1 EN 1,14401,PERSONAL CHOICE MARCA EXCLUSIV,MARCA EXCLUSIVA                                   ,Insuperables Marca Propia
Gran Consumo,Carulla,3488625,Shampoo Cuidado Completo,96,CUIDADO CAPILAR Y ACCESORIOS,1310,SHAMPOO 1 EN 1,14401,PERSONAL CHOICE MARCA EXCLUSIV,MARCA EXCLUSIVA                                   ,Insuperables Marca Propia
Gran Consumo,Carulla,3488626,Shampoo Regeneracion Diaria,96,CUIDADO CAPILAR Y ACCESORIOS,1310,SHAMPOO 1 EN 1,14401,PERSONAL CHOICE MARCA EXCLUSIV,MARCA EXCLUSIVA                                   ,Insuperables Marca Propia
Gran Consumo,Carulla,3330631,Aceite de Oliva Extra Virgen,403,ACEITES COMESTIBLES,7815,ACEITE OLIVA,36937,CARULLA,MARCA PROPIA                                      ,Insuperables Marca Propia
Gran Consumo,Carulla,3549008,Papel Higienico,67,PAPELES Y ABSORBENTES,8020,PAPEL HIGIENICO RENDIDOR,20000,EXITO MARCA PROPIA,MARCA PROPIA                                      ,Insuperables Marca Propia
Gran Consumo,Carulla,3640363,Papel Higienico x24 Rollos,67,PAPELES Y ABSORBENTES,8020,PAPEL HIGIENICO RENDIDOR,36937,CARULLA,MARCA PROPIA                                      ,Insuperables Marca Propia
Gran Consumo,Carulla,3670169,Limpiapisos Lavanda,405,LIMPIADORES E IMPLEMENTOS ASEO,1910,LIMPIAPISOS AROMAT DESINFEC,24666,T/L/D TODOS LOS DIAS,MARCA PROPIA                                      ,Insuperables Marca Propia
Gran Consumo,Carulla,3685676,Crema Lavaloza Limon,405,LIMPIADORES E IMPLEMENTOS ASEO,4510,LAVALOZA CREMAS/GEL,80000,EKONO,MARCA PROPIA                                      ,Insuperables Marca Propia
Gran Consumo,Carulla,3330628,Aceite de Oliva Extra Virgen,403,ACEITES COMESTIBLES,7815,ACEITE OLIVA,36937,CARULLA,MARCA PROPIA                                      ,Insuperables Marca Propia
Gran Consumo,Carulla,3330634,Aceite de Oliva Extravirgen,403,ACEITES COMESTIBLES,7815,ACEITE OLIVA,20000,EXITO MARCA PROPIA,MARCA PROPIA                                      ,Insuperables Marca Propia
Gran Consumo,Carulla,958531,Cafe Molido,92,BEBIDAS CALIENT/Y ALMT.NATURIS,5610,CAFE MOLIDO,80000,EKONO,MARCA PROPIA                                      ,Insuperables Marca Propia
Gran Consumo,Carulla,3611606,Lomo Atún En Agua X4 Unds,94,ENLATADOS,2110,ATUNES EN AGUA,20000,EXITO MARCA PROPIA,MARCA PROPIA                                      ,Insuperables Marca Propia
Gran Consumo,Carulla,216153,Agua Sin Gas,63,BEBIDAS LIQUIDAS NO ALCOHOLICA,6710,AGUA NORMAL,20000,EXITO MARCA PROPIA,MARCA PROPIA                                      ,Insuperables Marca Propia
Gran Consumo,Carulla,975923,Agua Sin Gas,63,BEBIDAS LIQUIDAS NO ALCOHOLICA,6710,AGUA NORMAL,36937,CARULLA,MARCA PROPIA                                      ,Insuperables Marca Propia
Gran Consumo,Carulla,1512413,Agua Sin Gas,63,BEBIDAS LIQUIDAS NO ALCOHOLICA,6710,AGUA NORMAL,17798,FRESCAMPO,MARCA PROPIA                                      ,Insuperables Marca Propia
Gran Consumo,Carulla,3330624,Aceite de Oliva Virgen,403,ACEITES COMESTIBLES,7815,ACEITE OLIVA,36937,CARULLA,MARCA PROPIA                                      ,Insuperables Marca Propia
Gran Consumo,Carulla,3519269,Jabón Tocador Aloe Vera,406,CUIDADO CORPORAL,1250,JABON LARGA DURACION ECONOMICO,80000,EKONO,MARCA PROPIA                                      ,Insuperables Marca Propia
Gran Consumo,Carulla,3519270,Jabón Tocador Fresa,406,CUIDADO CORPORAL,1250,JABON LARGA DURACION ECONOMICO,80000,EKONO,MARCA PROPIA                                      ,Insuperables Marca Propia
Gran Consumo,Carulla,3519271,Jabón Tocador Mandarina,406,CUIDADO CORPORAL,1250,JABON LARGA DURACION ECONOMICO,80000,EKONO,MARCA PROPIA                                      ,Insuperables Marca Propia
Gran Consumo,Carulla,3330626,Aceite de Oliva Virgen,403,ACEITES COMESTIBLES,7815,ACEITE OLIVA,17798,FRESCAMPO,MARCA PROPIA                                      ,Insuperables Marca Propia
Gran Consumo,Carulla,3394671,Aceite Vegetal,403,ACEITES COMESTIBLES,7820,ACEITES MEZCLAS,17798,FRESCAMPO,MARCA PROPIA                                      ,Insuperables Marca Propia
Gran Consumo,Carulla,3359775,Matequilla Ghee,403,ACEITES COMESTIBLES,7840,OTROS ACEITES,50000,TAEQ,MARCA PROPIA                                      ,Insuperables Marca Propia
Gran Consumo,Carulla,3611605,Lomo Atún Aceite Vegetal X4 Un,94,ENLATADOS,2120,ATUNES EN ACEITE,20000,EXITO MARCA PROPIA,MARCA PROPIA                                      ,Insuperables Marca Propia
Gran Consumo,Carulla,3676126,Lomo Atun En Aceite Vegetal x,94,ENLATADOS,2120,ATUNES EN ACEITE,36937,CARULLA,MARCA PROPIA                                      ,Insuperables Marca Propia
Gran Consumo,Carulla,3676127,Lomo Atun En Agua x 4 Unds,94,ENLATADOS,2110,ATUNES EN AGUA,36937,CARULLA,MARCA PROPIA                                      ,Insuperables Marca Propia
Gran Consumo,Carulla,3709524,Detergente En Polvo Floral,97,CUIDADO ROPA,1021,DETERGENTES CONVENCIONALES,80000,EKONO,MARCA PROPIA                                      ,Insuperables Marca Propia
Gran Consumo,Carulla,3709525,Detergente En Polvo Limon,97,CUIDADO ROPA,1021,DETERGENTES CONVENCIONALES,80000,EKONO,MARCA PROPIA                                      ,Insuperables Marca Propia
Gran Consumo,Carulla,3641951,Gelatina Fresa-Uva-Fruto Rojos,69,MEZCLAS Y BEBIDAS EN POLVO,8710,GELATINA NORMAL,17798,FRESCAMPO,MARCA PROPIA                                      ,Insuperables Marca Propia
Gran Consumo,Carulla,3641952,Gelatina Piña-Limón-Mandarina,69,MEZCLAS Y BEBIDAS EN POLVO,8710,GELATINA NORMAL,17798,FRESCAMPO,MARCA PROPIA                                      ,Insuperables Marca Propia
Gran Consumo,Carulla,3711919,Quitamanchas En Polvo Primaver,97,CUIDADO ROPA,710,DESMANCHADORES POLVO,24666,T/L/D TODOS LOS DIAS,MARCA PROPIA                                      ,Insuperables Marca Propia
Gran Consumo,Carulla,3330625,Aceite de Oliva Suave Sabor,403,ACEITES COMESTIBLES,7815,ACEITE OLIVA,20000,EXITO MARCA PROPIA,MARCA PROPIA                                      ,Insuperables Marca Propia
Gran Consumo,Carulla,3330629,Aceite de Oliva Virgen,403,ACEITES COMESTIBLES,7815,ACEITE OLIVA,17798,FRESCAMPO,MARCA PROPIA                                      ,Insuperables Marca Propia
Gran Consumo,Carulla,3330632,Aceite De Oliva Virgen Extra,403,ACEITES COMESTIBLES,7815,ACEITE OLIVA,17798,FRESCAMPO,MARCA PROPIA                                      ,Insuperables Marca Propia
Gran Consumo,Carulla,3330633,Aceite de Oliva Virgen,403,ACEITES COMESTIBLES,7815,ACEITE OLIVA,36937,CARULLA,MARCA PROPIA                                      ,Insuperables Marca Propia
Gran Consumo,Carulla,3717000,Arena Sanitaria Para Gatos,401,MASCOTAS,1435,ARENAS Y TAPETES,33444,PUK?,MARCA PROPIA                                      ,Insuperables Marca Propia
Gran Consumo,Carulla,3694827,Suero Costeño Doypack,83,DERIVADOS LACTEOS,2555,ESPARCIBLES,17798,FRESCAMPO,MARCA PROPIA                                      ,Insuperables Marca Propia
Gran Consumo,Carulla,1299743,AGUA PURA SIN GAS,63,BEBIDAS LIQUIDAS NO ALCOHOLICA,6710,AGUA NORMAL,17798,FRESCAMPO,MARCA PROPIA                                      ,Insuperables Marca Propia
Gran Consumo,Carulla,1299744,Agua Pura Si Gas,63,BEBIDAS LIQUIDAS NO ALCOHOLICA,6710,AGUA NORMAL,17798,FRESCAMPO,MARCA PROPIA                                      ,Insuperables Marca Propia
Gran Consumo,Carulla,3007968,Detergente en Polvo Oxigeno,97,CUIDADO ROPA,1021,DETERGENTES CONVENCIONALES,20000,EXITO MARCA PROPIA,MARCA PROPIA                                      ,Insuperables Marca Propia
Gran Consumo,Carulla,8599,Cafe Molido,92,BEBIDAS CALIENT/Y ALMT.NATURIS,5610,CAFE MOLIDO,80000,EKONO,MARCA PROPIA                                      ,Insuperables Marca Propia
Gran Consumo,Carulla,251157,Cafe Instantaneo Pulverizado,92,BEBIDAS CALIENT/Y ALMT.NATURIS,5620,CAFE INSTANTANEO,20000,EXITO MARCA PROPIA,MARCA PROPIA                                      ,Insuperables Marca Propia
Gran Consumo,Carulla,253883,Cafe Instantaneo Granulado,92,BEBIDAS CALIENT/Y ALMT.NATURIS,5620,CAFE INSTANTANEO,20000,EXITO MARCA PROPIA,MARCA PROPIA                                      ,Insuperables Marca Propia
Gran Consumo,Carulla,3023781,Talco antibacterial,406,CUIDADO CORPORAL,2430,TALCO POLVO HOMBRE,24674,AMPM PLUS,MARCA PROPIA                                      ,Insuperables Marca Propia
Gran Consumo,Carulla,3382829,Agua De Linos,404,DESECHABLES Y AEROSOLES,4080,AROMACOLOGIA?ESENCIAS Y AROMAS,24666,T/L/D TODOS LOS DIAS,MARCA PROPIA                                      ,Insuperables Marca Propia
Gran Consumo,Carulla,929943,Cafe Instantaneo Descafeinado,92,BEBIDAS CALIENT/Y ALMT.NATURIS,5625,CAFE INSTANTANEO DESCAFEINADO,36937,CARULLA,MARCA PROPIA                                      ,Insuperables Marca Propia
Gran Consumo,Carulla,415569,Lavaloza Crema Limon,405,LIMPIADORES E IMPLEMENTOS ASEO,4510,LAVALOZA CREMAS/GEL,845,SURTIMAX,MARCA PROPIA                                      ,Insuperables Marca Propia
Gran Consumo,Carulla,1006098,LAVALOZA CREMA LIMON,405,LIMPIADORES E IMPLEMENTOS ASEO,4510,LAVALOZA CREMAS/GEL,20000,EXITO MARCA PROPIA,MARCA PROPIA                                      ,Insuperables Marca Propia
Gran Consumo,Carulla,1006100,LAVALOZA CREMA ALOE VERA,405,LIMPIADORES E IMPLEMENTOS ASEO,4510,LAVALOZA CREMAS/GEL,20000,EXITO MARCA PROPIA,MARCA PROPIA                                      ,Insuperables Marca Propia
Gran Consumo,Carulla,1210171,LAVALOZA CREMA LIMON,405,LIMPIADORES E IMPLEMENTOS ASEO,4510,LAVALOZA CREMAS/GEL,36937,CARULLA,MARCA PROPIA                                      ,Insuperables Marca Propia
Gran Consumo,Carulla,1210172,LAVALOZA CREMA TORONJA,405,LIMPIADORES E IMPLEMENTOS ASEO,4510,LAVALOZA CREMAS/GEL,36937,CARULLA,MARCA PROPIA                                      ,Insuperables Marca Propia
Gran Consumo,Carulla,1210173,Lavaloza Crema Avena,405,LIMPIADORES E IMPLEMENTOS ASEO,4510,LAVALOZA CREMAS/GEL,36937,CARULLA,MARCA PROPIA                                      ,Insuperables Marca Propia
Gran Consumo,Carulla,1210174,LAVALOZA CREMA ALOE VERA,405,LIMPIADORES E IMPLEMENTOS ASEO,4510,LAVALOZA CREMAS/GEL,36937,CARULLA,MARCA PROPIA                                      ,Insuperables Marca Propia
Gran Consumo,Carulla,1763125,Crema Lavaloza Tld Limon,405,LIMPIADORES E IMPLEMENTOS ASEO,4510,LAVALOZA CREMAS/GEL,24666,T/L/D TODOS LOS DIAS,MARCA PROPIA                                      ,Insuperables Marca Propia
Gran Consumo,Carulla,1763126,Crema Lavaloza Aloe,405,LIMPIADORES E IMPLEMENTOS ASEO,4510,LAVALOZA CREMAS/GEL,24666,T/L/D TODOS LOS DIAS,MARCA PROPIA                                      ,Insuperables Marca Propia
Gran Consumo,Carulla,3490998,Lavaloza Tripack Oferta,405,LIMPIADORES E IMPLEMENTOS ASEO,4510,LAVALOZA CREMAS/GEL,845,SURTIMAX,MARCA PROPIA                                      ,Insuperables Marca Propia
Gran Consumo,Carulla,3705672,Esparcible En Barra,83,DERIVADOS LACTEOS,2042,MARGARINA O ESPARCIBLE COCINAR,80000,EKONO,MARCA PROPIA                                      ,Insuperables Marca Propia
Gran Consumo,Carulla,3725017,Crema kids Con Fluor,98,CUIDADO ORAL Y AFEITADA,740,CREMA DENTAL NINOS,24674,AMPM PLUS,MARCA PROPIA                                      ,Insuperables Marca Propia
Gran Consumo,Carulla,3264841,Papel Higienico Premium 3HX4,67,PAPELES Y ABSORBENTES,8010,PAPEL HIGIENICO PREMIUM,20000,EXITO MARCA PROPIA,MARCA PROPIA                                      ,Insuperables Marca Propia
Gran Consumo,Carulla,3054277,Frijol Cargamanto Rojo,90,GRANOS,2020,FRIJOL CARGAMANTO,80000,EKONO,MARCA PROPIA                                      ,Insuperables Marca Propia
Gran Consumo,Carulla,3548051,Toalla De Cocina,67,PAPELES Y ABSORBENTES,2020,TOALLAS COCINA DESECHABLE,24666,T/L/D TODOS LOS DIAS,MARCA PROPIA                                      ,Insuperables Marca Propia
Gran Consumo,Carulla,3638944,Servilletas Blancas Cortadas,67,PAPELES Y ABSORBENTES,7540,SERVILLETAS PARTIDAS,80000,EKONO,MARCA PROPIA                                      ,Insuperables Marca Propia
Gran Consumo,Carulla,3739284,Cerveza Lata Sixpac,95,LICORES Y CIGARRILLOS,410,CERVEZAS NACIONALES,1437,COSTENA,MARCA NACIONAL                                    ,Insuperables Marca Propia
Gran Consumo,Carulla,3473385,Servilleta Doblada,67,PAPELES Y ABSORBENTES,7510,SERVILLETAS NORMALES,24666,T/L/D TODOS LOS DIAS,MARCA PROPIA                                      ,Insuperables Marca Propia
Gran Consumo,Carulla,3287804,Gelatina sin sabor,69,MEZCLAS Y BEBIDAS EN POLVO,8720,GELATINA DIETETICA Y SIN SABOR,17798,FRESCAMPO,MARCA PROPIA                                      ,Insuperables Marca Propia
Gran Consumo,Carulla,3750918,Leche Entera UHT Paq Maxi Litr,83,DERIVADOS LACTEOS,1385,LECHE LIQUIDA UHT BOLSA,17798,FRESCAMPO,MARCA PROPIA                                      ,Insuperables Marca Propia
Gran Consumo,Carulla,3750919,Leche Entera UHT Bolsa MaxiLit,83,DERIVADOS LACTEOS,1385,LECHE LIQUIDA UHT BOLSA,17798,FRESCAMPO,MARCA PROPIA                                      ,Insuperables Marca Propia
Gran Consumo,Carulla,3750920,Leche Entera UHT Paquete,83,DERIVADOS LACTEOS,1385,LECHE LIQUIDA UHT BOLSA,17798,FRESCAMPO,MARCA PROPIA                                      ,Insuperables Marca Propia
Gran Consumo,Carulla,3750921,Leche Entera UHT Bolsa,83,DERIVADOS LACTEOS,1385,LECHE LIQUIDA UHT BOLSA,17798,FRESCAMPO,MARCA PROPIA                                      ,Insuperables Marca Propia
Gran Consumo,Carulla,3750922,Leche Semid Deslac UHT Paquete,83,DERIVADOS LACTEOS,1385,LECHE LIQUIDA UHT BOLSA,17798,FRESCAMPO,MARCA PROPIA                                      ,Insuperables Marca Propia
Gran Consumo,Carulla,3750923,Leche Semid Deslac UHT Bolsa,83,DERIVADOS LACTEOS,1385,LECHE LIQUIDA UHT BOLSA,17798,FRESCAMPO,MARCA PROPIA                                      ,Insuperables Marca Propia
Gran Consumo,Carulla,3616376,Serum Facial Antiedad,64,COSMETICOS,1220,ANTIEDAD,24674,AMPM PLUS,MARCA PROPIA                                      ,Insuperables Marca Propia
Gran Consumo,Carulla,3756865,Papel Higiénico Tri Hoja 12 Ro,67,PAPELES Y ABSORBENTES,8020,PAPEL HIGIENICO RENDIDOR,80000,EKONO,MARCA PROPIA                                      ,Insuperables Marca Propia
Gran Consumo,Carulla,3756866,Papel Higiénico Tri Hoja 2 Rol,67,PAPELES Y ABSORBENTES,8020,PAPEL HIGIENICO RENDIDOR,80000,EKONO,MARCA PROPIA                                      ,Insuperables Marca Propia
Gran Consumo,Carulla,3756867,Papel Higiénico Tri Hoja 24 Ro,67,PAPELES Y ABSORBENTES,8020,PAPEL HIGIENICO RENDIDOR,80000,EKONO,MARCA PROPIA                                      ,Insuperables Marca Propia
Gran Consumo,Carulla,3756868,Papel Higiénico Tri Hoja 4 Rol,67,PAPELES Y ABSORBENTES,8020,PAPEL HIGIENICO RENDIDOR,80000,EKONO,MARCA PROPIA                                      ,Insuperables Marca Propia
Gran Consumo,Carulla,3332145,Agua Micelar,64,COSMETICOS,1210,LIMPIADORA,24674,AMPM PLUS,MARCA PROPIA                                      ,Insuperables Marca Propia
Gran Consumo,Carulla,3756503,Leche Semid Deslact En Caja,83,DERIVADOS LACTEOS,1390,LECHE LIQUIDA UHT CAJA,17798,FRESCAMPO,MARCA PROPIA                                      ,Insuperables Marca Propia
Gran Consumo,Carulla,3756504,Leche Entera En Caja,83,DERIVADOS LACTEOS,1390,LECHE LIQUIDA UHT CAJA,17798,FRESCAMPO,MARCA PROPIA                                      ,Insuperables Marca Propia
Gran Consumo,Carulla,3276483,Atun Lomo Aceite Tripack,94,ENLATADOS,2120,ATUNES EN ACEITE,17798,FRESCAMPO,MARCA PROPIA                                      ,Insuperables Marca Propia
Gran Consumo,Carulla,3534190,Arroz Blanco,90,GRANOS,1020,ARROZ BLANCO,80000,EKONO,MARCA PROPIA                                      ,Insuperables Marca Propia
Gran Consumo,Carulla,3181787,Arroz Blanco Arroba,90,GRANOS,1020,ARROZ BLANCO,20000,EXITO MARCA PROPIA,MARCA PROPIA                                      ,Insuperables Marca Propia
Gran Consumo,Carulla,3181788,Arroz Blanco Arroba,90,GRANOS,1020,ARROZ BLANCO,17798,FRESCAMPO,MARCA PROPIA                                      ,Insuperables Marca Propia
Gran Consumo,Carulla,3181789,Arroz Blanco,90,GRANOS,1020,ARROZ BLANCO,20000,EXITO MARCA PROPIA,MARCA PROPIA                                      ,Insuperables Marca Propia
Gran Consumo,Carulla,3181790,Arroz Blanco,90,GRANOS,1020,ARROZ BLANCO,17798,FRESCAMPO,MARCA PROPIA                                      ,Insuperables Marca Propia
Gran Consumo,Carulla,3181791,Arroz Blanco Arroba,90,GRANOS,1020,ARROZ BLANCO,80000,EKONO,MARCA PROPIA                                      ,Insuperables Marca Propia
Gran Consumo,Carulla,3181792,Arroz Blanco,90,GRANOS,1020,ARROZ BLANCO,80000,EKONO,MARCA PROPIA                                      ,Insuperables Marca Propia
Gran Consumo,Carulla,3534187,Arroz Blanco,90,GRANOS,1020,ARROZ BLANCO,20000,EXITO MARCA PROPIA,MARCA PROPIA                                      ,Insuperables Marca Propia
Gran Consumo,Carulla,3534188,Arroz Blanco,90,GRANOS,1020,ARROZ BLANCO,36937,CARULLA,MARCA PROPIA                                      ,Insuperables Marca Propia
Gran Consumo,Carulla,3181785,Arroz Blanco,90,GRANOS,1020,ARROZ BLANCO,36937,CARULLA,MARCA PROPIA                                      ,Insuperables Marca Propia
Gran Consumo,Carulla,3181780,Arroz Blanco,90,GRANOS,1020,ARROZ BLANCO,20000,EXITO MARCA PROPIA,MARCA PROPIA                                      ,Insuperables Marca Propia
Gran Consumo,Carulla,3181784,Arroz Blanco,90,GRANOS,1020,ARROZ BLANCO,17798,FRESCAMPO,MARCA PROPIA                                      ,Insuperables Marca Propia
Gran Consumo,Carulla,3181779,Arroz Blanco,90,GRANOS,1020,ARROZ BLANCO,20000,EXITO MARCA PROPIA,MARCA PROPIA                                      ,Insuperables Marca Propia
Gran Consumo,Carulla,3757389,Pañitos Humedos Para Mascotas,401,MASCOTAS,1431,IMPLEMENTOS PARA ASEO MASCOTAS,33444,PUK?,MARCA PROPIA                                      ,Insuperables Marca Propia
Gran Consumo,Carulla,1720710,VELON,404,DESECHABLES Y AEROSOLES,6620,VELONES Y VELADORAS,24666,T/L/D TODOS LOS DIAS,MARCA PROPIA                                      ,Insuperables Marca Propia
Gran Consumo,Carulla,3776302,Café instantáneo en polvo,92,BEBIDAS CALIENT/Y ALMT.NATURIS,5620,CAFE INSTANTANEO,17798,FRESCAMPO,MARCA PROPIA                                      ,Insuperables Marca Propia
Gran Consumo,Carulla,3776303,Café descafeinado,92,BEBIDAS CALIENT/Y ALMT.NATURIS,5625,CAFE INSTANTANEO DESCAFEINADO,17798,FRESCAMPO,MARCA PROPIA                                      ,Insuperables Marca Propia
Gran Consumo,Carulla,3776304,Café instantáneo granualdo,92,BEBIDAS CALIENT/Y ALMT.NATURIS,5620,CAFE INSTANTANEO,17798,FRESCAMPO,MARCA PROPIA                                      ,Insuperables Marca Propia
Gran Consumo,Carulla,3776305,Café instantáneo en polvo,92,BEBIDAS CALIENT/Y ALMT.NATURIS,5620,CAFE INSTANTANEO,17798,FRESCAMPO,MARCA PROPIA                                      ,Insuperables Marca Propia
Gran Consumo,Carulla,3776306,Café instantáneo granulado,92,BEBIDAS CALIENT/Y ALMT.NATURIS,5620,CAFE INSTANTANEO,17798,FRESCAMPO,MARCA PROPIA                                      ,Insuperables Marca Propia
Gran Consumo,Carulla,1602699,CEPILLO INFANTIL UNIDAD,98,CUIDADO ORAL Y AFEITADA,1020,CEPILLO DENTAL NINOS,24674,AMPM PLUS,MARCA PROPIA                                      ,Insuperables Marca Propia
Gran Consumo,Carulla,1602700,Cepillo Dental Adulto,98,CUIDADO ORAL Y AFEITADA,1010,CEPILLO DENTAL ADULTOS,24674,AMPM PLUS,MARCA PROPIA                                      ,Insuperables Marca Propia
Gran Consumo,Carulla,3003156,ACONDICIONADOR TODO CABELLO,96,CUIDADO CAPILAR Y ACCESORIOS,1420,BALSAMOS ACONDICIONADORES,24674,AMPM PLUS,MARCA PROPIA                                      ,Insuperables Marca Propia
Gran Consumo,Carulla,3008973,Bolsa Basura Apartamento 51x76,404,DESECHABLES Y AEROSOLES,5020,BOLSA BASURA APARTAMENTO,24666,T/L/D TODOS LOS DIAS,MARCA PROPIA                                      ,Insuperables Marca Propia
Gran Consumo,Carulla,3008975,Bolsa Basura Industrial 65x100,404,DESECHABLES Y AEROSOLES,5040,BOLSA BASURA INDUSTRIAL,24666,T/L/D TODOS LOS DIAS,MARCA PROPIA                                      ,Insuperables Marca Propia
Gran Consumo,Carulla,3008977,Bolsa Basura residencial 65x80,404,DESECHABLES Y AEROSOLES,5030,BOLSA BASURA RESIDENCIAL,24666,T/L/D TODOS LOS DIAS,MARCA PROPIA                                      ,Insuperables Marca Propia
Gran Consumo,Carulla,3023780,Talco antibacterial,406,CUIDADO CORPORAL,2430,TALCO POLVO HOMBRE,24674,AMPM PLUS,MARCA PROPIA                                      ,Insuperables Marca Propia
Gran Consumo,Carulla,3065535,Protector Solar SPF 50,406,CUIDADO CORPORAL,4020,BLOQUEADORES,24674,AMPM PLUS,MARCA PROPIA                                      ,Insuperables Marca Propia
Gran Consumo,Carulla,3070894,Aceite de Bebe,406,CUIDADO CORPORAL,3710,ACEITES NORMALES,24674,AMPM PLUS,MARCA PROPIA                                      ,Insuperables Marca Propia
Gran Consumo,Carulla,3118046,Jabon Barra Liquido Azul,97,CUIDADO ROPA,940,JABON DE LAVAR BARRA LIQUIDO,24666,T/L/D TODOS LOS DIAS,MARCA PROPIA                                      ,Insuperables Marca Propia
Gran Consumo,Carulla,3118047,Jabon Barra Liquido Coco,97,CUIDADO ROPA,940,JABON DE LAVAR BARRA LIQUIDO,24666,T/L/D TODOS LOS DIAS,MARCA PROPIA                                      ,Insuperables Marca Propia
Gran Consumo,Carulla,3462712,Detergente Liquido Oscura,97,CUIDADO ROPA,1011,DETERGENTES LIQUIDOS,20000,EXITO MARCA PROPIA,MARCA PROPIA                                      ,Insuperables Marca Propia
Gran Consumo,Carulla,3462713,Detergente Liquido Color,97,CUIDADO ROPA,1011,DETERGENTES LIQUIDOS,20000,EXITO MARCA PROPIA,MARCA PROPIA                                      ,Insuperables Marca Propia
Gran Consumo,Carulla,3600913,Pelicula Plastica,404,DESECHABLES Y AEROSOLES,3020,VINILO EMPAQUE,24666,T/L/D TODOS LOS DIAS,MARCA PROPIA                                      ,Insuperables Marca Propia
Gran Consumo,Carulla,3600914,Pelicula Plastica,404,DESECHABLES Y AEROSOLES,3020,VINILO EMPAQUE,24666,T/L/D TODOS LOS DIAS,MARCA PROPIA                                      ,Insuperables Marca Propia
Gran Consumo,Carulla,3705583,Jabon En Barra Liquido Bebe,97,CUIDADO ROPA,940,JABON DE LAVAR BARRA LIQUIDO,24666,T/L/D TODOS LOS DIAS,MARCA PROPIA                                      ,Insuperables Marca Propia
Gran Consumo,Carulla,3749226,Aceite De Oliva Virgen Extra,403,ACEITES COMESTIBLES,7815,ACEITE OLIVA,17798,FRESCAMPO,MARCA PROPIA                                      ,Insuperables Marca Propia
Gran Consumo,Carulla,3749227,Aceite De Oliva Virgen Extra,403,ACEITES COMESTIBLES,7815,ACEITE OLIVA,17798,FRESCAMPO,MARCA PROPIA                                      ,Insuperables Marca Propia
Gran Consumo,Carulla,3400651,Aceite de Girasol,403,ACEITES COMESTIBLES,7825,ACEITE GIRASOL,20000,EXITO MARCA PROPIA,MARCA PROPIA                                      ,Insuperables Marca Propia
Gran Consumo,Carulla,3786697,Snack Cremoso Gatos Atún,401,MASCOTAS,860,SNACKS,33444,PUK?,MARCA PROPIA                                      ,Insuperables Marca Propia
Gran Consumo,Carulla,3786698,Snack Cremoso Gatos Salmón,401,MASCOTAS,860,SNACKS,33444,PUK?,MARCA PROPIA                                      ,Insuperables Marca Propia
Gran Consumo,Carulla,3310406,Azúcar Morena,90,GRANOS,7130,AZUCAR MORENA,20000,EXITO MARCA PROPIA,MARCA PROPIA                                      ,Insuperables Marca Propia
Gran Consumo,Carulla,3310409,Azúcar Morena,90,GRANOS,7130,AZUCAR MORENA,17798,FRESCAMPO,MARCA PROPIA                                      ,Insuperables Marca Propia
Gran Consumo,Carulla,3310415,Azúcar Blanco Especial,90,GRANOS,7120,AZUCAR BLANCO ESPECIAL,17798,FRESCAMPO,MARCA PROPIA                                      ,Insuperables Marca Propia
Gran Consumo,Carulla,3778389,Papel Higienico Premium 3Hx12,67,PAPELES Y ABSORBENTES,8010,PAPEL HIGIENICO PREMIUM,80000,EKONO,MARCA PROPIA                                      ,Insuperables Marca Propia
Gran Consumo,Carulla,3778390,Papel Higienico Premium 3Hx18,67,PAPELES Y ABSORBENTES,8010,PAPEL HIGIENICO PREMIUM,80000,EKONO,MARCA PROPIA                                      ,Insuperables Marca Propia
Gran Consumo,Carulla,3778391,Papel Higienico Premium 3Hx4,67,PAPELES Y ABSORBENTES,8010,PAPEL HIGIENICO PREMIUM,80000,EKONO,MARCA PROPIA                                      ,Insuperables Marca Propia
Gran Consumo,Carulla,3788923,Conserva De Pescado En Salsa D,94,ENLATADOS,2735,OTROS PESCADOS,17798,FRESCAMPO,MARCA PROPIA                                      ,Insuperables Marca Propia
Gran Consumo,Carulla,3788924,Conserva De Pescado En Salsa D,94,ENLATADOS,2735,OTROS PESCADOS,17798,FRESCAMPO,MARCA PROPIA                                      ,Insuperables Marca Propia
Gran Consumo,Carulla,3804668,Atun Rallado En Aceite,94,ENLATADOS,2140,DESMENUZADO,80000,EKONO,MARCA PROPIA                                      ,Insuperables Marca Propia
Gran Consumo,Carulla,3804671,Lomitos De Atun En Aceite,94,ENLATADOS,2120,ATUNES EN ACEITE,17798,FRESCAMPO,MARCA PROPIA                                      ,Insuperables Marca Propia
Gran Consumo,Carulla,3804672,Lomitos De Atun En Agua,94,ENLATADOS,2110,ATUNES EN AGUA,17798,FRESCAMPO,MARCA PROPIA                                      ,Insuperables Marca Propia
Gran Consumo,Surtimax,1001019,OF*LAVALOZA LIMON TRIPACK $ESP,405,LIMPIADORES E IMPLEMENTOS ASEO,4510,LAVALOZA CREMAS/GEL,20000,EXITO MARCA PROPIA,MARCA PROPIA                                      ,Insuperables Marca Propia
Gran Consumo,Surtimax,1121545,Frijol Nima,90,GRANOS,2040,FRIJOL VARIEDAD,17798,FRESCAMPO,MARCA PROPIA                                      ,Insuperables Marca Propia
Gran Consumo,Surtimax,1121546,Frijol Zaragoza,90,GRANOS,2040,FRIJOL VARIEDAD,17798,FRESCAMPO,MARCA PROPIA                                      ,Insuperables Marca Propia
Gran Consumo,Surtimax,1121547,Lenteja,90,GRANOS,4030,LENTEJA,17798,FRESCAMPO,MARCA PROPIA                                      ,Insuperables Marca Propia
Gran Consumo,Surtimax,1121592,Arveja Verde,90,GRANOS,4010,ARVEJA,17798,FRESCAMPO,MARCA PROPIA                                      ,Insuperables Marca Propia
Gran Consumo,Surtimax,1121597,Frijol Caraota,90,GRANOS,2040,FRIJOL VARIEDAD,17798,FRESCAMPO,MARCA PROPIA                                      ,Insuperables Marca Propia
Gran Consumo,Surtimax,1121603,Frijol Nima,90,GRANOS,2040,FRIJOL VARIEDAD,17798,FRESCAMPO,MARCA PROPIA                                      ,Insuperables Marca Propia
Gran Consumo,Surtimax,1121605,Frijol Zaragoza,90,GRANOS,2040,FRIJOL VARIEDAD,17798,FRESCAMPO,MARCA PROPIA                                      ,Insuperables Marca Propia
Gran Consumo,Surtimax,1121606,Lenteja,90,GRANOS,4030,LENTEJA,17798,FRESCAMPO,MARCA PROPIA                                      ,Insuperables Marca Propia
Gran Consumo,Surtimax,1121609,Arveja Verde,90,GRANOS,4010,ARVEJA,17798,FRESCAMPO,MARCA PROPIA                                      ,Insuperables Marca Propia
Gran Consumo,Surtimax,1121613,*Frijol Caraota,90,GRANOS,2040,FRIJOL VARIEDAD,17798,FRESCAMPO,MARCA PROPIA                                      ,Insuperables Marca Propia
Gran Consumo,Surtimax,1165837,Maiz Pira,90,GRANOS,3040,MAIZ PIRA,17798,FRESCAMPO,MARCA PROPIA                                      ,Insuperables Marca Propia
Gran Consumo,Surtimax,1165838,Maiz Blanco,90,GRANOS,3020,MAIZ BLANCO,17798,FRESCAMPO,MARCA PROPIA                                      ,Insuperables Marca Propia
Gran Consumo,Surtimax,1165839,Maiz Amarillo,90,GRANOS,3040,MAIZ PIRA,17798,FRESCAMPO,MARCA PROPIA                                      ,Insuperables Marca Propia
Gran Consumo,Surtimax,1165841,Maiz Pira,90,GRANOS,3040,MAIZ PIRA,17798,FRESCAMPO,MARCA PROPIA                                      ,Insuperables Marca Propia
Gran Consumo,Surtimax,1165934,Maiz Trillado Bco,90,GRANOS,3020,MAIZ BLANCO,17798,FRESCAMPO,MARCA PROPIA                                      ,Insuperables Marca Propia
Gran Consumo,Surtimax,1261875,Agua Sin Gas,63,BEBIDAS LIQUIDAS NO ALCOHOLICA,6710,AGUA NORMAL,36937,CARULLA,MARCA PROPIA                                      ,Insuperables Marca Propia
Gran Consumo,Surtimax,1291292,Café Soluble Granulado,92,BEBIDAS CALIENT/Y ALMT.NATURIS,5620,CAFE INSTANTANEO,17798,FRESCAMPO,MARCA PROPIA                                      ,Insuperables Marca Propia
Gran Consumo,Surtimax,1300462,TOALLITAS HUMEDAS X10 DE BEBE,67,PAPELES Y ABSORBENTES,8540,TOALLITAS HUMEDAS BABY OTROS U,14401,PERSONAL CHOICE MARCA EXCLUSIV,MARCA EXCLUSIVA                                   ,Insuperables Marca Propia
Gran Consumo,Surtimax,1356712,Sangría,95,LICORES Y CIGARRILLOS,8010,APERITIVOS Y POUS/CAFE,23535,CRUZARES MARCA EXCLUSIVA,MARCA EXCLUSIVA                                   ,Insuperables Marca Propia
Gran Consumo,Surtimax,1375498,Agua Pura Sin Gas,63,BEBIDAS LIQUIDAS NO ALCOHOLICA,6710,AGUA NORMAL,17798,FRESCAMPO,MARCA PROPIA                                      ,Insuperables Marca Propia
Gran Consumo,Surtimax,138186,Plato Pequeño,404,DESECHABLES Y AEROSOLES,5520,PLATOS DESECHABLES,80000,EKONO,MARCA PROPIA                                      ,Insuperables Marca Propia
Gran Consumo,Surtimax,144906,Servilleta Cortada,67,PAPELES Y ABSORBENTES,7540,SERVILLETAS PARTIDAS,80000,EKONO,MARCA PROPIA                                      ,Insuperables Marca Propia
Gran Consumo,Surtimax,1488671,Cafe Soluble En Polvo,92,BEBIDAS CALIENT/Y ALMT.NATURIS,5620,CAFE INSTANTANEO,17798,FRESCAMPO,MARCA PROPIA                                      ,Insuperables Marca Propia
Gran Consumo,Surtimax,1531094,Vino tinto cabernet sauvignon,95,LICORES Y CIGARRILLOS,811,VINO TINTOS MESA,19653,SIETE SOLES MARCA EXCLUSIVA,MARCA EXCLUSIVA                                   ,Insuperables Marca Propia
Gran Consumo,Surtimax,1531095,VINO BLANCO SAUVIGNON RESERVA,95,LICORES Y CIGARRILLOS,821,VINO BLANCOS MESA,19653,SIETE SOLES MARCA EXCLUSIVA,MARCA EXCLUSIVA                                   ,Insuperables Marca Propia
Gran Consumo,Surtimax,1531595,Shampoo Coco Y Leche,96,CUIDADO CAPILAR Y ACCESORIOS,1310,SHAMPOO 1 EN 1,36839,ALGABO MARCA EXCLUSIVA,MARCA EXCLUSIVA                                   ,Insuperables Marca Propia
Gran Consumo,Surtimax,1531596,Shampoo Manzanilla y Magnolia,96,CUIDADO CAPILAR Y ACCESORIOS,1310,SHAMPOO 1 EN 1,36839,ALGABO MARCA EXCLUSIVA,MARCA EXCLUSIVA                                   ,Insuperables Marca Propia
Gran Consumo,Surtimax,1531597,Shampoo Aguacate Y Argán,96,CUIDADO CAPILAR Y ACCESORIOS,1310,SHAMPOO 1 EN 1,36839,ALGABO MARCA EXCLUSIVA,MARCA EXCLUSIVA                                   ,Insuperables Marca Propia
Gran Consumo,Surtimax,1570514,Cerveza x 6 Costeña,95,LICORES Y CIGARRILLOS,410,CERVEZAS NACIONALES,1437,COSTENA,MARCA NACIONAL                                    ,Insuperables Marca Propia
Gran Consumo,Surtimax,1570515,Cerveza Lata,95,LICORES Y CIGARRILLOS,410,CERVEZAS NACIONALES,1437,COSTENA,MARCA NACIONAL                                    ,Insuperables Marca Propia
Gran Consumo,Surtimax,1602696,Cepillo Dental 3 Unidades,98,CUIDADO ORAL Y AFEITADA,1010,CEPILLO DENTAL ADULTOS,24674,AMPM PLUS,MARCA PROPIA                                      ,Insuperables Marca Propia
Gran Consumo,Surtimax,1603306,VINO LAMBRUSCO BLANCO,95,LICORES Y CIGARRILLOS,845,VINO ESPUMOSO Y CHAMPANA,29709,LA PIUMA MARCA EXCLUSIVA,MARCA EXCLUSIVA                                   ,Insuperables Marca Propia
Gran Consumo,Surtimax,1603307,Vino Lambrusco Tinto,95,LICORES Y CIGARRILLOS,845,VINO ESPUMOSO Y CHAMPANA,29709,LA PIUMA MARCA EXCLUSIVA,MARCA EXCLUSIVA                                   ,Insuperables Marca Propia
Gran Consumo,Surtimax,1652269,JABON AVENA CON GLICERINA 3UNS,406,CUIDADO CORPORAL,1221,JABON ANTIBACTERIALES/MEDICADO,24674,AMPM PLUS,MARCA PROPIA                                      ,Insuperables Marca Propia
Gran Consumo,Surtimax,1678676,Canela Molida,402,SALSAS Y CONDIMENTOS,5810,CONDIMENTOS NATURALES GRANO,17798,FRESCAMPO,MARCA PROPIA                                      ,Insuperables Marca Propia
Gran Consumo,Surtimax,1678677,PIMIENTA MOLIDA,402,SALSAS Y CONDIMENTOS,5810,CONDIMENTOS NATURALES GRANO,17798,FRESCAMPO,MARCA PROPIA                                      ,Insuperables Marca Propia
Gran Consumo,Surtimax,1678679,Ajo Molida,402,SALSAS Y CONDIMENTOS,5810,CONDIMENTOS NATURALES GRANO,17798,FRESCAMPO,MARCA PROPIA                                      ,Insuperables Marca Propia
Gran Consumo,Surtimax,1705880,DETERGENTE EN POLVO FLORAL,97,CUIDADO ROPA,1021,DETERGENTES CONVENCIONALES,80000,EKONO,MARCA PROPIA                                      ,Insuperables Marca Propia
Gran Consumo,Surtimax,1705882,DETERGENTE EN POLVO FLORAL,97,CUIDADO ROPA,1021,DETERGENTES CONVENCIONALES,80000,EKONO,MARCA PROPIA                                      ,Insuperables Marca Propia
Gran Consumo,Surtimax,1705937,DETERGENTE EN POLVO LIMON,97,CUIDADO ROPA,1021,DETERGENTES CONVENCIONALES,80000,EKONO,MARCA PROPIA                                      ,Insuperables Marca Propia
Gran Consumo,Surtimax,1705986,DETERGENTE EN POLVO LIMON,97,CUIDADO ROPA,1021,DETERGENTES CONVENCIONALES,80000,EKONO,MARCA PROPIA                                      ,Insuperables Marca Propia
Gran Consumo,Surtimax,1737627,Crema Dental Tripleaccion,98,CUIDADO ORAL Y AFEITADA,750,CREMA DENTAL TRIPLE ACCION,24674,AMPM PLUS,MARCA PROPIA                                      ,Insuperables Marca Propia
Gran Consumo,Surtimax,1743103,Bebida de almendra sin azúcar,63,BEBIDAS LIQUIDAS NO ALCOHOLICA,8120,FRUTOS,50000,TAEQ,MARCA PROPIA                                      ,Insuperables Marca Propia
Gran Consumo,Surtimax,1749646,COLOR,402,SALSAS Y CONDIMENTOS,5810,CONDIMENTOS NATURALES GRANO,17798,FRESCAMPO,MARCA PROPIA                                      ,Insuperables Marca Propia
Gran Consumo,Surtimax,1749648,Comino Molido,402,SALSAS Y CONDIMENTOS,5810,CONDIMENTOS NATURALES GRANO,17798,FRESCAMPO,MARCA PROPIA                                      ,Insuperables Marca Propia
Gran Consumo,Surtimax,1753280,Limpiapisos Desinfecta Lavanda,405,LIMPIADORES E IMPLEMENTOS ASEO,1910,LIMPIAPISOS AROMAT DESINFEC,24666,T/L/D TODOS LOS DIAS,MARCA PROPIA                                      ,Insuperables Marca Propia
Gran Consumo,Surtimax,1753281,Limpiapisos Desinfect Citronel,405,LIMPIADORES E IMPLEMENTOS ASEO,1910,LIMPIAPISOS AROMAT DESINFEC,24666,T/L/D TODOS LOS DIAS,MARCA PROPIA                                      ,Insuperables Marca Propia
Gran Consumo,Surtimax,1753282,Limpiapisos Con Bicarbonato,405,LIMPIADORES E IMPLEMENTOS ASEO,1928,LIMPIAPISOS EFICIENTES,24666,T/L/D TODOS LOS DIAS,MARCA PROPIA                                      ,Insuperables Marca Propia
Gran Consumo,Surtimax,1757903,Limpiapisos Desinfect Lavanda,405,LIMPIADORES E IMPLEMENTOS ASEO,1910,LIMPIAPISOS AROMAT DESINFEC,24666,T/L/D TODOS LOS DIAS,MARCA PROPIA                                      ,Insuperables Marca Propia
Gran Consumo,Surtimax,1757904,Limpiapisos Desinfec Citronela,405,LIMPIADORES E IMPLEMENTOS ASEO,1910,LIMPIAPISOS AROMAT DESINFEC,24666,T/L/D TODOS LOS DIAS,MARCA PROPIA                                      ,Insuperables Marca Propia
Gran Consumo,Surtimax,1757905,Limpiapisos Desinfec Bicarbona,405,LIMPIADORES E IMPLEMENTOS ASEO,1928,LIMPIAPISOS EFICIENTES,24666,T/L/D TODOS LOS DIAS,MARCA PROPIA                                      ,Insuperables Marca Propia
Gran Consumo,Surtimax,1773369,CREMA HUMECTANTE ALMENDRAS,406,CUIDADO CORPORAL,1310,CREMAS HUMECTANTES,24674,AMPM PLUS,MARCA PROPIA                                      ,Insuperables Marca Propia
Gran Consumo,Surtimax,1773371,CREMA HUMECTANTE AVENA,406,CUIDADO CORPORAL,1310,CREMAS HUMECTANTES,24674,AMPM PLUS,MARCA PROPIA                                      ,Insuperables Marca Propia
Gran Consumo,Surtimax,1773372,CREMA HUMECTANTE BEBE,406,CUIDADO CORPORAL,1350,CREMAS HUMECTANTES BEBE,24674,AMPM PLUS,MARCA PROPIA                                      ,Insuperables Marca Propia
Gran Consumo,Surtimax,1804224,Detergente En Polvo Floral,97,CUIDADO ROPA,1021,DETERGENTES CONVENCIONALES,36937,CARULLA,MARCA PROPIA                                      ,Insuperables Marca Propia
Gran Consumo,Surtimax,1804225,Detergente En Polvo Limon,97,CUIDADO ROPA,1021,DETERGENTES CONVENCIONALES,36937,CARULLA,MARCA PROPIA                                      ,Insuperables Marca Propia
Gran Consumo,Surtimax,251334,Cafe Instantaneo Pulverizado,92,BEBIDAS CALIENT/Y ALMT.NATURIS,5620,CAFE INSTANTANEO,20000,EXITO MARCA PROPIA,MARCA PROPIA                                      ,Insuperables Marca Propia
Gran Consumo,Surtimax,253898,Cafe Instantaneo Granulado,92,BEBIDAS CALIENT/Y ALMT.NATURIS,5620,CAFE INSTANTANEO,20000,EXITO MARCA PROPIA,MARCA PROPIA                                      ,Insuperables Marca Propia
Gran Consumo,Surtimax,258027,Cafe Molido,92,BEBIDAS CALIENT/Y ALMT.NATURIS,5610,CAFE MOLIDO,80000,EKONO,MARCA PROPIA                                      ,Insuperables Marca Propia
Gran Consumo,Surtimax,289831,Toalla Higienica Delgada,67,PAPELES Y ABSORBENTES,7020,TOALLAS HIGIENICAS,80000,EKONO,MARCA PROPIA                                      ,Insuperables Marca Propia
Gran Consumo,Surtimax,3002592,BLANQUEADOR FLORAL,405,LIMPIADORES E IMPLEMENTOS ASEO,820,BLANQUEADOR CON FRAGANCIA,24666,T/L/D TODOS LOS DIAS,MARCA PROPIA                                      ,Insuperables Marca Propia
Gran Consumo,Surtimax,3002604,BLANQUEADOR LIMON,405,LIMPIADORES E IMPLEMENTOS ASEO,820,BLANQUEADOR CON FRAGANCIA,24666,T/L/D TODOS LOS DIAS,MARCA PROPIA                                      ,Insuperables Marca Propia
Gran Consumo,Surtimax,3002606,BLANQUEDOR MANZANA,405,LIMPIADORES E IMPLEMENTOS ASEO,820,BLANQUEADOR CON FRAGANCIA,24666,T/L/D TODOS LOS DIAS,MARCA PROPIA                                      ,Insuperables Marca Propia
Gran Consumo,Surtimax,3003158,SHAMPOO TODO CABELLO,96,CUIDADO CAPILAR Y ACCESORIOS,1310,SHAMPOO 1 EN 1,24674,AMPM PLUS,MARCA PROPIA                                      ,Insuperables Marca Propia
Gran Consumo,Surtimax,3004110,PAÑAL TALLA M,67,PAPELES Y ABSORBENTES,9030,PANALES VALUE,80000,EKONO,MARCA PROPIA                                      ,Insuperables Marca Propia
Gran Consumo,Surtimax,3004111,Pañal Talla G,67,PAPELES Y ABSORBENTES,9030,PANALES VALUE,80000,EKONO,MARCA PROPIA                                      ,Insuperables Marca Propia
Gran Consumo,Surtimax,3004112,PAÑAL TALLA XG,67,PAPELES Y ABSORBENTES,9030,PANALES VALUE,80000,EKONO,MARCA PROPIA                                      ,Insuperables Marca Propia
Gran Consumo,Surtimax,3006840,Blanqueador Floral,405,LIMPIADORES E IMPLEMENTOS ASEO,820,BLANQUEADOR CON FRAGANCIA,36937,CARULLA,MARCA PROPIA                                      ,Insuperables Marca Propia
Gran Consumo,Surtimax,3006843,Blanqueador Limón,405,LIMPIADORES E IMPLEMENTOS ASEO,820,BLANQUEADOR CON FRAGANCIA,36937,CARULLA,MARCA PROPIA                                      ,Insuperables Marca Propia
Gran Consumo,Surtimax,3007966,Detergente en Polvo Limon,97,CUIDADO ROPA,1021,DETERGENTES CONVENCIONALES,20000,EXITO MARCA PROPIA,MARCA PROPIA                                      ,Insuperables Marca Propia
Gran Consumo,Surtimax,3007967,Detergente en Polvo Limon,97,CUIDADO ROPA,1021,DETERGENTES CONVENCIONALES,20000,EXITO MARCA PROPIA,MARCA PROPIA                                      ,Insuperables Marca Propia
Gran Consumo,Surtimax,3007969,Detergente en Polvo Floral,97,CUIDADO ROPA,1021,DETERGENTES CONVENCIONALES,20000,EXITO MARCA PROPIA,MARCA PROPIA                                      ,Insuperables Marca Propia
Gran Consumo,Surtimax,3007970,Detergente en Polvo Floral,97,CUIDADO ROPA,1021,DETERGENTES CONVENCIONALES,20000,EXITO MARCA PROPIA,MARCA PROPIA                                      ,Insuperables Marca Propia
Gran Consumo,Surtimax,3009553,Protectores Diarios Multiestil,67,PAPELES Y ABSORBENTES,6010,PROTEC. DIARIOS MULTIPANTY,80000,EKONO,MARCA PROPIA                                      ,Insuperables Marca Propia
Gran Consumo,Surtimax,3014290,Jabón Liquido Avena,406,CUIDADO CORPORAL,1230,JABON LIQUIDOS,80000,EKONO,MARCA PROPIA                                      ,Insuperables Marca Propia
Gran Consumo,Surtimax,3014291,Jabón Liquido Manzana,406,CUIDADO CORPORAL,1230,JABON LIQUIDOS,80000,EKONO,MARCA PROPIA                                      ,Insuperables Marca Propia
Gran Consumo,Surtimax,3015859,Detergente Liquido Floral,97,CUIDADO ROPA,1011,DETERGENTES LIQUIDOS,20000,EXITO MARCA PROPIA,MARCA PROPIA                                      ,Insuperables Marca Propia
Gran Consumo,Surtimax,3023705,Blanqueador sin fragancia,405,LIMPIADORES E IMPLEMENTOS ASEO,830,BLANQUEADOR SIN FRAGANCIA,80000,EKONO,MARCA PROPIA                                      ,Insuperables Marca Propia
Gran Consumo,Surtimax,3026524,Protectores Diarios Multiestil,67,PAPELES Y ABSORBENTES,6010,PROTEC. DIARIOS MULTIPANTY,80000,EKONO,MARCA PROPIA                                      ,Insuperables Marca Propia
Gran Consumo,Surtimax,3039180,Jabon Liquido Manzana,406,CUIDADO CORPORAL,1230,JABON LIQUIDOS,80000,EKONO,MARCA PROPIA                                      ,Insuperables Marca Propia
Gran Consumo,Surtimax,3039181,Jabon Liquido Avena,406,CUIDADO CORPORAL,1230,JABON LIQUIDOS,80000,EKONO,MARCA PROPIA                                      ,Insuperables Marca Propia
Gran Consumo,Surtimax,3041841,Vino Tinto Reserva Merlot,95,LICORES Y CIGARRILLOS,811,VINO TINTOS MESA,19653,SIETE SOLES MARCA EXCLUSIVA,MARCA EXCLUSIVA                                   ,Insuperables Marca Propia
Gran Consumo,Surtimax,3041842,Vino Tinto Reserva Carmenere,95,LICORES Y CIGARRILLOS,811,VINO TINTOS MESA,19653,SIETE SOLES MARCA EXCLUSIVA,MARCA EXCLUSIVA                                   ,Insuperables Marca Propia
Gran Consumo,Surtimax,3041843,Vino Reserva Rosado,95,LICORES Y CIGARRILLOS,832,VINO ROSADOS MESA,19653,SIETE SOLES MARCA EXCLUSIVA,MARCA EXCLUSIVA                                   ,Insuperables Marca Propia
Gran Consumo,Surtimax,3046977,Lavaloza Liquido Limon,405,LIMPIADORES E IMPLEMENTOS ASEO,4520,LAVALOZAS LIQUIDOS,80000,EKONO,MARCA PROPIA                                      ,Insuperables Marca Propia
Gran Consumo,Surtimax,3054276,Frijol Cargamanto Blanco,90,GRANOS,2020,FRIJOL CARGAMANTO,80000,EKONO,MARCA PROPIA                                      ,Insuperables Marca Propia
Gran Consumo,Surtimax,3054283,Frijol Sabanero Rojo,90,GRANOS,2030,FRIJOL SABANERO,80000,EKONO,MARCA PROPIA                                      ,Insuperables Marca Propia
Gran Consumo,Surtimax,3058697,Bebi De Almend Original,63,BEBIDAS LIQUIDAS NO ALCOHOLICA,8120,FRUTOS,50000,TAEQ,MARCA PROPIA                                      ,Insuperables Marca Propia
Gran Consumo,Surtimax,3059933,Detergente Liquido Floral,97,CUIDADO ROPA,1011,DETERGENTES LIQUIDOS,36937,CARULLA,MARCA PROPIA                                      ,Insuperables Marca Propia
Gran Consumo,Surtimax,3060050,Detergente Liquido Floral,97,CUIDADO ROPA,1011,DETERGENTES LIQUIDOS,24666,T/L/D TODOS LOS DIAS,MARCA PROPIA                                      ,Insuperables Marca Propia
Gran Consumo,Surtimax,308510,Mostaza,402,SALSAS Y CONDIMENTOS,5411,MOSTAZAS NORMALES,80000,EKONO,MARCA PROPIA                                      ,Insuperables Marca Propia
Gran Consumo,Surtimax,3101013,Bolsa Basura 43x48 Papelera,404,DESECHABLES Y AEROSOLES,5010,BOLSA BASURA PAPELERA,80000,EKONO,MARCA PROPIA                                      ,Insuperables Marca Propia
Gran Consumo,Surtimax,3111952,Detergente Bicarbonato/Vinagre,97,CUIDADO ROPA,1021,DETERGENTES CONVENCIONALES,24666,T/L/D TODOS LOS DIAS,MARCA PROPIA                                      ,Insuperables Marca Propia
Gran Consumo,Surtimax,3111954,Detergente Bicarbonato/Vinagre,97,CUIDADO ROPA,1021,DETERGENTES CONVENCIONALES,36937,CARULLA,MARCA PROPIA                                      ,Insuperables Marca Propia
Gran Consumo,Surtimax,3136901,Lavaloza Crema,405,LIMPIADORES E IMPLEMENTOS ASEO,4510,LAVALOZA CREMAS/GEL,80000,EKONO,MARCA PROPIA                                      ,Insuperables Marca Propia
Gran Consumo,Surtimax,3181319,Jabon en barra azul x 3 und,97,CUIDADO ROPA,930,JABON DE LAVAR LIMPIEZA BASICA,80000,EKONO,MARCA PROPIA                                      ,Insuperables Marca Propia
Gran Consumo,Surtimax,3188259,Vino Blanco,95,LICORES Y CIGARRILLOS,821,VINO BLANCOS MESA,23535,CRUZARES MARCA EXCLUSIVA,MARCA EXCLUSIVA                                   ,Insuperables Marca Propia
Gran Consumo,Surtimax,3188260,Vino tinto,95,LICORES Y CIGARRILLOS,811,VINO TINTOS MESA,23535,CRUZARES MARCA EXCLUSIVA,MARCA EXCLUSIVA                                   ,Insuperables Marca Propia
Gran Consumo,Surtimax,3191553,Papel Higiénico x12 Rollos,67,PAPELES Y ABSORBENTES,8020,PAPEL HIGIENICO RENDIDOR,36937,CARULLA,MARCA PROPIA                                      ,Insuperables Marca Propia
Gran Consumo,Surtimax,3197410,Vino Lambrusco Rosado,95,LICORES Y CIGARRILLOS,845,VINO ESPUMOSO Y CHAMPANA,29709,LA PIUMA MARCA EXCLUSIVA,MARCA EXCLUSIVA                                   ,Insuperables Marca Propia
Gran Consumo,Surtimax,3208370,Jabon Liq Espum Bamboo Forest,406,CUIDADO CORPORAL,1230,JABON LIQUIDOS,14401,PERSONAL CHOICE MARCA EXCLUSIV,MARCA EXCLUSIVA                                   ,Insuperables Marca Propia
Gran Consumo,Surtimax,3211605,Aceite de Coco Organico,403,ACEITES COMESTIBLES,7840,OTROS ACEITES,50000,TAEQ,MARCA PROPIA                                      ,Insuperables Marca Propia
Gran Consumo,Surtimax,3226878,Almendra Natural,59,PASABOCAS,5620,OTROS DE REPOSTERIA,17798,FRESCAMPO,MARCA PROPIA                                      ,Insuperables Marca Propia
Gran Consumo,Surtimax,3250382,Harina de Maiz Precocida Amar,93,GALLETAS Y HARINAS,4525,HARINA PRECOCIDA MAIZ,17798,FRESCAMPO,MARCA PROPIA                                      ,Insuperables Marca Propia
Gran Consumo,Surtimax,3250386,Harina de Maiz Precocida Blan,93,GALLETAS Y HARINAS,4525,HARINA PRECOCIDA MAIZ,17798,FRESCAMPO,MARCA PROPIA                                      ,Insuperables Marca Propia
Gran Consumo,Surtimax,3254338,Caldo De Gallina 12 Cubos,402,SALSAS Y CONDIMENTOS,6610,CALDOS GALLINA,80000,EKONO,MARCA PROPIA                                      ,Insuperables Marca Propia
Gran Consumo,Surtimax,3254342,Caldo De Gallina 8 Cubos,402,SALSAS Y CONDIMENTOS,6610,CALDOS GALLINA,80000,EKONO,MARCA PROPIA                                      ,Insuperables Marca Propia
Gran Consumo,Surtimax,3254344,Caldo De Costilla 8 Cubos,402,SALSAS Y CONDIMENTOS,6620,CALDOS OTROS,17798,FRESCAMPO,MARCA PROPIA                                      ,Insuperables Marca Propia
Gran Consumo,Surtimax,3254345,Caldo De Costilla 12 Cubos,402,SALSAS Y CONDIMENTOS,6620,CALDOS OTROS,17798,FRESCAMPO,MARCA PROPIA                                      ,Insuperables Marca Propia
Gran Consumo,Surtimax,3257072,Aceite Vegetal,403,ACEITES COMESTIBLES,7820,ACEITES MEZCLAS,17798,FRESCAMPO,MARCA PROPIA                                      ,Insuperables Marca Propia
Gran Consumo,Surtimax,3257073,Aceite Vegetal,403,ACEITES COMESTIBLES,7820,ACEITES MEZCLAS,17798,FRESCAMPO,MARCA PROPIA                                      ,Insuperables Marca Propia
Gran Consumo,Surtimax,3259113,Atun Lomo Agua,94,ENLATADOS,2110,ATUNES EN AGUA,20000,EXITO MARCA PROPIA,MARCA PROPIA                                      ,Insuperables Marca Propia
Gran Consumo,Surtimax,3259114,Atun Lomo Agua,94,ENLATADOS,2110,ATUNES EN AGUA,36937,CARULLA,MARCA PROPIA                                      ,Insuperables Marca Propia
Gran Consumo,Surtimax,3260266,Durazno en Almibar,94,ENLATADOS,7260,DURAZNOS/MELOCOTON CONSERVA,17798,FRESCAMPO,MARCA PROPIA                                      ,Insuperables Marca Propia
Gran Consumo,Surtimax,3264842,Papel Higienico Premium 3HX12,67,PAPELES Y ABSORBENTES,8010,PAPEL HIGIENICO PREMIUM,20000,EXITO MARCA PROPIA,MARCA PROPIA                                      ,Insuperables Marca Propia
Gran Consumo,Surtimax,3264843,Papel Higienico Premium 3HX12,67,PAPELES Y ABSORBENTES,8010,PAPEL HIGIENICO PREMIUM,36937,CARULLA,MARCA PROPIA                                      ,Insuperables Marca Propia
Gran Consumo,Surtimax,3264845,Papel Higienico Premium 3HX12,67,PAPELES Y ABSORBENTES,8010,PAPEL HIGIENICO PREMIUM,24666,T/L/D TODOS LOS DIAS,MARCA PROPIA                                      ,Insuperables Marca Propia
Gran Consumo,Surtimax,3276481,Atun Lomo Aceite,94,ENLATADOS,2120,ATUNES EN ACEITE,20000,EXITO MARCA PROPIA,MARCA PROPIA                                      ,Insuperables Marca Propia
Gran Consumo,Surtimax,3276485,Atun Lomo Aceite,94,ENLATADOS,2120,ATUNES EN ACEITE,36937,CARULLA,MARCA PROPIA                                      ,Insuperables Marca Propia
Gran Consumo,Surtimax,3277050,Tostada Blanca,81,PANADERIA INUSTRI.Y REPOSTERIA,1970,TOSTADAS,80000,EKONO,MARCA PROPIA                                      ,Insuperables Marca Propia
Gran Consumo,Surtimax,3280457,Queso Parmesano,83,DERIVADOS LACTEOS,2570,RALLADOS,20000,EXITO MARCA PROPIA,MARCA PROPIA                                      ,Insuperables Marca Propia
Gran Consumo,Surtimax,3283975,Arena para gatos,401,MASCOTAS,1435,ARENAS Y TAPETES,33444,PUK?,MARCA PROPIA                                      ,Insuperables Marca Propia
Gran Consumo,Surtimax,3287802,Atún Rallado Aceite,94,ENLATADOS,2140,DESMENUZADO,80000,EKONO,MARCA PROPIA                                      ,Insuperables Marca Propia
Gran Consumo,Surtimax,3295502,Galletas Wafer Vainilla,93,GALLETAS Y HARINAS,1621,GALLETAS WAFER,20000,EXITO MARCA PROPIA,MARCA PROPIA                                      ,Insuperables Marca Propia
Gran Consumo,Surtimax,3295503,Galletas Wafer Chocolate,93,GALLETAS Y HARINAS,1621,GALLETAS WAFER,20000,EXITO MARCA PROPIA,MARCA PROPIA                                      ,Insuperables Marca Propia
Gran Consumo,Surtimax,3295559,Galletas Cremadas Vainilla,93,GALLETAS Y HARINAS,1631,GALLETAS CREMADAS,20000,EXITO MARCA PROPIA,MARCA PROPIA                                      ,Insuperables Marca Propia
Gran Consumo,Surtimax,3295560,Galletas Cremadas Chocolate,93,GALLETAS Y HARINAS,1631,GALLETAS CREMADAS,20000,EXITO MARCA PROPIA,MARCA PROPIA                                      ,Insuperables Marca Propia
Gran Consumo,Surtimax,3295561,Galletas Cremadas Fresa,93,GALLETAS Y HARINAS,1631,GALLETAS CREMADAS,20000,EXITO MARCA PROPIA,MARCA PROPIA                                      ,Insuperables Marca Propia
Gran Consumo,Surtimax,3298214,Queso Parmesano,83,DERIVADOS LACTEOS,2570,RALLADOS,36937,CARULLA,MARCA PROPIA                                      ,Insuperables Marca Propia
Gran Consumo,Surtimax,3299409,Alimento Perro Adulto,401,MASCOTAS,820,ALIMENTOS PERROS,33444,PUK?,MARCA PROPIA                                      ,Insuperables Marca Propia
Gran Consumo,Surtimax,3299410,Alimento Perro Adulto,401,MASCOTAS,820,ALIMENTOS PERROS,33444,PUK?,MARCA PROPIA                                      ,Insuperables Marca Propia
Gran Consumo,Surtimax,3299411,Alimento Perro Adulto,401,MASCOTAS,820,ALIMENTOS PERROS,33444,PUK?,MARCA PROPIA                                      ,Insuperables Marca Propia
Gran Consumo,Surtimax,3300670,Pan Tajado Blanco,81,PANADERIA INUSTRI.Y REPOSTERIA,1910,PAN TAJADO,80000,EKONO,MARCA PROPIA                                      ,Insuperables Marca Propia
Gran Consumo,Surtimax,3310407,Azúcar Blanco Especial,90,GRANOS,7120,AZUCAR BLANCO ESPECIAL,17798,FRESCAMPO,MARCA PROPIA                                      ,Insuperables Marca Propia
Gran Consumo,Surtimax,3310410,Azúcar Blanco Especial,90,GRANOS,7120,AZUCAR BLANCO ESPECIAL,20000,EXITO MARCA PROPIA,MARCA PROPIA                                      ,Insuperables Marca Propia
Gran Consumo,Surtimax,3310412,Azúcar Morena,90,GRANOS,7130,AZUCAR MORENA,20000,EXITO MARCA PROPIA,MARCA PROPIA                                      ,Insuperables Marca Propia
Gran Consumo,Surtimax,3310418,Azúcar Morena,90,GRANOS,7130,AZUCAR MORENA,17798,FRESCAMPO,MARCA PROPIA                                      ,Insuperables Marca Propia
Gran Consumo,Surtimax,3318957,Salsa BBQ,402,SALSAS Y CONDIMENTOS,3525,SALSAS BBQ,20000,EXITO MARCA PROPIA,MARCA PROPIA                                      ,Insuperables Marca Propia
Gran Consumo,Surtimax,3320441,Lomo de Atún en Aceite Tripack,94,ENLATADOS,2120,ATUNES EN ACEITE,20000,EXITO MARCA PROPIA,MARCA PROPIA                                      ,Insuperables Marca Propia
Gran Consumo,Surtimax,3322065,Pan Súper Perro con Ajonjolí,81,PANADERIA INUSTRI.Y REPOSTERIA,1920,PAN PERRO,20000,EXITO MARCA PROPIA,MARCA PROPIA                                      ,Insuperables Marca Propia
Gran Consumo,Surtimax,3325409,Shampoo de Bebé,96,CUIDADO CAPILAR Y ACCESORIOS,1340,SHAMPOO BEBES NINOS,14401,PERSONAL CHOICE MARCA EXCLUSIV,MARCA EXCLUSIVA                                   ,Insuperables Marca Propia
Gran Consumo,Surtimax,3326788,Leche Semid Deslact UHT Paquet,83,DERIVADOS LACTEOS,1385,LECHE LIQUIDA UHT BOLSA,20000,EXITO MARCA PROPIA,MARCA PROPIA                                      ,Insuperables Marca Propia
Gran Consumo,Surtimax,3326790,Leche Semid Deslact UHT,83,DERIVADOS LACTEOS,1385,LECHE LIQUIDA UHT BOLSA,20000,EXITO MARCA PROPIA,MARCA PROPIA                                      ,Insuperables Marca Propia
Gran Consumo,Surtimax,3326792,Leche Entera UHT,83,DERIVADOS LACTEOS,1385,LECHE LIQUIDA UHT BOLSA,20000,EXITO MARCA PROPIA,MARCA PROPIA                                      ,Insuperables Marca Propia
Gran Consumo,Surtimax,3326794,Leche Entera UHT Paquete,83,DERIVADOS LACTEOS,1385,LECHE LIQUIDA UHT BOLSA,20000,EXITO MARCA PROPIA,MARCA PROPIA                                      ,Insuperables Marca Propia
Gran Consumo,Surtimax,3326796,Leche Entera UHT Max,83,DERIVADOS LACTEOS,1385,LECHE LIQUIDA UHT BOLSA,20000,EXITO MARCA PROPIA,MARCA PROPIA                                      ,Insuperables Marca Propia
Gran Consumo,Surtimax,3326797,Leche Semid Deslact UHT,83,DERIVADOS LACTEOS,1385,LECHE LIQUIDA UHT BOLSA,17798,FRESCAMPO,MARCA PROPIA                                      ,Insuperables Marca Propia
Gran Consumo,Surtimax,3326798,Leche Semid Deslact UHT Paquet,83,DERIVADOS LACTEOS,1385,LECHE LIQUIDA UHT BOLSA,17798,FRESCAMPO,MARCA PROPIA                                      ,Insuperables Marca Propia
Gran Consumo,Surtimax,3326799,Leche Entera UHT,83,DERIVADOS LACTEOS,1385,LECHE LIQUIDA UHT BOLSA,17798,FRESCAMPO,MARCA PROPIA                                      ,Insuperables Marca Propia
Gran Consumo,Surtimax,3326800,Leche Entera UHT Paquete Max,83,DERIVADOS LACTEOS,1385,LECHE LIQUIDA UHT BOLSA,20000,EXITO MARCA PROPIA,MARCA PROPIA                                      ,Insuperables Marca Propia
Gran Consumo,Surtimax,3326801,Leche Entera UHT Paquete,83,DERIVADOS LACTEOS,1385,LECHE LIQUIDA UHT BOLSA,17798,FRESCAMPO,MARCA PROPIA                                      ,Insuperables Marca Propia
Gran Consumo,Surtimax,3327580,Crema Cocoa & Karite,406,CUIDADO CORPORAL,1310,CREMAS HUMECTANTES,14401,PERSONAL CHOICE MARCA EXCLUSIV,MARCA EXCLUSIVA                                   ,Insuperables Marca Propia
Gran Consumo,Surtimax,3327581,Crema Aloe Vera,406,CUIDADO CORPORAL,1310,CREMAS HUMECTANTES,14401,PERSONAL CHOICE MARCA EXCLUSIV,MARCA EXCLUSIVA                                   ,Insuperables Marca Propia
Gran Consumo,Surtimax,3327582,Crema Almendras,406,CUIDADO CORPORAL,1310,CREMAS HUMECTANTES,14401,PERSONAL CHOICE MARCA EXCLUSIV,MARCA EXCLUSIVA                                   ,Insuperables Marca Propia
Gran Consumo,Surtimax,3327584,Crema Para Bebé,406,CUIDADO CORPORAL,1350,CREMAS HUMECTANTES BEBE,14401,PERSONAL CHOICE MARCA EXCLUSIV,MARCA EXCLUSIVA                                   ,Insuperables Marca Propia
Gran Consumo,Surtimax,3330627,Aceite De Oliva Virgen Extra,403,ACEITES COMESTIBLES,7815,ACEITE OLIVA,17798,FRESCAMPO,MARCA PROPIA                                      ,Insuperables Marca Propia
Gran Consumo,Surtimax,3330630,Aceite de Oliva Extra Virgen,403,ACEITES COMESTIBLES,7815,ACEITE OLIVA,20000,EXITO MARCA PROPIA,MARCA PROPIA                                      ,Insuperables Marca Propia
Gran Consumo,Surtimax,3331366,Bocadillo Dulce En Hoja De Bij,402,SALSAS Y CONDIMENTOS,6760,BOCADILLOS,17798,FRESCAMPO,MARCA PROPIA                                      ,Insuperables Marca Propia
Gran Consumo,Surtimax,3331394,Queso Tipo Sanduche,83,DERIVADOS LACTEOS,2575,MOZARELLA/DOBLECREMA,17798,FRESCAMPO,MARCA PROPIA                                      ,Insuperables Marca Propia
Gran Consumo,Surtimax,3333297,Shampoo Acai Y Romero,96,CUIDADO CAPILAR Y ACCESORIOS,1310,SHAMPOO 1 EN 1,36839,ALGABO MARCA EXCLUSIVA,MARCA EXCLUSIVA                                   ,Insuperables Marca Propia
Gran Consumo,Surtimax,3333758,Crema Corporal Lubricante,406,CUIDADO CORPORAL,1310,CREMAS HUMECTANTES,14401,PERSONAL CHOICE MARCA EXCLUSIV,MARCA EXCLUSIVA                                   ,Insuperables Marca Propia
Gran Consumo,Surtimax,3336532,Maicitos Dulces Enlatados,94,ENLATADOS,1525,MAICES CONSERVA,17798,FRESCAMPO,MARCA PROPIA                                      ,Insuperables Marca Propia
Gran Consumo,Surtimax,3343468,Lavaloza Ekono Limon,405,LIMPIADORES E IMPLEMENTOS ASEO,4510,LAVALOZA CREMAS/GEL,80000,EKONO,MARCA PROPIA                                      ,Insuperables Marca Propia
Gran Consumo,Surtimax,3344695,Granola,93,GALLETAS Y HARINAS,4410,GRANOLAS,80000,EKONO,MARCA PROPIA                                      ,Insuperables Marca Propia
Gran Consumo,Surtimax,3344697,Granola Coco,93,GALLETAS Y HARINAS,4410,GRANOLAS,20000,EXITO MARCA PROPIA,MARCA PROPIA                                      ,Insuperables Marca Propia
Gran Consumo,Surtimax,3354234,Esparcible,83,DERIVADOS LACTEOS,2041,MARGARINA O ESPARCIBLE DE MESA,80000,EKONO,MARCA PROPIA                                      ,Insuperables Marca Propia
Gran Consumo,Surtimax,3355096,Aceite de Girasol,403,ACEITES COMESTIBLES,7825,ACEITE GIRASOL,20000,EXITO MARCA PROPIA,MARCA PROPIA                                      ,Insuperables Marca Propia
Gran Consumo,Surtimax,3355098,Aceite de Girasol,403,ACEITES COMESTIBLES,7825,ACEITE GIRASOL,36937,CARULLA,MARCA PROPIA                                      ,Insuperables Marca Propia
Gran Consumo,Surtimax,3355100,Aceite de Girasol,403,ACEITES COMESTIBLES,7825,ACEITE GIRASOL,17798,FRESCAMPO,MARCA PROPIA                                      ,Insuperables Marca Propia
Gran Consumo,Surtimax,3373213,Torta Negra Lonchera,81,PANADERIA INUSTRI.Y REPOSTERIA,5536,TAJADAS SIN CUBIERTA,80000,EKONO,MARCA PROPIA                                      ,Insuperables Marca Propia
Gran Consumo,Surtimax,3382405,Papel Higienico 4 Rollos,67,PAPELES Y ABSORBENTES,8020,PAPEL HIGIENICO RENDIDOR,24666,T/L/D TODOS LOS DIAS,MARCA PROPIA                                      ,Insuperables Marca Propia
Gran Consumo,Surtimax,3397990,Azucar Blanco,90,GRANOS,7120,AZUCAR BLANCO ESPECIAL,36937,CARULLA,MARCA PROPIA                                      ,Insuperables Marca Propia
Gran Consumo,Surtimax,3400652,Aceite de Girasol,403,ACEITES COMESTIBLES,7825,ACEITE GIRASOL,36937,CARULLA,MARCA PROPIA                                      ,Insuperables Marca Propia
Gran Consumo,Surtimax,3400653,Aceite de Girasol,403,ACEITES COMESTIBLES,7825,ACEITE GIRASOL,17798,FRESCAMPO,MARCA PROPIA                                      ,Insuperables Marca Propia
Gran Consumo,Surtimax,3403501,Suavizante Aroma Floral,97,CUIDADO ROPA,1210,SUAVIZANTES REGULAR,36937,CARULLA,MARCA PROPIA                                      ,Insuperables Marca Propia
Gran Consumo,Surtimax,3403502,Suavizante Aroma Floral,97,CUIDADO ROPA,1210,SUAVIZANTES REGULAR,24666,T/L/D TODOS LOS DIAS,MARCA PROPIA                                      ,Insuperables Marca Propia
Gran Consumo,Surtimax,3403530,Suavizante Aroma Floral,97,CUIDADO ROPA,1210,SUAVIZANTES REGULAR,36937,CARULLA,MARCA PROPIA                                      ,Insuperables Marca Propia
Gran Consumo,Surtimax,3403551,Suavizante Aroma Floral,97,CUIDADO ROPA,1210,SUAVIZANTES REGULAR,20000,EXITO MARCA PROPIA,MARCA PROPIA                                      ,Insuperables Marca Propia
Gran Consumo,Surtimax,3403552,Suavizante Aroma Floral,97,CUIDADO ROPA,1210,SUAVIZANTES REGULAR,20000,EXITO MARCA PROPIA,MARCA PROPIA                                      ,Insuperables Marca Propia
Gran Consumo,Surtimax,3403555,Suavizante Aroma Floral,97,CUIDADO ROPA,1210,SUAVIZANTES REGULAR,24666,T/L/D TODOS LOS DIAS,MARCA PROPIA                                      ,Insuperables Marca Propia
Gran Consumo,Surtimax,3436274,Aceite De Aguacate,403,ACEITES COMESTIBLES,7840,OTROS ACEITES,50000,TAEQ,MARCA PROPIA                                      ,Insuperables Marca Propia
Gran Consumo,Surtimax,3453139,Galletas Saladas x 3 Tacos,93,GALLETAS Y HARINAS,2021,CRACKERS TRADICIONAL,17798,FRESCAMPO,MARCA PROPIA                                      ,Insuperables Marca Propia
Gran Consumo,Surtimax,3454318,Chocolate Clavos Y Canela,92,BEBIDAS CALIENT/Y ALMT.NATURIS,6050,CHOCOLATES ALINADOS DULCE,80000,EKONO,MARCA PROPIA                                      ,Insuperables Marca Propia
Gran Consumo,Surtimax,3462328,Bolsa De Basura Blanca,404,DESECHABLES Y AEROSOLES,5030,BOLSA BASURA RESIDENCIAL,80000,EKONO,MARCA PROPIA                                      ,Insuperables Marca Propia
Gran Consumo,Surtimax,3462329,Bolsa De Basura Negra,404,DESECHABLES Y AEROSOLES,5030,BOLSA BASURA RESIDENCIAL,80000,EKONO,MARCA PROPIA                                      ,Insuperables Marca Propia
Gran Consumo,Surtimax,3462330,Bolsa De Basura Verde,404,DESECHABLES Y AEROSOLES,5030,BOLSA BASURA RESIDENCIAL,80000,EKONO,MARCA PROPIA                                      ,Insuperables Marca Propia
Gran Consumo,Surtimax,3475406,Arepa Tela,83,DERIVADOS LACTEOS,4080,AREPAS BLANCAS,80000,EKONO,MARCA PROPIA                                      ,Insuperables Marca Propia
Gran Consumo,Surtimax,3479458,Queso Mozzarella Tajado,83,DERIVADOS LACTEOS,2575,MOZARELLA/DOBLECREMA,20000,EXITO MARCA PROPIA,MARCA PROPIA                                      ,Insuperables Marca Propia
Gran Consumo,Surtimax,3491790,Detergente Liquido Floral,97,CUIDADO ROPA,1011,DETERGENTES LIQUIDOS,20000,EXITO MARCA PROPIA,MARCA PROPIA                                      ,Insuperables Marca Propia
Gran Consumo,Surtimax,3507566,Galletas Saladas,93,GALLETAS Y HARINAS,2021,CRACKERS TRADICIONAL,17798,FRESCAMPO,MARCA PROPIA                                      ,Insuperables Marca Propia
Gran Consumo,Surtimax,3511293,Detergente liquido floral,97,CUIDADO ROPA,1011,DETERGENTES LIQUIDOS,36937,CARULLA,MARCA PROPIA                                      ,Insuperables Marca Propia
Gran Consumo,Surtimax,3511294,Detergente liquido floral,97,CUIDADO ROPA,1011,DETERGENTES LIQUIDOS,24666,T/L/D TODOS LOS DIAS,MARCA PROPIA                                      ,Insuperables Marca Propia
Gran Consumo,Surtimax,3518647,Papel Higiénico X 12 Rollos,67,PAPELES Y ABSORBENTES,8020,PAPEL HIGIENICO RENDIDOR,20000,EXITO MARCA PROPIA,MARCA PROPIA                                      ,Insuperables Marca Propia
Gran Consumo,Surtimax,3519268,Jabón Antibacterial Avena,406,CUIDADO CORPORAL,1221,JABON ANTIBACTERIALES/MEDICADO,20000,EXITO MARCA PROPIA,MARCA PROPIA                                      ,Insuperables Marca Propia
Gran Consumo,Surtimax,403042,Agua Sin Gas,63,BEBIDAS LIQUIDAS NO ALCOHOLICA,6710,AGUA NORMAL,20000,EXITO MARCA PROPIA,MARCA PROPIA                                      ,Insuperables Marca Propia
Gran Consumo,Surtimax,405927,PAPEL HIG BLANCO TRIPLE HOJA,67,PAPELES Y ABSORBENTES,8020,PAPEL HIGIENICO RENDIDOR,20000,EXITO MARCA PROPIA,MARCA PROPIA                                      ,Insuperables Marca Propia
Gran Consumo,Surtimax,425724,&SERVILLETA DOBLADA,67,PAPELES Y ABSORBENTES,7510,SERVILLETAS NORMALES,36937,CARULLA,MARCA PROPIA                                      ,Insuperables Marca Propia
Gran Consumo,Surtimax,426831,GUANTES DOMESTICOS TALLA 8,405,LIMPIADORES E IMPLEMENTOS ASEO,5811,GUANTES DOMESTICOS,80000,EKONO,MARCA PROPIA                                      ,Insuperables Marca Propia
Gran Consumo,Surtimax,429306,Esponja Doble Uso 2Pack,405,LIMPIADORES E IMPLEMENTOS ASEO,4450,ESPUMAS Y PLASTICAS,80000,EKONO,MARCA PROPIA                                      ,Insuperables Marca Propia
Gran Consumo,Surtimax,438331,Cafe Molido,92,BEBIDAS CALIENT/Y ALMT.NATURIS,5610,CAFE MOLIDO,80000,EKONO,MARCA PROPIA                                      ,Insuperables Marca Propia
Gran Consumo,Surtimax,489509,Servilleta Blanca De Lujo,67,PAPELES Y ABSORBENTES,7520,SERVILLETAS LUJO,36937,CARULLA,MARCA PROPIA                                      ,Insuperables Marca Propia
Gran Consumo,Surtimax,580153,PAPEL HIGIENICO,67,PAPELES Y ABSORBENTES,8020,PAPEL HIGIENICO RENDIDOR,20000,EXITO MARCA PROPIA,MARCA PROPIA                                      ,Insuperables Marca Propia
Gran Consumo,Surtimax,598300,Toalla Cocina Doble Hoj 1 Roll,67,PAPELES Y ABSORBENTES,2020,TOALLAS COCINA DESECHABLE,80000,EKONO,MARCA PROPIA                                      ,Insuperables Marca Propia
Gran Consumo,Surtimax,620120,Toallita Humeda con Aloe Vera,67,PAPELES Y ABSORBENTES,8540,TOALLITAS HUMEDAS BABY OTROS U,14401,PERSONAL CHOICE MARCA EXCLUSIV,MARCA EXCLUSIVA                                   ,Insuperables Marca Propia
Gran Consumo,Surtimax,894020,Vino Tinto,95,LICORES Y CIGARRILLOS,811,VINO TINTOS MESA,23535,CRUZARES MARCA EXCLUSIVA,MARCA EXCLUSIVA                                   ,Insuperables Marca Propia
Gran Consumo,Surtimax,894119,Vino Rosado,95,LICORES Y CIGARRILLOS,832,VINO ROSADOS MESA,23535,CRUZARES MARCA EXCLUSIVA,MARCA EXCLUSIVA                                   ,Insuperables Marca Propia
Gran Consumo,Surtimax,894139,Vino Blanco,95,LICORES Y CIGARRILLOS,821,VINO BLANCOS MESA,23535,CRUZARES MARCA EXCLUSIVA,MARCA EXCLUSIVA                                   ,Insuperables Marca Propia
Gran Consumo,Surtimax,3298470,Queso Mozzarella Rallado,83,DERIVADOS LACTEOS,2575,MOZARELLA/DOBLECREMA,17798,FRESCAMPO,MARCA PROPIA                                      ,Insuperables Marca Propia
Gran Consumo,Surtimax,3506935,Aceite De Soya,403,ACEITES COMESTIBLES,7840,OTROS ACEITES,17798,FRESCAMPO,MARCA PROPIA                                      ,Insuperables Marca Propia
Gran Consumo,Surtimax,3506936,Aceite De Soya,403,ACEITES COMESTIBLES,7840,OTROS ACEITES,17798,FRESCAMPO,MARCA PROPIA                                      ,Insuperables Marca Propia
Gran Consumo,Surtimax,3540220,Leche En Polvo Entera,69,MEZCLAS Y BEBIDAS EN POLVO,3210,LECHE EN POLVO ENTERA,17798,FRESCAMPO,MARCA PROPIA                                      ,Insuperables Marca Propia
Gran Consumo,Surtimax,3540222,Leche En Polvo Entera,69,MEZCLAS Y BEBIDAS EN POLVO,3210,LECHE EN POLVO ENTERA,17798,FRESCAMPO,MARCA PROPIA                                      ,Insuperables Marca Propia
Gran Consumo,Surtimax,3493914,Yogurt Griego Natural,83,DERIVADOS LACTEOS,1220,YOGURT TIPO GRIEGO,17798,FRESCAMPO,MARCA PROPIA                                      ,Insuperables Marca Propia
Gran Consumo,Surtimax,3298212,Queso Mozzarella Tajado,83,DERIVADOS LACTEOS,2575,MOZARELLA/DOBLECREMA,36937,CARULLA,MARCA PROPIA                                      ,Insuperables Marca Propia
Gran Consumo,Surtimax,3537862,Guantes Semi Industrial,405,LIMPIADORES E IMPLEMENTOS ASEO,5821,GUANTES INDUSTRIALES,80000,EKONO,MARCA PROPIA                                      ,Insuperables Marca Propia
Gran Consumo,Surtimax,3454319,Chocolate Tradicional,92,BEBIDAS CALIENT/Y ALMT.NATURIS,6020,CHOCOLATES DULCES,80000,EKONO,MARCA PROPIA                                      ,Insuperables Marca Propia
Gran Consumo,Surtimax,3305484,Harina de Trigo,93,GALLETAS Y HARINAS,4510,HARINA DE TRIGO,17798,FRESCAMPO,MARCA PROPIA                                      ,Insuperables Marca Propia
Gran Consumo,Surtimax,3585499,Yogurt Griego Natural,83,DERIVADOS LACTEOS,1220,YOGURT TIPO GRIEGO,17798,FRESCAMPO,MARCA PROPIA                                      ,Insuperables Marca Propia
Gran Consumo,Surtimax,3511181,Lavaloza Liquido,405,LIMPIADORES E IMPLEMENTOS ASEO,4520,LAVALOZAS LIQUIDOS,36937,CARULLA,MARCA PROPIA                                      ,Insuperables Marca Propia
Gran Consumo,Surtimax,3588696,Suavizante Manzana,97,CUIDADO ROPA,1210,SUAVIZANTES REGULAR,20000,EXITO MARCA PROPIA,MARCA PROPIA                                      ,Insuperables Marca Propia
Gran Consumo,Surtimax,3588697,Suavizante Manzana,97,CUIDADO ROPA,1210,SUAVIZANTES REGULAR,20000,EXITO MARCA PROPIA,MARCA PROPIA                                      ,Insuperables Marca Propia
Gran Consumo,Surtimax,1762859,Papel Higienico Blanco Max,67,PAPELES Y ABSORBENTES,8020,PAPEL HIGIENICO RENDIDOR,24666,T/L/D TODOS LOS DIAS,MARCA PROPIA                                      ,Insuperables Marca Propia
Gran Consumo,Surtimax,3259112,Atun Lomo Agua,94,ENLATADOS,2110,ATUNES EN AGUA,17798,FRESCAMPO,MARCA PROPIA                                      ,Insuperables Marca Propia
Gran Consumo,Surtimax,3276488,Atun Lomitos En Aceite,94,ENLATADOS,2120,ATUNES EN ACEITE,17798,FRESCAMPO,MARCA PROPIA                                      ,Insuperables Marca Propia
Gran Consumo,Surtimax,3618631,Leche Entera En Caja,83,DERIVADOS LACTEOS,1390,LECHE LIQUIDA UHT CAJA,20000,EXITO MARCA PROPIA,MARCA PROPIA                                      ,Insuperables Marca Propia
Gran Consumo,Surtimax,3623259,Limpia Pisos Bicarbonato,405,LIMPIADORES E IMPLEMENTOS ASEO,1928,LIMPIAPISOS EFICIENTES,24666,T/L/D TODOS LOS DIAS,MARCA PROPIA                                      ,Insuperables Marca Propia
Gran Consumo,Surtimax,3623260,Limpia Pisos Citronela,405,LIMPIADORES E IMPLEMENTOS ASEO,1910,LIMPIAPISOS AROMAT DESINFEC,24666,T/L/D TODOS LOS DIAS,MARCA PROPIA                                      ,Insuperables Marca Propia
Gran Consumo,Surtimax,3623261,Limpia Pisos Lavanda,405,LIMPIADORES E IMPLEMENTOS ASEO,1910,LIMPIAPISOS AROMAT DESINFEC,24666,T/L/D TODOS LOS DIAS,MARCA PROPIA                                      ,Insuperables Marca Propia
Gran Consumo,Surtimax,3564367,Conserva De Pescado En Salsa D,94,ENLATADOS,2735,OTROS PESCADOS,20000,EXITO MARCA PROPIA,MARCA PROPIA                                      ,Insuperables Marca Propia
Gran Consumo,Surtimax,3564368,Conserva De Pescado En Salsa D,94,ENLATADOS,2735,OTROS PESCADOS,20000,EXITO MARCA PROPIA,MARCA PROPIA                                      ,Insuperables Marca Propia
Gran Consumo,Surtimax,3633789,Conservas De Pescado,94,ENLATADOS,2735,OTROS PESCADOS,36937,CARULLA,MARCA PROPIA                                      ,Insuperables Marca Propia
Gran Consumo,Surtimax,3633790,Conservas De Pescado,94,ENLATADOS,2735,OTROS PESCADOS,36937,CARULLA,MARCA PROPIA                                      ,Insuperables Marca Propia
Gran Consumo,Surtimax,3636384,Pañal Desechable Talla G,67,PAPELES Y ABSORBENTES,9030,PANALES VALUE,80000,EKONO,MARCA PROPIA                                      ,Insuperables Marca Propia
Gran Consumo,Surtimax,3636385,Pañal Desechable Talla XG,67,PAPELES Y ABSORBENTES,9030,PANALES VALUE,80000,EKONO,MARCA PROPIA                                      ,Insuperables Marca Propia
Gran Consumo,Surtimax,3280455,Queso Parmesano,83,DERIVADOS LACTEOS,2570,RALLADOS,20000,EXITO MARCA PROPIA,MARCA PROPIA                                      ,Insuperables Marca Propia
Gran Consumo,Surtimax,3298211,Queso Parmesano,83,DERIVADOS LACTEOS,2570,RALLADOS,36937,CARULLA,MARCA PROPIA                                      ,Insuperables Marca Propia
Gran Consumo,Surtimax,3599997,Pañal Bebe Talla XXG,67,PAPELES Y ABSORBENTES,9030,PANALES VALUE,80000,EKONO,MARCA PROPIA                                      ,Insuperables Marca Propia
Gran Consumo,Surtimax,3293026,Soda,63,BEBIDAS LIQUIDAS NO ALCOHOLICA,7035,SODAS Y MEZCLADORES,17798,FRESCAMPO,MARCA PROPIA                                      ,Insuperables Marca Propia
Gran Consumo,Surtimax,3331337,Pasta Macarrones,93,GALLETAS Y HARINAS,4620,PASTAS COMUNES,80000,EKONO,MARCA PROPIA                                      ,Insuperables Marca Propia
Gran Consumo,Surtimax,3331340,Pasta Conchas,93,GALLETAS Y HARINAS,4620,PASTAS COMUNES,80000,EKONO,MARCA PROPIA                                      ,Insuperables Marca Propia
Gran Consumo,Surtimax,3331344,Pasta Spaghetti,93,GALLETAS Y HARINAS,4620,PASTAS COMUNES,80000,EKONO,MARCA PROPIA                                      ,Insuperables Marca Propia
Gran Consumo,Surtimax,3331345,Pasta Fideos,93,GALLETAS Y HARINAS,4620,PASTAS COMUNES,80000,EKONO,MARCA PROPIA                                      ,Insuperables Marca Propia
Gran Consumo,Surtimax,3111953,Detergente Bicarbonato/Vinagre,97,CUIDADO ROPA,1021,DETERGENTES CONVENCIONALES,20000,EXITO MARCA PROPIA,MARCA PROPIA                                      ,Insuperables Marca Propia
Gran Consumo,Surtimax,3331338,Pasta Fideos,93,GALLETAS Y HARINAS,4620,PASTAS COMUNES,80000,EKONO,MARCA PROPIA                                      ,Insuperables Marca Propia
Gran Consumo,Surtimax,3331339,Pasta Conchas,93,GALLETAS Y HARINAS,4620,PASTAS COMUNES,80000,EKONO,MARCA PROPIA                                      ,Insuperables Marca Propia
Gran Consumo,Surtimax,3331341,Pasta Macarrones,93,GALLETAS Y HARINAS,4620,PASTAS COMUNES,80000,EKONO,MARCA PROPIA                                      ,Insuperables Marca Propia
Gran Consumo,Surtimax,3331342,Pasta Spaghetti,93,GALLETAS Y HARINAS,4620,PASTAS COMUNES,80000,EKONO,MARCA PROPIA                                      ,Insuperables Marca Propia
Gran Consumo,Surtimax,3331343,Pasta Fideos,93,GALLETAS Y HARINAS,4620,PASTAS COMUNES,80000,EKONO,MARCA PROPIA                                      ,Insuperables Marca Propia
Gran Consumo,Surtimax,3331346,Pasta Spaghetti,93,GALLETAS Y HARINAS,4620,PASTAS COMUNES,80000,EKONO,MARCA PROPIA                                      ,Insuperables Marca Propia
Gran Consumo,Surtimax,3178712,Papel higiénico x 12 rollos,67,PAPELES Y ABSORBENTES,8020,PAPEL HIGIENICO RENDIDOR,20000,EXITO MARCA PROPIA,MARCA PROPIA                                      ,Insuperables Marca Propia
Gran Consumo,Surtimax,3226414,Blanqueador en Gel,405,LIMPIADORES E IMPLEMENTOS ASEO,830,BLANQUEADOR SIN FRAGANCIA,42192,GREEN CHOICE GENERATION,MARCA EXCLUSIVA                                   ,Insuperables Marca Propia
Gran Consumo,Surtimax,3511376,Jabon Doy Pack Avena Miel,406,CUIDADO CORPORAL,1230,JABON LIQUIDOS,14401,PERSONAL CHOICE MARCA EXCLUSIV,MARCA EXCLUSIVA                                   ,Insuperables Marca Propia
Gran Consumo,Surtimax,3511377,Jabon Doy Pack Pomegran Mango,406,CUIDADO CORPORAL,1230,JABON LIQUIDOS,14401,PERSONAL CHOICE MARCA EXCLUSIV,MARCA EXCLUSIVA                                   ,Insuperables Marca Propia
Gran Consumo,Surtimax,3118050,Alimento Para Gatos,401,MASCOTAS,840,ALIMENTOS GATOS,33444,PUK?,MARCA PROPIA                                      ,Insuperables Marca Propia
Gran Consumo,Surtimax,3131929,Alimento Para Gatos,401,MASCOTAS,840,ALIMENTOS GATOS,33444,PUK?,MARCA PROPIA                                      ,Insuperables Marca Propia
Gran Consumo,Surtimax,3289994,Alimento Perro Cachorro,401,MASCOTAS,820,ALIMENTOS PERROS,33444,PUK?,MARCA PROPIA                                      ,Insuperables Marca Propia
Gran Consumo,Surtimax,3299412,Alimento Perro Adulto,401,MASCOTAS,820,ALIMENTOS PERROS,33444,PUK?,MARCA PROPIA                                      ,Insuperables Marca Propia
Gran Consumo,Surtimax,3641982,Alimento Perro Adulto,401,MASCOTAS,820,ALIMENTOS PERROS,33444,PUK?,MARCA PROPIA                                      ,Insuperables Marca Propia
Gran Consumo,Surtimax,3635120,Locion Hidratante Corporal,406,CUIDADO CORPORAL,1310,CREMAS HUMECTANTES,24674,AMPM PLUS,MARCA PROPIA                                      ,Insuperables Marca Propia
Gran Consumo,Surtimax,3629361,Suavizante Floral,97,CUIDADO ROPA,1210,SUAVIZANTES REGULAR,20000,EXITO MARCA PROPIA,MARCA PROPIA                                      ,Insuperables Marca Propia
Gran Consumo,Surtimax,3629362,Detergente Liquido,97,CUIDADO ROPA,1011,DETERGENTES LIQUIDOS,20000,EXITO MARCA PROPIA,MARCA PROPIA                                      ,Insuperables Marca Propia
Gran Consumo,Surtimax,857637,Toalla Higien Delgada Con Alas,67,PAPELES Y ABSORBENTES,7020,TOALLAS HIGIENICAS,80000,EKONO,MARCA PROPIA                                      ,Insuperables Marca Propia
Gran Consumo,Surtimax,439586,Toalla Delgada Con Alas Tela,67,PAPELES Y ABSORBENTES,7020,TOALLAS HIGIENICAS,80000,EKONO,MARCA PROPIA                                      ,Insuperables Marca Propia
Gran Consumo,Surtimax,3026388,Toalla Higienica Nocturna,67,PAPELES Y ABSORBENTES,7020,TOALLAS HIGIENICAS,80000,EKONO,MARCA PROPIA                                      ,Insuperables Marca Propia
Gran Consumo,Surtimax,3032765,Toallas Higienicas Malla,67,PAPELES Y ABSORBENTES,7020,TOALLAS HIGIENICAS,80000,EKONO,MARCA PROPIA                                      ,Insuperables Marca Propia
Gran Consumo,Surtimax,3032766,Toallas Higienicas Malla,67,PAPELES Y ABSORBENTES,7020,TOALLAS HIGIENICAS,80000,EKONO,MARCA PROPIA                                      ,Insuperables Marca Propia
Gran Consumo,Surtimax,3454320,Chocolate Tradicional,92,BEBIDAS CALIENT/Y ALMT.NATURIS,6020,CHOCOLATES DULCES,80000,EKONO,MARCA PROPIA                                      ,Insuperables Marca Propia
Gran Consumo,Surtimax,3488624,Shampoo Hydra,96,CUIDADO CAPILAR Y ACCESORIOS,1310,SHAMPOO 1 EN 1,14401,PERSONAL CHOICE MARCA EXCLUSIV,MARCA EXCLUSIVA                                   ,Insuperables Marca Propia
Gran Consumo,Surtimax,3488625,Shampoo Cuidado Completo,96,CUIDADO CAPILAR Y ACCESORIOS,1310,SHAMPOO 1 EN 1,14401,PERSONAL CHOICE MARCA EXCLUSIV,MARCA EXCLUSIVA                                   ,Insuperables Marca Propia
Gran Consumo,Surtimax,3488626,Shampoo Regeneracion Diaria,96,CUIDADO CAPILAR Y ACCESORIOS,1310,SHAMPOO 1 EN 1,14401,PERSONAL CHOICE MARCA EXCLUSIV,MARCA EXCLUSIVA                                   ,Insuperables Marca Propia
Gran Consumo,Surtimax,3330631,Aceite de Oliva Extra Virgen,403,ACEITES COMESTIBLES,7815,ACEITE OLIVA,36937,CARULLA,MARCA PROPIA                                      ,Insuperables Marca Propia
Gran Consumo,Surtimax,3549008,Papel Higienico,67,PAPELES Y ABSORBENTES,8020,PAPEL HIGIENICO RENDIDOR,20000,EXITO MARCA PROPIA,MARCA PROPIA                                      ,Insuperables Marca Propia
Gran Consumo,Surtimax,3640363,Papel Higienico x24 Rollos,67,PAPELES Y ABSORBENTES,8020,PAPEL HIGIENICO RENDIDOR,36937,CARULLA,MARCA PROPIA                                      ,Insuperables Marca Propia
Gran Consumo,Surtimax,3670169,Limpiapisos Lavanda,405,LIMPIADORES E IMPLEMENTOS ASEO,1910,LIMPIAPISOS AROMAT DESINFEC,24666,T/L/D TODOS LOS DIAS,MARCA PROPIA                                      ,Insuperables Marca Propia
Gran Consumo,Surtimax,3685676,Crema Lavaloza Limon,405,LIMPIADORES E IMPLEMENTOS ASEO,4510,LAVALOZA CREMAS/GEL,80000,EKONO,MARCA PROPIA                                      ,Insuperables Marca Propia
Gran Consumo,Surtimax,3330628,Aceite de Oliva Extra Virgen,403,ACEITES COMESTIBLES,7815,ACEITE OLIVA,36937,CARULLA,MARCA PROPIA                                      ,Insuperables Marca Propia
Gran Consumo,Surtimax,3330634,Aceite de Oliva Extravirgen,403,ACEITES COMESTIBLES,7815,ACEITE OLIVA,20000,EXITO MARCA PROPIA,MARCA PROPIA                                      ,Insuperables Marca Propia
Gran Consumo,Surtimax,958531,Cafe Molido,92,BEBIDAS CALIENT/Y ALMT.NATURIS,5610,CAFE MOLIDO,80000,EKONO,MARCA PROPIA                                      ,Insuperables Marca Propia
Gran Consumo,Surtimax,3611606,Lomo Atún En Agua X4 Unds,94,ENLATADOS,2110,ATUNES EN AGUA,20000,EXITO MARCA PROPIA,MARCA PROPIA                                      ,Insuperables Marca Propia
Gran Consumo,Surtimax,216153,Agua Sin Gas,63,BEBIDAS LIQUIDAS NO ALCOHOLICA,6710,AGUA NORMAL,20000,EXITO MARCA PROPIA,MARCA PROPIA                                      ,Insuperables Marca Propia
Gran Consumo,Surtimax,975923,Agua Sin Gas,63,BEBIDAS LIQUIDAS NO ALCOHOLICA,6710,AGUA NORMAL,36937,CARULLA,MARCA PROPIA                                      ,Insuperables Marca Propia
Gran Consumo,Surtimax,1512413,Agua Sin Gas,63,BEBIDAS LIQUIDAS NO ALCOHOLICA,6710,AGUA NORMAL,17798,FRESCAMPO,MARCA PROPIA                                      ,Insuperables Marca Propia
Gran Consumo,Surtimax,3330624,Aceite de Oliva Virgen,403,ACEITES COMESTIBLES,7815,ACEITE OLIVA,36937,CARULLA,MARCA PROPIA                                      ,Insuperables Marca Propia
Gran Consumo,Surtimax,3519269,Jabón Tocador Aloe Vera,406,CUIDADO CORPORAL,1250,JABON LARGA DURACION ECONOMICO,80000,EKONO,MARCA PROPIA                                      ,Insuperables Marca Propia
Gran Consumo,Surtimax,3519270,Jabón Tocador Fresa,406,CUIDADO CORPORAL,1250,JABON LARGA DURACION ECONOMICO,80000,EKONO,MARCA PROPIA                                      ,Insuperables Marca Propia
Gran Consumo,Surtimax,3519271,Jabón Tocador Mandarina,406,CUIDADO CORPORAL,1250,JABON LARGA DURACION ECONOMICO,80000,EKONO,MARCA PROPIA                                      ,Insuperables Marca Propia
Gran Consumo,Surtimax,3330626,Aceite de Oliva Virgen,403,ACEITES COMESTIBLES,7815,ACEITE OLIVA,17798,FRESCAMPO,MARCA PROPIA                                      ,Insuperables Marca Propia
Gran Consumo,Surtimax,3394671,Aceite Vegetal,403,ACEITES COMESTIBLES,7820,ACEITES MEZCLAS,17798,FRESCAMPO,MARCA PROPIA                                      ,Insuperables Marca Propia
Gran Consumo,Surtimax,3359775,Matequilla Ghee,403,ACEITES COMESTIBLES,7840,OTROS ACEITES,50000,TAEQ,MARCA PROPIA                                      ,Insuperables Marca Propia
Gran Consumo,Surtimax,3611605,Lomo Atún Aceite Vegetal X4 Un,94,ENLATADOS,2120,ATUNES EN ACEITE,20000,EXITO MARCA PROPIA,MARCA PROPIA                                      ,Insuperables Marca Propia
Gran Consumo,Surtimax,3676126,Lomo Atun En Aceite Vegetal x,94,ENLATADOS,2120,ATUNES EN ACEITE,36937,CARULLA,MARCA PROPIA                                      ,Insuperables Marca Propia
Gran Consumo,Surtimax,3676127,Lomo Atun En Agua x 4 Unds,94,ENLATADOS,2110,ATUNES EN AGUA,36937,CARULLA,MARCA PROPIA                                      ,Insuperables Marca Propia
Gran Consumo,Surtimax,3709524,Detergente En Polvo Floral,97,CUIDADO ROPA,1021,DETERGENTES CONVENCIONALES,80000,EKONO,MARCA PROPIA                                      ,Insuperables Marca Propia
Gran Consumo,Surtimax,3709525,Detergente En Polvo Limon,97,CUIDADO ROPA,1021,DETERGENTES CONVENCIONALES,80000,EKONO,MARCA PROPIA                                      ,Insuperables Marca Propia
Gran Consumo,Surtimax,3641951,Gelatina Fresa-Uva-Fruto Rojos,69,MEZCLAS Y BEBIDAS EN POLVO,8710,GELATINA NORMAL,17798,FRESCAMPO,MARCA PROPIA                                      ,Insuperables Marca Propia
Gran Consumo,Surtimax,3641952,Gelatina Piña-Limón-Mandarina,69,MEZCLAS Y BEBIDAS EN POLVO,8710,GELATINA NORMAL,17798,FRESCAMPO,MARCA PROPIA                                      ,Insuperables Marca Propia
Gran Consumo,Surtimax,3711919,Quitamanchas En Polvo Primaver,97,CUIDADO ROPA,710,DESMANCHADORES POLVO,24666,T/L/D TODOS LOS DIAS,MARCA PROPIA                                      ,Insuperables Marca Propia
Gran Consumo,Surtimax,3330625,Aceite de Oliva Suave Sabor,403,ACEITES COMESTIBLES,7815,ACEITE OLIVA,20000,EXITO MARCA PROPIA,MARCA PROPIA                                      ,Insuperables Marca Propia
Gran Consumo,Surtimax,3330629,Aceite de Oliva Virgen,403,ACEITES COMESTIBLES,7815,ACEITE OLIVA,17798,FRESCAMPO,MARCA PROPIA                                      ,Insuperables Marca Propia
Gran Consumo,Surtimax,3330632,Aceite De Oliva Virgen Extra,403,ACEITES COMESTIBLES,7815,ACEITE OLIVA,17798,FRESCAMPO,MARCA PROPIA                                      ,Insuperables Marca Propia
Gran Consumo,Surtimax,3330633,Aceite de Oliva Virgen,403,ACEITES COMESTIBLES,7815,ACEITE OLIVA,36937,CARULLA,MARCA PROPIA                                      ,Insuperables Marca Propia
Gran Consumo,Surtimax,3717000,Arena Sanitaria Para Gatos,401,MASCOTAS,1435,ARENAS Y TAPETES,33444,PUK?,MARCA PROPIA                                      ,Insuperables Marca Propia
Gran Consumo,Surtimax,3694827,Suero Costeño Doypack,83,DERIVADOS LACTEOS,2555,ESPARCIBLES,17798,FRESCAMPO,MARCA PROPIA                                      ,Insuperables Marca Propia
Gran Consumo,Surtimax,1299743,AGUA PURA SIN GAS,63,BEBIDAS LIQUIDAS NO ALCOHOLICA,6710,AGUA NORMAL,17798,FRESCAMPO,MARCA PROPIA                                      ,Insuperables Marca Propia
Gran Consumo,Surtimax,1299744,Agua Pura Si Gas,63,BEBIDAS LIQUIDAS NO ALCOHOLICA,6710,AGUA NORMAL,17798,FRESCAMPO,MARCA PROPIA                                      ,Insuperables Marca Propia
Gran Consumo,Surtimax,3007968,Detergente en Polvo Oxigeno,97,CUIDADO ROPA,1021,DETERGENTES CONVENCIONALES,20000,EXITO MARCA PROPIA,MARCA PROPIA                                      ,Insuperables Marca Propia
Gran Consumo,Surtimax,8599,Cafe Molido,92,BEBIDAS CALIENT/Y ALMT.NATURIS,5610,CAFE MOLIDO,80000,EKONO,MARCA PROPIA                                      ,Insuperables Marca Propia
Gran Consumo,Surtimax,251157,Cafe Instantaneo Pulverizado,92,BEBIDAS CALIENT/Y ALMT.NATURIS,5620,CAFE INSTANTANEO,20000,EXITO MARCA PROPIA,MARCA PROPIA                                      ,Insuperables Marca Propia
Gran Consumo,Surtimax,253883,Cafe Instantaneo Granulado,92,BEBIDAS CALIENT/Y ALMT.NATURIS,5620,CAFE INSTANTANEO,20000,EXITO MARCA PROPIA,MARCA PROPIA                                      ,Insuperables Marca Propia
Gran Consumo,Surtimax,3023781,Talco antibacterial,406,CUIDADO CORPORAL,2430,TALCO POLVO HOMBRE,24674,AMPM PLUS,MARCA PROPIA                                      ,Insuperables Marca Propia
Gran Consumo,Surtimax,3382829,Agua De Linos,404,DESECHABLES Y AEROSOLES,4080,AROMACOLOGIA?ESENCIAS Y AROMAS,24666,T/L/D TODOS LOS DIAS,MARCA PROPIA                                      ,Insuperables Marca Propia
Gran Consumo,Surtimax,929943,Cafe Instantaneo Descafeinado,92,BEBIDAS CALIENT/Y ALMT.NATURIS,5625,CAFE INSTANTANEO DESCAFEINADO,36937,CARULLA,MARCA PROPIA                                      ,Insuperables Marca Propia
Gran Consumo,Surtimax,415569,Lavaloza Crema Limon,405,LIMPIADORES E IMPLEMENTOS ASEO,4510,LAVALOZA CREMAS/GEL,845,SURTIMAX,MARCA PROPIA                                      ,Insuperables Marca Propia
Gran Consumo,Surtimax,1006098,LAVALOZA CREMA LIMON,405,LIMPIADORES E IMPLEMENTOS ASEO,4510,LAVALOZA CREMAS/GEL,20000,EXITO MARCA PROPIA,MARCA PROPIA                                      ,Insuperables Marca Propia
Gran Consumo,Surtimax,1006100,LAVALOZA CREMA ALOE VERA,405,LIMPIADORES E IMPLEMENTOS ASEO,4510,LAVALOZA CREMAS/GEL,20000,EXITO MARCA PROPIA,MARCA PROPIA                                      ,Insuperables Marca Propia
Gran Consumo,Surtimax,1210171,LAVALOZA CREMA LIMON,405,LIMPIADORES E IMPLEMENTOS ASEO,4510,LAVALOZA CREMAS/GEL,36937,CARULLA,MARCA PROPIA                                      ,Insuperables Marca Propia
Gran Consumo,Surtimax,1210172,LAVALOZA CREMA TORONJA,405,LIMPIADORES E IMPLEMENTOS ASEO,4510,LAVALOZA CREMAS/GEL,36937,CARULLA,MARCA PROPIA                                      ,Insuperables Marca Propia
Gran Consumo,Surtimax,1210173,Lavaloza Crema Avena,405,LIMPIADORES E IMPLEMENTOS ASEO,4510,LAVALOZA CREMAS/GEL,36937,CARULLA,MARCA PROPIA                                      ,Insuperables Marca Propia
Gran Consumo,Surtimax,1210174,LAVALOZA CREMA ALOE VERA,405,LIMPIADORES E IMPLEMENTOS ASEO,4510,LAVALOZA CREMAS/GEL,36937,CARULLA,MARCA PROPIA                                      ,Insuperables Marca Propia
Gran Consumo,Surtimax,1763125,Crema Lavaloza Tld Limon,405,LIMPIADORES E IMPLEMENTOS ASEO,4510,LAVALOZA CREMAS/GEL,24666,T/L/D TODOS LOS DIAS,MARCA PROPIA                                      ,Insuperables Marca Propia
Gran Consumo,Surtimax,1763126,Crema Lavaloza Aloe,405,LIMPIADORES E IMPLEMENTOS ASEO,4510,LAVALOZA CREMAS/GEL,24666,T/L/D TODOS LOS DIAS,MARCA PROPIA                                      ,Insuperables Marca Propia
Gran Consumo,Surtimax,3490998,Lavaloza Tripack Oferta,405,LIMPIADORES E IMPLEMENTOS ASEO,4510,LAVALOZA CREMAS/GEL,845,SURTIMAX,MARCA PROPIA                                      ,Insuperables Marca Propia
Gran Consumo,Surtimax,3705672,Esparcible En Barra,83,DERIVADOS LACTEOS,2042,MARGARINA O ESPARCIBLE COCINAR,80000,EKONO,MARCA PROPIA                                      ,Insuperables Marca Propia
Gran Consumo,Surtimax,3725017,Crema kids Con Fluor,98,CUIDADO ORAL Y AFEITADA,740,CREMA DENTAL NINOS,24674,AMPM PLUS,MARCA PROPIA                                      ,Insuperables Marca Propia
Gran Consumo,Surtimax,3264841,Papel Higienico Premium 3HX4,67,PAPELES Y ABSORBENTES,8010,PAPEL HIGIENICO PREMIUM,20000,EXITO MARCA PROPIA,MARCA PROPIA                                      ,Insuperables Marca Propia
Gran Consumo,Surtimax,3054277,Frijol Cargamanto Rojo,90,GRANOS,2020,FRIJOL CARGAMANTO,80000,EKONO,MARCA PROPIA                                      ,Insuperables Marca Propia
Gran Consumo,Surtimax,3548051,Toalla De Cocina,67,PAPELES Y ABSORBENTES,2020,TOALLAS COCINA DESECHABLE,24666,T/L/D TODOS LOS DIAS,MARCA PROPIA                                      ,Insuperables Marca Propia
Gran Consumo,Surtimax,3638944,Servilletas Blancas Cortadas,67,PAPELES Y ABSORBENTES,7540,SERVILLETAS PARTIDAS,80000,EKONO,MARCA PROPIA                                      ,Insuperables Marca Propia
Gran Consumo,Surtimax,3739284,Cerveza Lata Sixpac,95,LICORES Y CIGARRILLOS,410,CERVEZAS NACIONALES,1437,COSTENA,MARCA NACIONAL                                    ,Insuperables Marca Propia
Gran Consumo,Surtimax,3473385,Servilleta Doblada,67,PAPELES Y ABSORBENTES,7510,SERVILLETAS NORMALES,24666,T/L/D TODOS LOS DIAS,MARCA PROPIA                                      ,Insuperables Marca Propia
Gran Consumo,Surtimax,3287804,Gelatina sin sabor,69,MEZCLAS Y BEBIDAS EN POLVO,8720,GELATINA DIETETICA Y SIN SABOR,17798,FRESCAMPO,MARCA PROPIA                                      ,Insuperables Marca Propia
Gran Consumo,Surtimax,3750918,Leche Entera UHT Paq Maxi Litr,83,DERIVADOS LACTEOS,1385,LECHE LIQUIDA UHT BOLSA,17798,FRESCAMPO,MARCA PROPIA                                      ,Insuperables Marca Propia
Gran Consumo,Surtimax,3750919,Leche Entera UHT Bolsa MaxiLit,83,DERIVADOS LACTEOS,1385,LECHE LIQUIDA UHT BOLSA,17798,FRESCAMPO,MARCA PROPIA                                      ,Insuperables Marca Propia
Gran Consumo,Surtimax,3750920,Leche Entera UHT Paquete,83,DERIVADOS LACTEOS,1385,LECHE LIQUIDA UHT BOLSA,17798,FRESCAMPO,MARCA PROPIA                                      ,Insuperables Marca Propia
Gran Consumo,Surtimax,3750921,Leche Entera UHT Bolsa,83,DERIVADOS LACTEOS,1385,LECHE LIQUIDA UHT BOLSA,17798,FRESCAMPO,MARCA PROPIA                                      ,Insuperables Marca Propia
Gran Consumo,Surtimax,3750922,Leche Semid Deslac UHT Paquete,83,DERIVADOS LACTEOS,1385,LECHE LIQUIDA UHT BOLSA,17798,FRESCAMPO,MARCA PROPIA                                      ,Insuperables Marca Propia
Gran Consumo,Surtimax,3750923,Leche Semid Deslac UHT Bolsa,83,DERIVADOS LACTEOS,1385,LECHE LIQUIDA UHT BOLSA,17798,FRESCAMPO,MARCA PROPIA                                      ,Insuperables Marca Propia
Gran Consumo,Surtimax,3616376,Serum Facial Antiedad,64,COSMETICOS,1220,ANTIEDAD,24674,AMPM PLUS,MARCA PROPIA                                      ,Insuperables Marca Propia
Gran Consumo,Surtimax,3756865,Papel Higiénico Tri Hoja 12 Ro,67,PAPELES Y ABSORBENTES,8020,PAPEL HIGIENICO RENDIDOR,80000,EKONO,MARCA PROPIA                                      ,Insuperables Marca Propia
Gran Consumo,Surtimax,3756866,Papel Higiénico Tri Hoja 2 Rol,67,PAPELES Y ABSORBENTES,8020,PAPEL HIGIENICO RENDIDOR,80000,EKONO,MARCA PROPIA                                      ,Insuperables Marca Propia
Gran Consumo,Surtimax,3756867,Papel Higiénico Tri Hoja 24 Ro,67,PAPELES Y ABSORBENTES,8020,PAPEL HIGIENICO RENDIDOR,80000,EKONO,MARCA PROPIA                                      ,Insuperables Marca Propia
Gran Consumo,Surtimax,3756868,Papel Higiénico Tri Hoja 4 Rol,67,PAPELES Y ABSORBENTES,8020,PAPEL HIGIENICO RENDIDOR,80000,EKONO,MARCA PROPIA                                      ,Insuperables Marca Propia
Gran Consumo,Surtimax,3332145,Agua Micelar,64,COSMETICOS,1210,LIMPIADORA,24674,AMPM PLUS,MARCA PROPIA                                      ,Insuperables Marca Propia
Gran Consumo,Surtimax,3756503,Leche Semid Deslact En Caja,83,DERIVADOS LACTEOS,1390,LECHE LIQUIDA UHT CAJA,17798,FRESCAMPO,MARCA PROPIA                                      ,Insuperables Marca Propia
Gran Consumo,Surtimax,3756504,Leche Entera En Caja,83,DERIVADOS LACTEOS,1390,LECHE LIQUIDA UHT CAJA,17798,FRESCAMPO,MARCA PROPIA                                      ,Insuperables Marca Propia
Gran Consumo,Surtimax,3276483,Atun Lomo Aceite Tripack,94,ENLATADOS,2120,ATUNES EN ACEITE,17798,FRESCAMPO,MARCA PROPIA                                      ,Insuperables Marca Propia
Gran Consumo,Surtimax,3534190,Arroz Blanco,90,GRANOS,1020,ARROZ BLANCO,80000,EKONO,MARCA PROPIA                                      ,Insuperables Marca Propia
Gran Consumo,Surtimax,3181787,Arroz Blanco Arroba,90,GRANOS,1020,ARROZ BLANCO,20000,EXITO MARCA PROPIA,MARCA PROPIA                                      ,Insuperables Marca Propia
Gran Consumo,Surtimax,3181788,Arroz Blanco Arroba,90,GRANOS,1020,ARROZ BLANCO,17798,FRESCAMPO,MARCA PROPIA                                      ,Insuperables Marca Propia
Gran Consumo,Surtimax,3181789,Arroz Blanco,90,GRANOS,1020,ARROZ BLANCO,20000,EXITO MARCA PROPIA,MARCA PROPIA                                      ,Insuperables Marca Propia
Gran Consumo,Surtimax,3181790,Arroz Blanco,90,GRANOS,1020,ARROZ BLANCO,17798,FRESCAMPO,MARCA PROPIA                                      ,Insuperables Marca Propia
Gran Consumo,Surtimax,3181791,Arroz Blanco Arroba,90,GRANOS,1020,ARROZ BLANCO,80000,EKONO,MARCA PROPIA                                      ,Insuperables Marca Propia
Gran Consumo,Surtimax,3181792,Arroz Blanco,90,GRANOS,1020,ARROZ BLANCO,80000,EKONO,MARCA PROPIA                                      ,Insuperables Marca Propia
Gran Consumo,Surtimax,3534187,Arroz Blanco,90,GRANOS,1020,ARROZ BLANCO,20000,EXITO MARCA PROPIA,MARCA PROPIA                                      ,Insuperables Marca Propia
Gran Consumo,Surtimax,3534188,Arroz Blanco,90,GRANOS,1020,ARROZ BLANCO,36937,CARULLA,MARCA PROPIA                                      ,Insuperables Marca Propia
Gran Consumo,Surtimax,3181785,Arroz Blanco,90,GRANOS,1020,ARROZ BLANCO,36937,CARULLA,MARCA PROPIA                                      ,Insuperables Marca Propia
Gran Consumo,Surtimax,3181780,Arroz Blanco,90,GRANOS,1020,ARROZ BLANCO,20000,EXITO MARCA PROPIA,MARCA PROPIA                                      ,Insuperables Marca Propia
Gran Consumo,Surtimax,3181784,Arroz Blanco,90,GRANOS,1020,ARROZ BLANCO,17798,FRESCAMPO,MARCA PROPIA                                      ,Insuperables Marca Propia
Gran Consumo,Surtimax,3181779,Arroz Blanco,90,GRANOS,1020,ARROZ BLANCO,20000,EXITO MARCA PROPIA,MARCA PROPIA                                      ,Insuperables Marca Propia
Gran Consumo,Surtimax,3757389,Pañitos Humedos Para Mascotas,401,MASCOTAS,1431,IMPLEMENTOS PARA ASEO MASCOTAS,33444,PUK?,MARCA PROPIA                                      ,Insuperables Marca Propia
Gran Consumo,Surtimax,1720710,VELON,404,DESECHABLES Y AEROSOLES,6620,VELONES Y VELADORAS,24666,T/L/D TODOS LOS DIAS,MARCA PROPIA                                      ,Insuperables Marca Propia
Gran Consumo,Surtimax,3776302,Café instantáneo en polvo,92,BEBIDAS CALIENT/Y ALMT.NATURIS,5620,CAFE INSTANTANEO,17798,FRESCAMPO,MARCA PROPIA                                      ,Insuperables Marca Propia
Gran Consumo,Surtimax,3776303,Café descafeinado,92,BEBIDAS CALIENT/Y ALMT.NATURIS,5625,CAFE INSTANTANEO DESCAFEINADO,17798,FRESCAMPO,MARCA PROPIA                                      ,Insuperables Marca Propia
Gran Consumo,Surtimax,3776304,Café instantáneo granualdo,92,BEBIDAS CALIENT/Y ALMT.NATURIS,5620,CAFE INSTANTANEO,17798,FRESCAMPO,MARCA PROPIA                                      ,Insuperables Marca Propia
Gran Consumo,Surtimax,3776305,Café instantáneo en polvo,92,BEBIDAS CALIENT/Y ALMT.NATURIS,5620,CAFE INSTANTANEO,17798,FRESCAMPO,MARCA PROPIA                                      ,Insuperables Marca Propia
Gran Consumo,Surtimax,3776306,Café instantáneo granulado,92,BEBIDAS CALIENT/Y ALMT.NATURIS,5620,CAFE INSTANTANEO,17798,FRESCAMPO,MARCA PROPIA                                      ,Insuperables Marca Propia
Gran Consumo,Surtimax,1602699,CEPILLO INFANTIL UNIDAD,98,CUIDADO ORAL Y AFEITADA,1020,CEPILLO DENTAL NINOS,24674,AMPM PLUS,MARCA PROPIA                                      ,Insuperables Marca Propia
Gran Consumo,Surtimax,1602700,Cepillo Dental Adulto,98,CUIDADO ORAL Y AFEITADA,1010,CEPILLO DENTAL ADULTOS,24674,AMPM PLUS,MARCA PROPIA                                      ,Insuperables Marca Propia
Gran Consumo,Surtimax,3003156,ACONDICIONADOR TODO CABELLO,96,CUIDADO CAPILAR Y ACCESORIOS,1420,BALSAMOS ACONDICIONADORES,24674,AMPM PLUS,MARCA PROPIA                                      ,Insuperables Marca Propia
Gran Consumo,Surtimax,3008973,Bolsa Basura Apartamento 51x76,404,DESECHABLES Y AEROSOLES,5020,BOLSA BASURA APARTAMENTO,24666,T/L/D TODOS LOS DIAS,MARCA PROPIA                                      ,Insuperables Marca Propia
Gran Consumo,Surtimax,3008975,Bolsa Basura Industrial 65x100,404,DESECHABLES Y AEROSOLES,5040,BOLSA BASURA INDUSTRIAL,24666,T/L/D TODOS LOS DIAS,MARCA PROPIA                                      ,Insuperables Marca Propia
Gran Consumo,Surtimax,3008977,Bolsa Basura residencial 65x80,404,DESECHABLES Y AEROSOLES,5030,BOLSA BASURA RESIDENCIAL,24666,T/L/D TODOS LOS DIAS,MARCA PROPIA                                      ,Insuperables Marca Propia
Gran Consumo,Surtimax,3023780,Talco antibacterial,406,CUIDADO CORPORAL,2430,TALCO POLVO HOMBRE,24674,AMPM PLUS,MARCA PROPIA                                      ,Insuperables Marca Propia
Gran Consumo,Surtimax,3065535,Protector Solar SPF 50,406,CUIDADO CORPORAL,4020,BLOQUEADORES,24674,AMPM PLUS,MARCA PROPIA                                      ,Insuperables Marca Propia
Gran Consumo,Surtimax,3070894,Aceite de Bebe,406,CUIDADO CORPORAL,3710,ACEITES NORMALES,24674,AMPM PLUS,MARCA PROPIA                                      ,Insuperables Marca Propia
Gran Consumo,Surtimax,3118046,Jabon Barra Liquido Azul,97,CUIDADO ROPA,940,JABON DE LAVAR BARRA LIQUIDO,24666,T/L/D TODOS LOS DIAS,MARCA PROPIA                                      ,Insuperables Marca Propia
Gran Consumo,Surtimax,3118047,Jabon Barra Liquido Coco,97,CUIDADO ROPA,940,JABON DE LAVAR BARRA LIQUIDO,24666,T/L/D TODOS LOS DIAS,MARCA PROPIA                                      ,Insuperables Marca Propia
Gran Consumo,Surtimax,3462712,Detergente Liquido Oscura,97,CUIDADO ROPA,1011,DETERGENTES LIQUIDOS,20000,EXITO MARCA PROPIA,MARCA PROPIA                                      ,Insuperables Marca Propia
Gran Consumo,Surtimax,3462713,Detergente Liquido Color,97,CUIDADO ROPA,1011,DETERGENTES LIQUIDOS,20000,EXITO MARCA PROPIA,MARCA PROPIA                                      ,Insuperables Marca Propia
Gran Consumo,Surtimax,3600913,Pelicula Plastica,404,DESECHABLES Y AEROSOLES,3020,VINILO EMPAQUE,24666,T/L/D TODOS LOS DIAS,MARCA PROPIA                                      ,Insuperables Marca Propia
Gran Consumo,Surtimax,3600914,Pelicula Plastica,404,DESECHABLES Y AEROSOLES,3020,VINILO EMPAQUE,24666,T/L/D TODOS LOS DIAS,MARCA PROPIA                                      ,Insuperables Marca Propia
Gran Consumo,Surtimax,3705583,Jabon En Barra Liquido Bebe,97,CUIDADO ROPA,940,JABON DE LAVAR BARRA LIQUIDO,24666,T/L/D TODOS LOS DIAS,MARCA PROPIA                                      ,Insuperables Marca Propia
Gran Consumo,Surtimax,3749226,Aceite De Oliva Virgen Extra,403,ACEITES COMESTIBLES,7815,ACEITE OLIVA,17798,FRESCAMPO,MARCA PROPIA                                      ,Insuperables Marca Propia
Gran Consumo,Surtimax,3749227,Aceite De Oliva Virgen Extra,403,ACEITES COMESTIBLES,7815,ACEITE OLIVA,17798,FRESCAMPO,MARCA PROPIA                                      ,Insuperables Marca Propia
Gran Consumo,Surtimax,3400651,Aceite de Girasol,403,ACEITES COMESTIBLES,7825,ACEITE GIRASOL,20000,EXITO MARCA PROPIA,MARCA PROPIA                                      ,Insuperables Marca Propia
Gran Consumo,Surtimax,3786697,Snack Cremoso Gatos Atún,401,MASCOTAS,860,SNACKS,33444,PUK?,MARCA PROPIA                                      ,Insuperables Marca Propia
Gran Consumo,Surtimax,3786698,Snack Cremoso Gatos Salmón,401,MASCOTAS,860,SNACKS,33444,PUK?,MARCA PROPIA                                      ,Insuperables Marca Propia
Gran Consumo,Surtimax,3310406,Azúcar Morena,90,GRANOS,7130,AZUCAR MORENA,20000,EXITO MARCA PROPIA,MARCA PROPIA                                      ,Insuperables Marca Propia
Gran Consumo,Surtimax,3310409,Azúcar Morena,90,GRANOS,7130,AZUCAR MORENA,17798,FRESCAMPO,MARCA PROPIA                                      ,Insuperables Marca Propia
Gran Consumo,Surtimax,3310415,Azúcar Blanco Especial,90,GRANOS,7120,AZUCAR BLANCO ESPECIAL,17798,FRESCAMPO,MARCA PROPIA                                      ,Insuperables Marca Propia
Gran Consumo,Surtimax,3778389,Papel Higienico Premium 3Hx12,67,PAPELES Y ABSORBENTES,8010,PAPEL HIGIENICO PREMIUM,80000,EKONO,MARCA PROPIA                                      ,Insuperables Marca Propia
Gran Consumo,Surtimax,3778390,Papel Higienico Premium 3Hx18,67,PAPELES Y ABSORBENTES,8010,PAPEL HIGIENICO PREMIUM,80000,EKONO,MARCA PROPIA                                      ,Insuperables Marca Propia
Gran Consumo,Surtimax,3778391,Papel Higienico Premium 3Hx4,67,PAPELES Y ABSORBENTES,8010,PAPEL HIGIENICO PREMIUM,80000,EKONO,MARCA PROPIA                                      ,Insuperables Marca Propia
Gran Consumo,Surtimax,3788923,Conserva De Pescado En Salsa D,94,ENLATADOS,2735,OTROS PESCADOS,17798,FRESCAMPO,MARCA PROPIA                                      ,Insuperables Marca Propia
Gran Consumo,Surtimax,3788924,Conserva De Pescado En Salsa D,94,ENLATADOS,2735,OTROS PESCADOS,17798,FRESCAMPO,MARCA PROPIA                                      ,Insuperables Marca Propia
Gran Consumo,Surtimax,3804668,Atun Rallado En Aceite,94,ENLATADOS,2140,DESMENUZADO,80000,EKONO,MARCA PROPIA                                      ,Insuperables Marca Propia
Gran Consumo,Surtimax,3804671,Lomitos De Atun En Aceite,94,ENLATADOS,2120,ATUNES EN ACEITE,17798,FRESCAMPO,MARCA PROPIA                                      ,Insuperables Marca Propia
Gran Consumo,Surtimax,3804672,Lomitos De Atun En Agua,94,ENLATADOS,2110,ATUNES EN AGUA,17798,FRESCAMPO,MARCA PROPIA                                      ,Insuperables Marca Propia
Gran Consumo,Super Inter,1001019,OF*LAVALOZA LIMON TRIPACK $ESP,405,LIMPIADORES E IMPLEMENTOS ASEO,4510,LAVALOZA CREMAS/GEL,20000,EXITO MARCA PROPIA,MARCA PROPIA                                      ,Insuperables Marca Propia
Gran Consumo,Super Inter,1121545,Frijol Nima,90,GRANOS,2040,FRIJOL VARIEDAD,17798,FRESCAMPO,MARCA PROPIA                                      ,Insuperables Marca Propia
Gran Consumo,Super Inter,1121546,Frijol Zaragoza,90,GRANOS,2040,FRIJOL VARIEDAD,17798,FRESCAMPO,MARCA PROPIA                                      ,Insuperables Marca Propia
Gran Consumo,Super Inter,1121547,Lenteja,90,GRANOS,4030,LENTEJA,17798,FRESCAMPO,MARCA PROPIA                                      ,Insuperables Marca Propia
Gran Consumo,Super Inter,1121592,Arveja Verde,90,GRANOS,4010,ARVEJA,17798,FRESCAMPO,MARCA PROPIA                                      ,Insuperables Marca Propia
Gran Consumo,Super Inter,1121597,Frijol Caraota,90,GRANOS,2040,FRIJOL VARIEDAD,17798,FRESCAMPO,MARCA PROPIA                                      ,Insuperables Marca Propia
Gran Consumo,Super Inter,1121603,Frijol Nima,90,GRANOS,2040,FRIJOL VARIEDAD,17798,FRESCAMPO,MARCA PROPIA                                      ,Insuperables Marca Propia
Gran Consumo,Super Inter,1121605,Frijol Zaragoza,90,GRANOS,2040,FRIJOL VARIEDAD,17798,FRESCAMPO,MARCA PROPIA                                      ,Insuperables Marca Propia
Gran Consumo,Super Inter,1121606,Lenteja,90,GRANOS,4030,LENTEJA,17798,FRESCAMPO,MARCA PROPIA                                      ,Insuperables Marca Propia
Gran Consumo,Super Inter,1121609,Arveja Verde,90,GRANOS,4010,ARVEJA,17798,FRESCAMPO,MARCA PROPIA                                      ,Insuperables Marca Propia
Gran Consumo,Super Inter,1121613,*Frijol Caraota,90,GRANOS,2040,FRIJOL VARIEDAD,17798,FRESCAMPO,MARCA PROPIA                                      ,Insuperables Marca Propia
Gran Consumo,Super Inter,1165837,Maiz Pira,90,GRANOS,3040,MAIZ PIRA,17798,FRESCAMPO,MARCA PROPIA                                      ,Insuperables Marca Propia
Gran Consumo,Super Inter,1165838,Maiz Blanco,90,GRANOS,3020,MAIZ BLANCO,17798,FRESCAMPO,MARCA PROPIA                                      ,Insuperables Marca Propia
Gran Consumo,Super Inter,1165839,Maiz Amarillo,90,GRANOS,3040,MAIZ PIRA,17798,FRESCAMPO,MARCA PROPIA                                      ,Insuperables Marca Propia
Gran Consumo,Super Inter,1165841,Maiz Pira,90,GRANOS,3040,MAIZ PIRA,17798,FRESCAMPO,MARCA PROPIA                                      ,Insuperables Marca Propia
Gran Consumo,Super Inter,1165934,Maiz Trillado Bco,90,GRANOS,3020,MAIZ BLANCO,17798,FRESCAMPO,MARCA PROPIA                                      ,Insuperables Marca Propia
Gran Consumo,Super Inter,1261875,Agua Sin Gas,63,BEBIDAS LIQUIDAS NO ALCOHOLICA,6710,AGUA NORMAL,36937,CARULLA,MARCA PROPIA                                      ,Insuperables Marca Propia
Gran Consumo,Super Inter,1291292,Café Soluble Granulado,92,BEBIDAS CALIENT/Y ALMT.NATURIS,5620,CAFE INSTANTANEO,17798,FRESCAMPO,MARCA PROPIA                                      ,Insuperables Marca Propia
Gran Consumo,Super Inter,1300462,TOALLITAS HUMEDAS X10 DE BEBE,67,PAPELES Y ABSORBENTES,8540,TOALLITAS HUMEDAS BABY OTROS U,14401,PERSONAL CHOICE MARCA EXCLUSIV,MARCA EXCLUSIVA                                   ,Insuperables Marca Propia
Gran Consumo,Super Inter,1356712,Sangría,95,LICORES Y CIGARRILLOS,8010,APERITIVOS Y POUS/CAFE,23535,CRUZARES MARCA EXCLUSIVA,MARCA EXCLUSIVA                                   ,Insuperables Marca Propia
Gran Consumo,Super Inter,1375498,Agua Pura Sin Gas,63,BEBIDAS LIQUIDAS NO ALCOHOLICA,6710,AGUA NORMAL,17798,FRESCAMPO,MARCA PROPIA                                      ,Insuperables Marca Propia
Gran Consumo,Super Inter,138186,Plato Pequeño,404,DESECHABLES Y AEROSOLES,5520,PLATOS DESECHABLES,80000,EKONO,MARCA PROPIA                                      ,Insuperables Marca Propia
Gran Consumo,Super Inter,144906,Servilleta Cortada,67,PAPELES Y ABSORBENTES,7540,SERVILLETAS PARTIDAS,80000,EKONO,MARCA PROPIA                                      ,Insuperables Marca Propia
Gran Consumo,Super Inter,1488671,Cafe Soluble En Polvo,92,BEBIDAS CALIENT/Y ALMT.NATURIS,5620,CAFE INSTANTANEO,17798,FRESCAMPO,MARCA PROPIA                                      ,Insuperables Marca Propia
Gran Consumo,Super Inter,1531094,Vino tinto cabernet sauvignon,95,LICORES Y CIGARRILLOS,811,VINO TINTOS MESA,19653,SIETE SOLES MARCA EXCLUSIVA,MARCA EXCLUSIVA                                   ,Insuperables Marca Propia
Gran Consumo,Super Inter,1531095,VINO BLANCO SAUVIGNON RESERVA,95,LICORES Y CIGARRILLOS,821,VINO BLANCOS MESA,19653,SIETE SOLES MARCA EXCLUSIVA,MARCA EXCLUSIVA                                   ,Insuperables Marca Propia
Gran Consumo,Super Inter,1531595,Shampoo Coco Y Leche,96,CUIDADO CAPILAR Y ACCESORIOS,1310,SHAMPOO 1 EN 1,36839,ALGABO MARCA EXCLUSIVA,MARCA EXCLUSIVA                                   ,Insuperables Marca Propia
Gran Consumo,Super Inter,1531596,Shampoo Manzanilla y Magnolia,96,CUIDADO CAPILAR Y ACCESORIOS,1310,SHAMPOO 1 EN 1,36839,ALGABO MARCA EXCLUSIVA,MARCA EXCLUSIVA                                   ,Insuperables Marca Propia
Gran Consumo,Super Inter,1531597,Shampoo Aguacate Y Argán,96,CUIDADO CAPILAR Y ACCESORIOS,1310,SHAMPOO 1 EN 1,36839,ALGABO MARCA EXCLUSIVA,MARCA EXCLUSIVA                                   ,Insuperables Marca Propia
Gran Consumo,Super Inter,1570514,Cerveza x 6 Costeña,95,LICORES Y CIGARRILLOS,410,CERVEZAS NACIONALES,1437,COSTENA,MARCA NACIONAL                                    ,Insuperables Marca Propia
Gran Consumo,Super Inter,1570515,Cerveza Lata,95,LICORES Y CIGARRILLOS,410,CERVEZAS NACIONALES,1437,COSTENA,MARCA NACIONAL                                    ,Insuperables Marca Propia
Gran Consumo,Super Inter,1602696,Cepillo Dental 3 Unidades,98,CUIDADO ORAL Y AFEITADA,1010,CEPILLO DENTAL ADULTOS,24674,AMPM PLUS,MARCA PROPIA                                      ,Insuperables Marca Propia
Gran Consumo,Super Inter,1603306,VINO LAMBRUSCO BLANCO,95,LICORES Y CIGARRILLOS,845,VINO ESPUMOSO Y CHAMPANA,29709,LA PIUMA MARCA EXCLUSIVA,MARCA EXCLUSIVA                                   ,Insuperables Marca Propia
Gran Consumo,Super Inter,1603307,Vino Lambrusco Tinto,95,LICORES Y CIGARRILLOS,845,VINO ESPUMOSO Y CHAMPANA,29709,LA PIUMA MARCA EXCLUSIVA,MARCA EXCLUSIVA                                   ,Insuperables Marca Propia
Gran Consumo,Super Inter,1652269,JABON AVENA CON GLICERINA 3UNS,406,CUIDADO CORPORAL,1221,JABON ANTIBACTERIALES/MEDICADO,24674,AMPM PLUS,MARCA PROPIA                                      ,Insuperables Marca Propia
Gran Consumo,Super Inter,1678676,Canela Molida,402,SALSAS Y CONDIMENTOS,5810,CONDIMENTOS NATURALES GRANO,17798,FRESCAMPO,MARCA PROPIA                                      ,Insuperables Marca Propia
Gran Consumo,Super Inter,1678677,PIMIENTA MOLIDA,402,SALSAS Y CONDIMENTOS,5810,CONDIMENTOS NATURALES GRANO,17798,FRESCAMPO,MARCA PROPIA                                      ,Insuperables Marca Propia
Gran Consumo,Super Inter,1678679,Ajo Molida,402,SALSAS Y CONDIMENTOS,5810,CONDIMENTOS NATURALES GRANO,17798,FRESCAMPO,MARCA PROPIA                                      ,Insuperables Marca Propia
Gran Consumo,Super Inter,1705880,DETERGENTE EN POLVO FLORAL,97,CUIDADO ROPA,1021,DETERGENTES CONVENCIONALES,80000,EKONO,MARCA PROPIA                                      ,Insuperables Marca Propia
Gran Consumo,Super Inter,1705882,DETERGENTE EN POLVO FLORAL,97,CUIDADO ROPA,1021,DETERGENTES CONVENCIONALES,80000,EKONO,MARCA PROPIA                                      ,Insuperables Marca Propia
Gran Consumo,Super Inter,1705937,DETERGENTE EN POLVO LIMON,97,CUIDADO ROPA,1021,DETERGENTES CONVENCIONALES,80000,EKONO,MARCA PROPIA                                      ,Insuperables Marca Propia
Gran Consumo,Super Inter,1705986,DETERGENTE EN POLVO LIMON,97,CUIDADO ROPA,1021,DETERGENTES CONVENCIONALES,80000,EKONO,MARCA PROPIA                                      ,Insuperables Marca Propia
Gran Consumo,Super Inter,1737627,Crema Dental Tripleaccion,98,CUIDADO ORAL Y AFEITADA,750,CREMA DENTAL TRIPLE ACCION,24674,AMPM PLUS,MARCA PROPIA                                      ,Insuperables Marca Propia
Gran Consumo,Super Inter,1743103,Bebida de almendra sin azúcar,63,BEBIDAS LIQUIDAS NO ALCOHOLICA,8120,FRUTOS,50000,TAEQ,MARCA PROPIA                                      ,Insuperables Marca Propia
Gran Consumo,Super Inter,1749646,COLOR,402,SALSAS Y CONDIMENTOS,5810,CONDIMENTOS NATURALES GRANO,17798,FRESCAMPO,MARCA PROPIA                                      ,Insuperables Marca Propia
Gran Consumo,Super Inter,1749648,Comino Molido,402,SALSAS Y CONDIMENTOS,5810,CONDIMENTOS NATURALES GRANO,17798,FRESCAMPO,MARCA PROPIA                                      ,Insuperables Marca Propia
Gran Consumo,Super Inter,1753280,Limpiapisos Desinfecta Lavanda,405,LIMPIADORES E IMPLEMENTOS ASEO,1910,LIMPIAPISOS AROMAT DESINFEC,24666,T/L/D TODOS LOS DIAS,MARCA PROPIA                                      ,Insuperables Marca Propia
Gran Consumo,Super Inter,1753281,Limpiapisos Desinfect Citronel,405,LIMPIADORES E IMPLEMENTOS ASEO,1910,LIMPIAPISOS AROMAT DESINFEC,24666,T/L/D TODOS LOS DIAS,MARCA PROPIA                                      ,Insuperables Marca Propia
Gran Consumo,Super Inter,1753282,Limpiapisos Con Bicarbonato,405,LIMPIADORES E IMPLEMENTOS ASEO,1928,LIMPIAPISOS EFICIENTES,24666,T/L/D TODOS LOS DIAS,MARCA PROPIA                                      ,Insuperables Marca Propia
Gran Consumo,Super Inter,1757903,Limpiapisos Desinfect Lavanda,405,LIMPIADORES E IMPLEMENTOS ASEO,1910,LIMPIAPISOS AROMAT DESINFEC,24666,T/L/D TODOS LOS DIAS,MARCA PROPIA                                      ,Insuperables Marca Propia
Gran Consumo,Super Inter,1757904,Limpiapisos Desinfec Citronela,405,LIMPIADORES E IMPLEMENTOS ASEO,1910,LIMPIAPISOS AROMAT DESINFEC,24666,T/L/D TODOS LOS DIAS,MARCA PROPIA                                      ,Insuperables Marca Propia
Gran Consumo,Super Inter,1757905,Limpiapisos Desinfec Bicarbona,405,LIMPIADORES E IMPLEMENTOS ASEO,1928,LIMPIAPISOS EFICIENTES,24666,T/L/D TODOS LOS DIAS,MARCA PROPIA                                      ,Insuperables Marca Propia
Gran Consumo,Super Inter,1773369,CREMA HUMECTANTE ALMENDRAS,406,CUIDADO CORPORAL,1310,CREMAS HUMECTANTES,24674,AMPM PLUS,MARCA PROPIA                                      ,Insuperables Marca Propia
Gran Consumo,Super Inter,1773371,CREMA HUMECTANTE AVENA,406,CUIDADO CORPORAL,1310,CREMAS HUMECTANTES,24674,AMPM PLUS,MARCA PROPIA                                      ,Insuperables Marca Propia
Gran Consumo,Super Inter,1773372,CREMA HUMECTANTE BEBE,406,CUIDADO CORPORAL,1350,CREMAS HUMECTANTES BEBE,24674,AMPM PLUS,MARCA PROPIA                                      ,Insuperables Marca Propia
Gran Consumo,Super Inter,1804224,Detergente En Polvo Floral,97,CUIDADO ROPA,1021,DETERGENTES CONVENCIONALES,36937,CARULLA,MARCA PROPIA                                      ,Insuperables Marca Propia
Gran Consumo,Super Inter,1804225,Detergente En Polvo Limon,97,CUIDADO ROPA,1021,DETERGENTES CONVENCIONALES,36937,CARULLA,MARCA PROPIA                                      ,Insuperables Marca Propia
Gran Consumo,Super Inter,251334,Cafe Instantaneo Pulverizado,92,BEBIDAS CALIENT/Y ALMT.NATURIS,5620,CAFE INSTANTANEO,20000,EXITO MARCA PROPIA,MARCA PROPIA                                      ,Insuperables Marca Propia
Gran Consumo,Super Inter,253898,Cafe Instantaneo Granulado,92,BEBIDAS CALIENT/Y ALMT.NATURIS,5620,CAFE INSTANTANEO,20000,EXITO MARCA PROPIA,MARCA PROPIA                                      ,Insuperables Marca Propia
Gran Consumo,Super Inter,258027,Cafe Molido,92,BEBIDAS CALIENT/Y ALMT.NATURIS,5610,CAFE MOLIDO,80000,EKONO,MARCA PROPIA                                      ,Insuperables Marca Propia
Gran Consumo,Super Inter,289831,Toalla Higienica Delgada,67,PAPELES Y ABSORBENTES,7020,TOALLAS HIGIENICAS,80000,EKONO,MARCA PROPIA                                      ,Insuperables Marca Propia
Gran Consumo,Super Inter,3002592,BLANQUEADOR FLORAL,405,LIMPIADORES E IMPLEMENTOS ASEO,820,BLANQUEADOR CON FRAGANCIA,24666,T/L/D TODOS LOS DIAS,MARCA PROPIA                                      ,Insuperables Marca Propia
Gran Consumo,Super Inter,3002604,BLANQUEADOR LIMON,405,LIMPIADORES E IMPLEMENTOS ASEO,820,BLANQUEADOR CON FRAGANCIA,24666,T/L/D TODOS LOS DIAS,MARCA PROPIA                                      ,Insuperables Marca Propia
Gran Consumo,Super Inter,3002606,BLANQUEDOR MANZANA,405,LIMPIADORES E IMPLEMENTOS ASEO,820,BLANQUEADOR CON FRAGANCIA,24666,T/L/D TODOS LOS DIAS,MARCA PROPIA                                      ,Insuperables Marca Propia
Gran Consumo,Super Inter,3003158,SHAMPOO TODO CABELLO,96,CUIDADO CAPILAR Y ACCESORIOS,1310,SHAMPOO 1 EN 1,24674,AMPM PLUS,MARCA PROPIA                                      ,Insuperables Marca Propia
Gran Consumo,Super Inter,3004110,PAÑAL TALLA M,67,PAPELES Y ABSORBENTES,9030,PANALES VALUE,80000,EKONO,MARCA PROPIA                                      ,Insuperables Marca Propia
Gran Consumo,Super Inter,3004111,Pañal Talla G,67,PAPELES Y ABSORBENTES,9030,PANALES VALUE,80000,EKONO,MARCA PROPIA                                      ,Insuperables Marca Propia
Gran Consumo,Super Inter,3004112,PAÑAL TALLA XG,67,PAPELES Y ABSORBENTES,9030,PANALES VALUE,80000,EKONO,MARCA PROPIA                                      ,Insuperables Marca Propia
Gran Consumo,Super Inter,3006840,Blanqueador Floral,405,LIMPIADORES E IMPLEMENTOS ASEO,820,BLANQUEADOR CON FRAGANCIA,36937,CARULLA,MARCA PROPIA                                      ,Insuperables Marca Propia
Gran Consumo,Super Inter,3006843,Blanqueador Limón,405,LIMPIADORES E IMPLEMENTOS ASEO,820,BLANQUEADOR CON FRAGANCIA,36937,CARULLA,MARCA PROPIA                                      ,Insuperables Marca Propia
Gran Consumo,Super Inter,3007966,Detergente en Polvo Limon,97,CUIDADO ROPA,1021,DETERGENTES CONVENCIONALES,20000,EXITO MARCA PROPIA,MARCA PROPIA                                      ,Insuperables Marca Propia
Gran Consumo,Super Inter,3007967,Detergente en Polvo Limon,97,CUIDADO ROPA,1021,DETERGENTES CONVENCIONALES,20000,EXITO MARCA PROPIA,MARCA PROPIA                                      ,Insuperables Marca Propia
Gran Consumo,Super Inter,3007969,Detergente en Polvo Floral,97,CUIDADO ROPA,1021,DETERGENTES CONVENCIONALES,20000,EXITO MARCA PROPIA,MARCA PROPIA                                      ,Insuperables Marca Propia
Gran Consumo,Super Inter,3007970,Detergente en Polvo Floral,97,CUIDADO ROPA,1021,DETERGENTES CONVENCIONALES,20000,EXITO MARCA PROPIA,MARCA PROPIA                                      ,Insuperables Marca Propia
Gran Consumo,Super Inter,3009553,Protectores Diarios Multiestil,67,PAPELES Y ABSORBENTES,6010,PROTEC. DIARIOS MULTIPANTY,80000,EKONO,MARCA PROPIA                                      ,Insuperables Marca Propia
Gran Consumo,Super Inter,3014290,Jabón Liquido Avena,406,CUIDADO CORPORAL,1230,JABON LIQUIDOS,80000,EKONO,MARCA PROPIA                                      ,Insuperables Marca Propia
Gran Consumo,Super Inter,3014291,Jabón Liquido Manzana,406,CUIDADO CORPORAL,1230,JABON LIQUIDOS,80000,EKONO,MARCA PROPIA                                      ,Insuperables Marca Propia
Gran Consumo,Super Inter,3015859,Detergente Liquido Floral,97,CUIDADO ROPA,1011,DETERGENTES LIQUIDOS,20000,EXITO MARCA PROPIA,MARCA PROPIA                                      ,Insuperables Marca Propia
Gran Consumo,Super Inter,3023705,Blanqueador sin fragancia,405,LIMPIADORES E IMPLEMENTOS ASEO,830,BLANQUEADOR SIN FRAGANCIA,80000,EKONO,MARCA PROPIA                                      ,Insuperables Marca Propia
Gran Consumo,Super Inter,3026524,Protectores Diarios Multiestil,67,PAPELES Y ABSORBENTES,6010,PROTEC. DIARIOS MULTIPANTY,80000,EKONO,MARCA PROPIA                                      ,Insuperables Marca Propia
Gran Consumo,Super Inter,3039180,Jabon Liquido Manzana,406,CUIDADO CORPORAL,1230,JABON LIQUIDOS,80000,EKONO,MARCA PROPIA                                      ,Insuperables Marca Propia
Gran Consumo,Super Inter,3039181,Jabon Liquido Avena,406,CUIDADO CORPORAL,1230,JABON LIQUIDOS,80000,EKONO,MARCA PROPIA                                      ,Insuperables Marca Propia
Gran Consumo,Super Inter,3041841,Vino Tinto Reserva Merlot,95,LICORES Y CIGARRILLOS,811,VINO TINTOS MESA,19653,SIETE SOLES MARCA EXCLUSIVA,MARCA EXCLUSIVA                                   ,Insuperables Marca Propia
Gran Consumo,Super Inter,3041842,Vino Tinto Reserva Carmenere,95,LICORES Y CIGARRILLOS,811,VINO TINTOS MESA,19653,SIETE SOLES MARCA EXCLUSIVA,MARCA EXCLUSIVA                                   ,Insuperables Marca Propia
Gran Consumo,Super Inter,3041843,Vino Reserva Rosado,95,LICORES Y CIGARRILLOS,832,VINO ROSADOS MESA,19653,SIETE SOLES MARCA EXCLUSIVA,MARCA EXCLUSIVA                                   ,Insuperables Marca Propia
Gran Consumo,Super Inter,3046977,Lavaloza Liquido Limon,405,LIMPIADORES E IMPLEMENTOS ASEO,4520,LAVALOZAS LIQUIDOS,80000,EKONO,MARCA PROPIA                                      ,Insuperables Marca Propia
Gran Consumo,Super Inter,3054276,Frijol Cargamanto Blanco,90,GRANOS,2020,FRIJOL CARGAMANTO,80000,EKONO,MARCA PROPIA                                      ,Insuperables Marca Propia
Gran Consumo,Super Inter,3054283,Frijol Sabanero Rojo,90,GRANOS,2030,FRIJOL SABANERO,80000,EKONO,MARCA PROPIA                                      ,Insuperables Marca Propia
Gran Consumo,Super Inter,3058697,Bebi De Almend Original,63,BEBIDAS LIQUIDAS NO ALCOHOLICA,8120,FRUTOS,50000,TAEQ,MARCA PROPIA                                      ,Insuperables Marca Propia
Gran Consumo,Super Inter,3059933,Detergente Liquido Floral,97,CUIDADO ROPA,1011,DETERGENTES LIQUIDOS,36937,CARULLA,MARCA PROPIA                                      ,Insuperables Marca Propia
Gran Consumo,Super Inter,3060050,Detergente Liquido Floral,97,CUIDADO ROPA,1011,DETERGENTES LIQUIDOS,24666,T/L/D TODOS LOS DIAS,MARCA PROPIA                                      ,Insuperables Marca Propia
Gran Consumo,Super Inter,308510,Mostaza,402,SALSAS Y CONDIMENTOS,5411,MOSTAZAS NORMALES,80000,EKONO,MARCA PROPIA                                      ,Insuperables Marca Propia
Gran Consumo,Super Inter,3101013,Bolsa Basura 43x48 Papelera,404,DESECHABLES Y AEROSOLES,5010,BOLSA BASURA PAPELERA,80000,EKONO,MARCA PROPIA                                      ,Insuperables Marca Propia
Gran Consumo,Super Inter,3111952,Detergente Bicarbonato/Vinagre,97,CUIDADO ROPA,1021,DETERGENTES CONVENCIONALES,24666,T/L/D TODOS LOS DIAS,MARCA PROPIA                                      ,Insuperables Marca Propia
Gran Consumo,Super Inter,3111954,Detergente Bicarbonato/Vinagre,97,CUIDADO ROPA,1021,DETERGENTES CONVENCIONALES,36937,CARULLA,MARCA PROPIA                                      ,Insuperables Marca Propia
Gran Consumo,Super Inter,3136901,Lavaloza Crema,405,LIMPIADORES E IMPLEMENTOS ASEO,4510,LAVALOZA CREMAS/GEL,80000,EKONO,MARCA PROPIA                                      ,Insuperables Marca Propia
Gran Consumo,Super Inter,3181319,Jabon en barra azul x 3 und,97,CUIDADO ROPA,930,JABON DE LAVAR LIMPIEZA BASICA,80000,EKONO,MARCA PROPIA                                      ,Insuperables Marca Propia
Gran Consumo,Super Inter,3188259,Vino Blanco,95,LICORES Y CIGARRILLOS,821,VINO BLANCOS MESA,23535,CRUZARES MARCA EXCLUSIVA,MARCA EXCLUSIVA                                   ,Insuperables Marca Propia
Gran Consumo,Super Inter,3188260,Vino tinto,95,LICORES Y CIGARRILLOS,811,VINO TINTOS MESA,23535,CRUZARES MARCA EXCLUSIVA,MARCA EXCLUSIVA                                   ,Insuperables Marca Propia
Gran Consumo,Super Inter,3191553,Papel Higiénico x12 Rollos,67,PAPELES Y ABSORBENTES,8020,PAPEL HIGIENICO RENDIDOR,36937,CARULLA,MARCA PROPIA                                      ,Insuperables Marca Propia
Gran Consumo,Super Inter,3197410,Vino Lambrusco Rosado,95,LICORES Y CIGARRILLOS,845,VINO ESPUMOSO Y CHAMPANA,29709,LA PIUMA MARCA EXCLUSIVA,MARCA EXCLUSIVA                                   ,Insuperables Marca Propia
Gran Consumo,Super Inter,3208370,Jabon Liq Espum Bamboo Forest,406,CUIDADO CORPORAL,1230,JABON LIQUIDOS,14401,PERSONAL CHOICE MARCA EXCLUSIV,MARCA EXCLUSIVA                                   ,Insuperables Marca Propia
Gran Consumo,Super Inter,3211605,Aceite de Coco Organico,403,ACEITES COMESTIBLES,7840,OTROS ACEITES,50000,TAEQ,MARCA PROPIA                                      ,Insuperables Marca Propia
Gran Consumo,Super Inter,3226878,Almendra Natural,59,PASABOCAS,5620,OTROS DE REPOSTERIA,17798,FRESCAMPO,MARCA PROPIA                                      ,Insuperables Marca Propia
Gran Consumo,Super Inter,3250382,Harina de Maiz Precocida Amar,93,GALLETAS Y HARINAS,4525,HARINA PRECOCIDA MAIZ,17798,FRESCAMPO,MARCA PROPIA                                      ,Insuperables Marca Propia
Gran Consumo,Super Inter,3250386,Harina de Maiz Precocida Blan,93,GALLETAS Y HARINAS,4525,HARINA PRECOCIDA MAIZ,17798,FRESCAMPO,MARCA PROPIA                                      ,Insuperables Marca Propia
Gran Consumo,Super Inter,3254338,Caldo De Gallina 12 Cubos,402,SALSAS Y CONDIMENTOS,6610,CALDOS GALLINA,80000,EKONO,MARCA PROPIA                                      ,Insuperables Marca Propia
Gran Consumo,Super Inter,3254342,Caldo De Gallina 8 Cubos,402,SALSAS Y CONDIMENTOS,6610,CALDOS GALLINA,80000,EKONO,MARCA PROPIA                                      ,Insuperables Marca Propia
Gran Consumo,Super Inter,3254344,Caldo De Costilla 8 Cubos,402,SALSAS Y CONDIMENTOS,6620,CALDOS OTROS,17798,FRESCAMPO,MARCA PROPIA                                      ,Insuperables Marca Propia
Gran Consumo,Super Inter,3254345,Caldo De Costilla 12 Cubos,402,SALSAS Y CONDIMENTOS,6620,CALDOS OTROS,17798,FRESCAMPO,MARCA PROPIA                                      ,Insuperables Marca Propia
Gran Consumo,Super Inter,3257072,Aceite Vegetal,403,ACEITES COMESTIBLES,7820,ACEITES MEZCLAS,17798,FRESCAMPO,MARCA PROPIA                                      ,Insuperables Marca Propia
Gran Consumo,Super Inter,3257073,Aceite Vegetal,403,ACEITES COMESTIBLES,7820,ACEITES MEZCLAS,17798,FRESCAMPO,MARCA PROPIA                                      ,Insuperables Marca Propia
Gran Consumo,Super Inter,3259113,Atun Lomo Agua,94,ENLATADOS,2110,ATUNES EN AGUA,20000,EXITO MARCA PROPIA,MARCA PROPIA                                      ,Insuperables Marca Propia
Gran Consumo,Super Inter,3259114,Atun Lomo Agua,94,ENLATADOS,2110,ATUNES EN AGUA,36937,CARULLA,MARCA PROPIA                                      ,Insuperables Marca Propia
Gran Consumo,Super Inter,3260266,Durazno en Almibar,94,ENLATADOS,7260,DURAZNOS/MELOCOTON CONSERVA,17798,FRESCAMPO,MARCA PROPIA                                      ,Insuperables Marca Propia
Gran Consumo,Super Inter,3264842,Papel Higienico Premium 3HX12,67,PAPELES Y ABSORBENTES,8010,PAPEL HIGIENICO PREMIUM,20000,EXITO MARCA PROPIA,MARCA PROPIA                                      ,Insuperables Marca Propia
Gran Consumo,Super Inter,3264843,Papel Higienico Premium 3HX12,67,PAPELES Y ABSORBENTES,8010,PAPEL HIGIENICO PREMIUM,36937,CARULLA,MARCA PROPIA                                      ,Insuperables Marca Propia
Gran Consumo,Super Inter,3264845,Papel Higienico Premium 3HX12,67,PAPELES Y ABSORBENTES,8010,PAPEL HIGIENICO PREMIUM,24666,T/L/D TODOS LOS DIAS,MARCA PROPIA                                      ,Insuperables Marca Propia
Gran Consumo,Super Inter,3276481,Atun Lomo Aceite,94,ENLATADOS,2120,ATUNES EN ACEITE,20000,EXITO MARCA PROPIA,MARCA PROPIA                                      ,Insuperables Marca Propia
Gran Consumo,Super Inter,3276485,Atun Lomo Aceite,94,ENLATADOS,2120,ATUNES EN ACEITE,36937,CARULLA,MARCA PROPIA                                      ,Insuperables Marca Propia
Gran Consumo,Super Inter,3277050,Tostada Blanca,81,PANADERIA INUSTRI.Y REPOSTERIA,1970,TOSTADAS,80000,EKONO,MARCA PROPIA                                      ,Insuperables Marca Propia
Gran Consumo,Super Inter,3280457,Queso Parmesano,83,DERIVADOS LACTEOS,2570,RALLADOS,20000,EXITO MARCA PROPIA,MARCA PROPIA                                      ,Insuperables Marca Propia
Gran Consumo,Super Inter,3283975,Arena para gatos,401,MASCOTAS,1435,ARENAS Y TAPETES,33444,PUK?,MARCA PROPIA                                      ,Insuperables Marca Propia
Gran Consumo,Super Inter,3287802,Atún Rallado Aceite,94,ENLATADOS,2140,DESMENUZADO,80000,EKONO,MARCA PROPIA                                      ,Insuperables Marca Propia
Gran Consumo,Super Inter,3295502,Galletas Wafer Vainilla,93,GALLETAS Y HARINAS,1621,GALLETAS WAFER,20000,EXITO MARCA PROPIA,MARCA PROPIA                                      ,Insuperables Marca Propia
Gran Consumo,Super Inter,3295503,Galletas Wafer Chocolate,93,GALLETAS Y HARINAS,1621,GALLETAS WAFER,20000,EXITO MARCA PROPIA,MARCA PROPIA                                      ,Insuperables Marca Propia
Gran Consumo,Super Inter,3295559,Galletas Cremadas Vainilla,93,GALLETAS Y HARINAS,1631,GALLETAS CREMADAS,20000,EXITO MARCA PROPIA,MARCA PROPIA                                      ,Insuperables Marca Propia
Gran Consumo,Super Inter,3295560,Galletas Cremadas Chocolate,93,GALLETAS Y HARINAS,1631,GALLETAS CREMADAS,20000,EXITO MARCA PROPIA,MARCA PROPIA                                      ,Insuperables Marca Propia
Gran Consumo,Super Inter,3295561,Galletas Cremadas Fresa,93,GALLETAS Y HARINAS,1631,GALLETAS CREMADAS,20000,EXITO MARCA PROPIA,MARCA PROPIA                                      ,Insuperables Marca Propia
Gran Consumo,Super Inter,3298214,Queso Parmesano,83,DERIVADOS LACTEOS,2570,RALLADOS,36937,CARULLA,MARCA PROPIA                                      ,Insuperables Marca Propia
Gran Consumo,Super Inter,3299409,Alimento Perro Adulto,401,MASCOTAS,820,ALIMENTOS PERROS,33444,PUK?,MARCA PROPIA                                      ,Insuperables Marca Propia
Gran Consumo,Super Inter,3299410,Alimento Perro Adulto,401,MASCOTAS,820,ALIMENTOS PERROS,33444,PUK?,MARCA PROPIA                                      ,Insuperables Marca Propia
Gran Consumo,Super Inter,3299411,Alimento Perro Adulto,401,MASCOTAS,820,ALIMENTOS PERROS,33444,PUK?,MARCA PROPIA                                      ,Insuperables Marca Propia
Gran Consumo,Super Inter,3300670,Pan Tajado Blanco,81,PANADERIA INUSTRI.Y REPOSTERIA,1910,PAN TAJADO,80000,EKONO,MARCA PROPIA                                      ,Insuperables Marca Propia
Gran Consumo,Super Inter,3310407,Azúcar Blanco Especial,90,GRANOS,7120,AZUCAR BLANCO ESPECIAL,17798,FRESCAMPO,MARCA PROPIA                                      ,Insuperables Marca Propia
Gran Consumo,Super Inter,3310410,Azúcar Blanco Especial,90,GRANOS,7120,AZUCAR BLANCO ESPECIAL,20000,EXITO MARCA PROPIA,MARCA PROPIA                                      ,Insuperables Marca Propia
Gran Consumo,Super Inter,3310412,Azúcar Morena,90,GRANOS,7130,AZUCAR MORENA,20000,EXITO MARCA PROPIA,MARCA PROPIA                                      ,Insuperables Marca Propia
Gran Consumo,Super Inter,3310418,Azúcar Morena,90,GRANOS,7130,AZUCAR MORENA,17798,FRESCAMPO,MARCA PROPIA                                      ,Insuperables Marca Propia
Gran Consumo,Super Inter,3318957,Salsa BBQ,402,SALSAS Y CONDIMENTOS,3525,SALSAS BBQ,20000,EXITO MARCA PROPIA,MARCA PROPIA                                      ,Insuperables Marca Propia
Gran Consumo,Super Inter,3320441,Lomo de Atún en Aceite Tripack,94,ENLATADOS,2120,ATUNES EN ACEITE,20000,EXITO MARCA PROPIA,MARCA PROPIA                                      ,Insuperables Marca Propia
Gran Consumo,Super Inter,3322065,Pan Súper Perro con Ajonjolí,81,PANADERIA INUSTRI.Y REPOSTERIA,1920,PAN PERRO,20000,EXITO MARCA PROPIA,MARCA PROPIA                                      ,Insuperables Marca Propia
Gran Consumo,Super Inter,3325409,Shampoo de Bebé,96,CUIDADO CAPILAR Y ACCESORIOS,1340,SHAMPOO BEBES NINOS,14401,PERSONAL CHOICE MARCA EXCLUSIV,MARCA EXCLUSIVA                                   ,Insuperables Marca Propia
Gran Consumo,Super Inter,3326788,Leche Semid Deslact UHT Paquet,83,DERIVADOS LACTEOS,1385,LECHE LIQUIDA UHT BOLSA,20000,EXITO MARCA PROPIA,MARCA PROPIA                                      ,Insuperables Marca Propia
Gran Consumo,Super Inter,3326790,Leche Semid Deslact UHT,83,DERIVADOS LACTEOS,1385,LECHE LIQUIDA UHT BOLSA,20000,EXITO MARCA PROPIA,MARCA PROPIA                                      ,Insuperables Marca Propia
Gran Consumo,Super Inter,3326792,Leche Entera UHT,83,DERIVADOS LACTEOS,1385,LECHE LIQUIDA UHT BOLSA,20000,EXITO MARCA PROPIA,MARCA PROPIA                                      ,Insuperables Marca Propia
Gran Consumo,Super Inter,3326794,Leche Entera UHT Paquete,83,DERIVADOS LACTEOS,1385,LECHE LIQUIDA UHT BOLSA,20000,EXITO MARCA PROPIA,MARCA PROPIA                                      ,Insuperables Marca Propia
Gran Consumo,Super Inter,3326796,Leche Entera UHT Max,83,DERIVADOS LACTEOS,1385,LECHE LIQUIDA UHT BOLSA,20000,EXITO MARCA PROPIA,MARCA PROPIA                                      ,Insuperables Marca Propia
Gran Consumo,Super Inter,3326797,Leche Semid Deslact UHT,83,DERIVADOS LACTEOS,1385,LECHE LIQUIDA UHT BOLSA,17798,FRESCAMPO,MARCA PROPIA                                      ,Insuperables Marca Propia
Gran Consumo,Super Inter,3326798,Leche Semid Deslact UHT Paquet,83,DERIVADOS LACTEOS,1385,LECHE LIQUIDA UHT BOLSA,17798,FRESCAMPO,MARCA PROPIA                                      ,Insuperables Marca Propia
Gran Consumo,Super Inter,3326799,Leche Entera UHT,83,DERIVADOS LACTEOS,1385,LECHE LIQUIDA UHT BOLSA,17798,FRESCAMPO,MARCA PROPIA                                      ,Insuperables Marca Propia
Gran Consumo,Super Inter,3326800,Leche Entera UHT Paquete Max,83,DERIVADOS LACTEOS,1385,LECHE LIQUIDA UHT BOLSA,20000,EXITO MARCA PROPIA,MARCA PROPIA                                      ,Insuperables Marca Propia
Gran Consumo,Super Inter,3326801,Leche Entera UHT Paquete,83,DERIVADOS LACTEOS,1385,LECHE LIQUIDA UHT BOLSA,17798,FRESCAMPO,MARCA PROPIA                                      ,Insuperables Marca Propia
Gran Consumo,Super Inter,3327580,Crema Cocoa & Karite,406,CUIDADO CORPORAL,1310,CREMAS HUMECTANTES,14401,PERSONAL CHOICE MARCA EXCLUSIV,MARCA EXCLUSIVA                                   ,Insuperables Marca Propia
Gran Consumo,Super Inter,3327581,Crema Aloe Vera,406,CUIDADO CORPORAL,1310,CREMAS HUMECTANTES,14401,PERSONAL CHOICE MARCA EXCLUSIV,MARCA EXCLUSIVA                                   ,Insuperables Marca Propia
Gran Consumo,Super Inter,3327582,Crema Almendras,406,CUIDADO CORPORAL,1310,CREMAS HUMECTANTES,14401,PERSONAL CHOICE MARCA EXCLUSIV,MARCA EXCLUSIVA                                   ,Insuperables Marca Propia
Gran Consumo,Super Inter,3327584,Crema Para Bebé,406,CUIDADO CORPORAL,1350,CREMAS HUMECTANTES BEBE,14401,PERSONAL CHOICE MARCA EXCLUSIV,MARCA EXCLUSIVA                                   ,Insuperables Marca Propia
Gran Consumo,Super Inter,3330627,Aceite De Oliva Virgen Extra,403,ACEITES COMESTIBLES,7815,ACEITE OLIVA,17798,FRESCAMPO,MARCA PROPIA                                      ,Insuperables Marca Propia
Gran Consumo,Super Inter,3330630,Aceite de Oliva Extra Virgen,403,ACEITES COMESTIBLES,7815,ACEITE OLIVA,20000,EXITO MARCA PROPIA,MARCA PROPIA                                      ,Insuperables Marca Propia
Gran Consumo,Super Inter,3331366,Bocadillo Dulce En Hoja De Bij,402,SALSAS Y CONDIMENTOS,6760,BOCADILLOS,17798,FRESCAMPO,MARCA PROPIA                                      ,Insuperables Marca Propia
Gran Consumo,Super Inter,3331394,Queso Tipo Sanduche,83,DERIVADOS LACTEOS,2575,MOZARELLA/DOBLECREMA,17798,FRESCAMPO,MARCA PROPIA                                      ,Insuperables Marca Propia
Gran Consumo,Super Inter,3333297,Shampoo Acai Y Romero,96,CUIDADO CAPILAR Y ACCESORIOS,1310,SHAMPOO 1 EN 1,36839,ALGABO MARCA EXCLUSIVA,MARCA EXCLUSIVA                                   ,Insuperables Marca Propia
Gran Consumo,Super Inter,3333758,Crema Corporal Lubricante,406,CUIDADO CORPORAL,1310,CREMAS HUMECTANTES,14401,PERSONAL CHOICE MARCA EXCLUSIV,MARCA EXCLUSIVA                                   ,Insuperables Marca Propia
Gran Consumo,Super Inter,3336532,Maicitos Dulces Enlatados,94,ENLATADOS,1525,MAICES CONSERVA,17798,FRESCAMPO,MARCA PROPIA                                      ,Insuperables Marca Propia
Gran Consumo,Super Inter,3343468,Lavaloza Ekono Limon,405,LIMPIADORES E IMPLEMENTOS ASEO,4510,LAVALOZA CREMAS/GEL,80000,EKONO,MARCA PROPIA                                      ,Insuperables Marca Propia
Gran Consumo,Super Inter,3344695,Granola,93,GALLETAS Y HARINAS,4410,GRANOLAS,80000,EKONO,MARCA PROPIA                                      ,Insuperables Marca Propia
Gran Consumo,Super Inter,3344697,Granola Coco,93,GALLETAS Y HARINAS,4410,GRANOLAS,20000,EXITO MARCA PROPIA,MARCA PROPIA                                      ,Insuperables Marca Propia
Gran Consumo,Super Inter,3354234,Esparcible,83,DERIVADOS LACTEOS,2041,MARGARINA O ESPARCIBLE DE MESA,80000,EKONO,MARCA PROPIA                                      ,Insuperables Marca Propia
Gran Consumo,Super Inter,3355096,Aceite de Girasol,403,ACEITES COMESTIBLES,7825,ACEITE GIRASOL,20000,EXITO MARCA PROPIA,MARCA PROPIA                                      ,Insuperables Marca Propia
Gran Consumo,Super Inter,3355098,Aceite de Girasol,403,ACEITES COMESTIBLES,7825,ACEITE GIRASOL,36937,CARULLA,MARCA PROPIA                                      ,Insuperables Marca Propia
Gran Consumo,Super Inter,3355100,Aceite de Girasol,403,ACEITES COMESTIBLES,7825,ACEITE GIRASOL,17798,FRESCAMPO,MARCA PROPIA                                      ,Insuperables Marca Propia
Gran Consumo,Super Inter,3373213,Torta Negra Lonchera,81,PANADERIA INUSTRI.Y REPOSTERIA,5536,TAJADAS SIN CUBIERTA,80000,EKONO,MARCA PROPIA                                      ,Insuperables Marca Propia
Gran Consumo,Super Inter,3382405,Papel Higienico 4 Rollos,67,PAPELES Y ABSORBENTES,8020,PAPEL HIGIENICO RENDIDOR,24666,T/L/D TODOS LOS DIAS,MARCA PROPIA                                      ,Insuperables Marca Propia
Gran Consumo,Super Inter,3397990,Azucar Blanco,90,GRANOS,7120,AZUCAR BLANCO ESPECIAL,36937,CARULLA,MARCA PROPIA                                      ,Insuperables Marca Propia
Gran Consumo,Super Inter,3400652,Aceite de Girasol,403,ACEITES COMESTIBLES,7825,ACEITE GIRASOL,36937,CARULLA,MARCA PROPIA                                      ,Insuperables Marca Propia
Gran Consumo,Super Inter,3400653,Aceite de Girasol,403,ACEITES COMESTIBLES,7825,ACEITE GIRASOL,17798,FRESCAMPO,MARCA PROPIA                                      ,Insuperables Marca Propia
Gran Consumo,Super Inter,3403501,Suavizante Aroma Floral,97,CUIDADO ROPA,1210,SUAVIZANTES REGULAR,36937,CARULLA,MARCA PROPIA                                      ,Insuperables Marca Propia
Gran Consumo,Super Inter,3403502,Suavizante Aroma Floral,97,CUIDADO ROPA,1210,SUAVIZANTES REGULAR,24666,T/L/D TODOS LOS DIAS,MARCA PROPIA                                      ,Insuperables Marca Propia
Gran Consumo,Super Inter,3403530,Suavizante Aroma Floral,97,CUIDADO ROPA,1210,SUAVIZANTES REGULAR,36937,CARULLA,MARCA PROPIA                                      ,Insuperables Marca Propia
Gran Consumo,Super Inter,3403551,Suavizante Aroma Floral,97,CUIDADO ROPA,1210,SUAVIZANTES REGULAR,20000,EXITO MARCA PROPIA,MARCA PROPIA                                      ,Insuperables Marca Propia
Gran Consumo,Super Inter,3403552,Suavizante Aroma Floral,97,CUIDADO ROPA,1210,SUAVIZANTES REGULAR,20000,EXITO MARCA PROPIA,MARCA PROPIA                                      ,Insuperables Marca Propia
Gran Consumo,Super Inter,3403555,Suavizante Aroma Floral,97,CUIDADO ROPA,1210,SUAVIZANTES REGULAR,24666,T/L/D TODOS LOS DIAS,MARCA PROPIA                                      ,Insuperables Marca Propia
Gran Consumo,Super Inter,3436274,Aceite De Aguacate,403,ACEITES COMESTIBLES,7840,OTROS ACEITES,50000,TAEQ,MARCA PROPIA                                      ,Insuperables Marca Propia
Gran Consumo,Super Inter,3453139,Galletas Saladas x 3 Tacos,93,GALLETAS Y HARINAS,2021,CRACKERS TRADICIONAL,17798,FRESCAMPO,MARCA PROPIA                                      ,Insuperables Marca Propia
Gran Consumo,Super Inter,3454318,Chocolate Clavos Y Canela,92,BEBIDAS CALIENT/Y ALMT.NATURIS,6050,CHOCOLATES ALINADOS DULCE,80000,EKONO,MARCA PROPIA                                      ,Insuperables Marca Propia
Gran Consumo,Super Inter,3462328,Bolsa De Basura Blanca,404,DESECHABLES Y AEROSOLES,5030,BOLSA BASURA RESIDENCIAL,80000,EKONO,MARCA PROPIA                                      ,Insuperables Marca Propia
Gran Consumo,Super Inter,3462329,Bolsa De Basura Negra,404,DESECHABLES Y AEROSOLES,5030,BOLSA BASURA RESIDENCIAL,80000,EKONO,MARCA PROPIA                                      ,Insuperables Marca Propia
Gran Consumo,Super Inter,3462330,Bolsa De Basura Verde,404,DESECHABLES Y AEROSOLES,5030,BOLSA BASURA RESIDENCIAL,80000,EKONO,MARCA PROPIA                                      ,Insuperables Marca Propia
Gran Consumo,Super Inter,3475406,Arepa Tela,83,DERIVADOS LACTEOS,4080,AREPAS BLANCAS,80000,EKONO,MARCA PROPIA                                      ,Insuperables Marca Propia
Gran Consumo,Super Inter,3479458,Queso Mozzarella Tajado,83,DERIVADOS LACTEOS,2575,MOZARELLA/DOBLECREMA,20000,EXITO MARCA PROPIA,MARCA PROPIA                                      ,Insuperables Marca Propia
Gran Consumo,Super Inter,3491790,Detergente Liquido Floral,97,CUIDADO ROPA,1011,DETERGENTES LIQUIDOS,20000,EXITO MARCA PROPIA,MARCA PROPIA                                      ,Insuperables Marca Propia
Gran Consumo,Super Inter,3507566,Galletas Saladas,93,GALLETAS Y HARINAS,2021,CRACKERS TRADICIONAL,17798,FRESCAMPO,MARCA PROPIA                                      ,Insuperables Marca Propia
Gran Consumo,Super Inter,3511293,Detergente liquido floral,97,CUIDADO ROPA,1011,DETERGENTES LIQUIDOS,36937,CARULLA,MARCA PROPIA                                      ,Insuperables Marca Propia
Gran Consumo,Super Inter,3511294,Detergente liquido floral,97,CUIDADO ROPA,1011,DETERGENTES LIQUIDOS,24666,T/L/D TODOS LOS DIAS,MARCA PROPIA                                      ,Insuperables Marca Propia
Gran Consumo,Super Inter,3518647,Papel Higiénico X 12 Rollos,67,PAPELES Y ABSORBENTES,8020,PAPEL HIGIENICO RENDIDOR,20000,EXITO MARCA PROPIA,MARCA PROPIA                                      ,Insuperables Marca Propia
Gran Consumo,Super Inter,3519268,Jabón Antibacterial Avena,406,CUIDADO CORPORAL,1221,JABON ANTIBACTERIALES/MEDICADO,20000,EXITO MARCA PROPIA,MARCA PROPIA                                      ,Insuperables Marca Propia
Gran Consumo,Super Inter,403042,Agua Sin Gas,63,BEBIDAS LIQUIDAS NO ALCOHOLICA,6710,AGUA NORMAL,20000,EXITO MARCA PROPIA,MARCA PROPIA                                      ,Insuperables Marca Propia
Gran Consumo,Super Inter,405927,PAPEL HIG BLANCO TRIPLE HOJA,67,PAPELES Y ABSORBENTES,8020,PAPEL HIGIENICO RENDIDOR,20000,EXITO MARCA PROPIA,MARCA PROPIA                                      ,Insuperables Marca Propia
Gran Consumo,Super Inter,425724,&SERVILLETA DOBLADA,67,PAPELES Y ABSORBENTES,7510,SERVILLETAS NORMALES,36937,CARULLA,MARCA PROPIA                                      ,Insuperables Marca Propia
Gran Consumo,Super Inter,426831,GUANTES DOMESTICOS TALLA 8,405,LIMPIADORES E IMPLEMENTOS ASEO,5811,GUANTES DOMESTICOS,80000,EKONO,MARCA PROPIA                                      ,Insuperables Marca Propia
Gran Consumo,Super Inter,429306,Esponja Doble Uso 2Pack,405,LIMPIADORES E IMPLEMENTOS ASEO,4450,ESPUMAS Y PLASTICAS,80000,EKONO,MARCA PROPIA                                      ,Insuperables Marca Propia
Gran Consumo,Super Inter,438331,Cafe Molido,92,BEBIDAS CALIENT/Y ALMT.NATURIS,5610,CAFE MOLIDO,80000,EKONO,MARCA PROPIA                                      ,Insuperables Marca Propia
Gran Consumo,Super Inter,489509,Servilleta Blanca De Lujo,67,PAPELES Y ABSORBENTES,7520,SERVILLETAS LUJO,36937,CARULLA,MARCA PROPIA                                      ,Insuperables Marca Propia
Gran Consumo,Super Inter,580153,PAPEL HIGIENICO,67,PAPELES Y ABSORBENTES,8020,PAPEL HIGIENICO RENDIDOR,20000,EXITO MARCA PROPIA,MARCA PROPIA                                      ,Insuperables Marca Propia
Gran Consumo,Super Inter,598300,Toalla Cocina Doble Hoj 1 Roll,67,PAPELES Y ABSORBENTES,2020,TOALLAS COCINA DESECHABLE,80000,EKONO,MARCA PROPIA                                      ,Insuperables Marca Propia
Gran Consumo,Super Inter,620120,Toallita Humeda con Aloe Vera,67,PAPELES Y ABSORBENTES,8540,TOALLITAS HUMEDAS BABY OTROS U,14401,PERSONAL CHOICE MARCA EXCLUSIV,MARCA EXCLUSIVA                                   ,Insuperables Marca Propia
Gran Consumo,Super Inter,894020,Vino Tinto,95,LICORES Y CIGARRILLOS,811,VINO TINTOS MESA,23535,CRUZARES MARCA EXCLUSIVA,MARCA EXCLUSIVA                                   ,Insuperables Marca Propia
Gran Consumo,Super Inter,894119,Vino Rosado,95,LICORES Y CIGARRILLOS,832,VINO ROSADOS MESA,23535,CRUZARES MARCA EXCLUSIVA,MARCA EXCLUSIVA                                   ,Insuperables Marca Propia
Gran Consumo,Super Inter,894139,Vino Blanco,95,LICORES Y CIGARRILLOS,821,VINO BLANCOS MESA,23535,CRUZARES MARCA EXCLUSIVA,MARCA EXCLUSIVA                                   ,Insuperables Marca Propia
Gran Consumo,Super Inter,3298470,Queso Mozzarella Rallado,83,DERIVADOS LACTEOS,2575,MOZARELLA/DOBLECREMA,17798,FRESCAMPO,MARCA PROPIA                                      ,Insuperables Marca Propia
Gran Consumo,Super Inter,3506935,Aceite De Soya,403,ACEITES COMESTIBLES,7840,OTROS ACEITES,17798,FRESCAMPO,MARCA PROPIA                                      ,Insuperables Marca Propia
Gran Consumo,Super Inter,3506936,Aceite De Soya,403,ACEITES COMESTIBLES,7840,OTROS ACEITES,17798,FRESCAMPO,MARCA PROPIA                                      ,Insuperables Marca Propia
Gran Consumo,Super Inter,3540220,Leche En Polvo Entera,69,MEZCLAS Y BEBIDAS EN POLVO,3210,LECHE EN POLVO ENTERA,17798,FRESCAMPO,MARCA PROPIA                                      ,Insuperables Marca Propia
Gran Consumo,Super Inter,3540222,Leche En Polvo Entera,69,MEZCLAS Y BEBIDAS EN POLVO,3210,LECHE EN POLVO ENTERA,17798,FRESCAMPO,MARCA PROPIA                                      ,Insuperables Marca Propia
Gran Consumo,Super Inter,3493914,Yogurt Griego Natural,83,DERIVADOS LACTEOS,1220,YOGURT TIPO GRIEGO,17798,FRESCAMPO,MARCA PROPIA                                      ,Insuperables Marca Propia
Gran Consumo,Super Inter,3298212,Queso Mozzarella Tajado,83,DERIVADOS LACTEOS,2575,MOZARELLA/DOBLECREMA,36937,CARULLA,MARCA PROPIA                                      ,Insuperables Marca Propia
Gran Consumo,Super Inter,3537862,Guantes Semi Industrial,405,LIMPIADORES E IMPLEMENTOS ASEO,5821,GUANTES INDUSTRIALES,80000,EKONO,MARCA PROPIA                                      ,Insuperables Marca Propia
Gran Consumo,Super Inter,3454319,Chocolate Tradicional,92,BEBIDAS CALIENT/Y ALMT.NATURIS,6020,CHOCOLATES DULCES,80000,EKONO,MARCA PROPIA                                      ,Insuperables Marca Propia
Gran Consumo,Super Inter,3305484,Harina de Trigo,93,GALLETAS Y HARINAS,4510,HARINA DE TRIGO,17798,FRESCAMPO,MARCA PROPIA                                      ,Insuperables Marca Propia
Gran Consumo,Super Inter,3585499,Yogurt Griego Natural,83,DERIVADOS LACTEOS,1220,YOGURT TIPO GRIEGO,17798,FRESCAMPO,MARCA PROPIA                                      ,Insuperables Marca Propia
Gran Consumo,Super Inter,3511181,Lavaloza Liquido,405,LIMPIADORES E IMPLEMENTOS ASEO,4520,LAVALOZAS LIQUIDOS,36937,CARULLA,MARCA PROPIA                                      ,Insuperables Marca Propia
Gran Consumo,Super Inter,3588696,Suavizante Manzana,97,CUIDADO ROPA,1210,SUAVIZANTES REGULAR,20000,EXITO MARCA PROPIA,MARCA PROPIA                                      ,Insuperables Marca Propia
Gran Consumo,Super Inter,3588697,Suavizante Manzana,97,CUIDADO ROPA,1210,SUAVIZANTES REGULAR,20000,EXITO MARCA PROPIA,MARCA PROPIA                                      ,Insuperables Marca Propia
Gran Consumo,Super Inter,1762859,Papel Higienico Blanco Max,67,PAPELES Y ABSORBENTES,8020,PAPEL HIGIENICO RENDIDOR,24666,T/L/D TODOS LOS DIAS,MARCA PROPIA                                      ,Insuperables Marca Propia
Gran Consumo,Super Inter,3259112,Atun Lomo Agua,94,ENLATADOS,2110,ATUNES EN AGUA,17798,FRESCAMPO,MARCA PROPIA                                      ,Insuperables Marca Propia
Gran Consumo,Super Inter,3276488,Atun Lomitos En Aceite,94,ENLATADOS,2120,ATUNES EN ACEITE,17798,FRESCAMPO,MARCA PROPIA                                      ,Insuperables Marca Propia
Gran Consumo,Super Inter,3618631,Leche Entera En Caja,83,DERIVADOS LACTEOS,1390,LECHE LIQUIDA UHT CAJA,20000,EXITO MARCA PROPIA,MARCA PROPIA                                      ,Insuperables Marca Propia
Gran Consumo,Super Inter,3623259,Limpia Pisos Bicarbonato,405,LIMPIADORES E IMPLEMENTOS ASEO,1928,LIMPIAPISOS EFICIENTES,24666,T/L/D TODOS LOS DIAS,MARCA PROPIA                                      ,Insuperables Marca Propia
Gran Consumo,Super Inter,3623260,Limpia Pisos Citronela,405,LIMPIADORES E IMPLEMENTOS ASEO,1910,LIMPIAPISOS AROMAT DESINFEC,24666,T/L/D TODOS LOS DIAS,MARCA PROPIA                                      ,Insuperables Marca Propia
Gran Consumo,Super Inter,3623261,Limpia Pisos Lavanda,405,LIMPIADORES E IMPLEMENTOS ASEO,1910,LIMPIAPISOS AROMAT DESINFEC,24666,T/L/D TODOS LOS DIAS,MARCA PROPIA                                      ,Insuperables Marca Propia
Gran Consumo,Super Inter,3564367,Conserva De Pescado En Salsa D,94,ENLATADOS,2735,OTROS PESCADOS,20000,EXITO MARCA PROPIA,MARCA PROPIA                                      ,Insuperables Marca Propia
Gran Consumo,Super Inter,3564368,Conserva De Pescado En Salsa D,94,ENLATADOS,2735,OTROS PESCADOS,20000,EXITO MARCA PROPIA,MARCA PROPIA                                      ,Insuperables Marca Propia
Gran Consumo,Super Inter,3633789,Conservas De Pescado,94,ENLATADOS,2735,OTROS PESCADOS,36937,CARULLA,MARCA PROPIA                                      ,Insuperables Marca Propia
Gran Consumo,Super Inter,3633790,Conservas De Pescado,94,ENLATADOS,2735,OTROS PESCADOS,36937,CARULLA,MARCA PROPIA                                      ,Insuperables Marca Propia
Gran Consumo,Super Inter,3636384,Pañal Desechable Talla G,67,PAPELES Y ABSORBENTES,9030,PANALES VALUE,80000,EKONO,MARCA PROPIA                                      ,Insuperables Marca Propia
Gran Consumo,Super Inter,3636385,Pañal Desechable Talla XG,67,PAPELES Y ABSORBENTES,9030,PANALES VALUE,80000,EKONO,MARCA PROPIA                                      ,Insuperables Marca Propia
Gran Consumo,Super Inter,3280455,Queso Parmesano,83,DERIVADOS LACTEOS,2570,RALLADOS,20000,EXITO MARCA PROPIA,MARCA PROPIA                                      ,Insuperables Marca Propia
Gran Consumo,Super Inter,3298211,Queso Parmesano,83,DERIVADOS LACTEOS,2570,RALLADOS,36937,CARULLA,MARCA PROPIA                                      ,Insuperables Marca Propia
Gran Consumo,Super Inter,3599997,Pañal Bebe Talla XXG,67,PAPELES Y ABSORBENTES,9030,PANALES VALUE,80000,EKONO,MARCA PROPIA                                      ,Insuperables Marca Propia
Gran Consumo,Super Inter,3293026,Soda,63,BEBIDAS LIQUIDAS NO ALCOHOLICA,7035,SODAS Y MEZCLADORES,17798,FRESCAMPO,MARCA PROPIA                                      ,Insuperables Marca Propia
Gran Consumo,Super Inter,3331337,Pasta Macarrones,93,GALLETAS Y HARINAS,4620,PASTAS COMUNES,80000,EKONO,MARCA PROPIA                                      ,Insuperables Marca Propia
Gran Consumo,Super Inter,3331340,Pasta Conchas,93,GALLETAS Y HARINAS,4620,PASTAS COMUNES,80000,EKONO,MARCA PROPIA                                      ,Insuperables Marca Propia
Gran Consumo,Super Inter,3331344,Pasta Spaghetti,93,GALLETAS Y HARINAS,4620,PASTAS COMUNES,80000,EKONO,MARCA PROPIA                                      ,Insuperables Marca Propia
Gran Consumo,Super Inter,3331345,Pasta Fideos,93,GALLETAS Y HARINAS,4620,PASTAS COMUNES,80000,EKONO,MARCA PROPIA                                      ,Insuperables Marca Propia
Gran Consumo,Super Inter,3111953,Detergente Bicarbonato/Vinagre,97,CUIDADO ROPA,1021,DETERGENTES CONVENCIONALES,20000,EXITO MARCA PROPIA,MARCA PROPIA                                      ,Insuperables Marca Propia
Gran Consumo,Super Inter,3331338,Pasta Fideos,93,GALLETAS Y HARINAS,4620,PASTAS COMUNES,80000,EKONO,MARCA PROPIA                                      ,Insuperables Marca Propia
Gran Consumo,Super Inter,3331339,Pasta Conchas,93,GALLETAS Y HARINAS,4620,PASTAS COMUNES,80000,EKONO,MARCA PROPIA                                      ,Insuperables Marca Propia
Gran Consumo,Super Inter,3331341,Pasta Macarrones,93,GALLETAS Y HARINAS,4620,PASTAS COMUNES,80000,EKONO,MARCA PROPIA                                      ,Insuperables Marca Propia
Gran Consumo,Super Inter,3331342,Pasta Spaghetti,93,GALLETAS Y HARINAS,4620,PASTAS COMUNES,80000,EKONO,MARCA PROPIA                                      ,Insuperables Marca Propia
Gran Consumo,Super Inter,3331343,Pasta Fideos,93,GALLETAS Y HARINAS,4620,PASTAS COMUNES,80000,EKONO,MARCA PROPIA                                      ,Insuperables Marca Propia
Gran Consumo,Super Inter,3331346,Pasta Spaghetti,93,GALLETAS Y HARINAS,4620,PASTAS COMUNES,80000,EKONO,MARCA PROPIA                                      ,Insuperables Marca Propia
Gran Consumo,Super Inter,3178712,Papel higiénico x 12 rollos,67,PAPELES Y ABSORBENTES,8020,PAPEL HIGIENICO RENDIDOR,20000,EXITO MARCA PROPIA,MARCA PROPIA                                      ,Insuperables Marca Propia
Gran Consumo,Super Inter,3226414,Blanqueador en Gel,405,LIMPIADORES E IMPLEMENTOS ASEO,830,BLANQUEADOR SIN FRAGANCIA,42192,GREEN CHOICE GENERATION,MARCA EXCLUSIVA                                   ,Insuperables Marca Propia
Gran Consumo,Super Inter,3511376,Jabon Doy Pack Avena Miel,406,CUIDADO CORPORAL,1230,JABON LIQUIDOS,14401,PERSONAL CHOICE MARCA EXCLUSIV,MARCA EXCLUSIVA                                   ,Insuperables Marca Propia
Gran Consumo,Super Inter,3511377,Jabon Doy Pack Pomegran Mango,406,CUIDADO CORPORAL,1230,JABON LIQUIDOS,14401,PERSONAL CHOICE MARCA EXCLUSIV,MARCA EXCLUSIVA                                   ,Insuperables Marca Propia
Gran Consumo,Super Inter,3118050,Alimento Para Gatos,401,MASCOTAS,840,ALIMENTOS GATOS,33444,PUK?,MARCA PROPIA                                      ,Insuperables Marca Propia
Gran Consumo,Super Inter,3131929,Alimento Para Gatos,401,MASCOTAS,840,ALIMENTOS GATOS,33444,PUK?,MARCA PROPIA                                      ,Insuperables Marca Propia
Gran Consumo,Super Inter,3289994,Alimento Perro Cachorro,401,MASCOTAS,820,ALIMENTOS PERROS,33444,PUK?,MARCA PROPIA                                      ,Insuperables Marca Propia
Gran Consumo,Super Inter,3299412,Alimento Perro Adulto,401,MASCOTAS,820,ALIMENTOS PERROS,33444,PUK?,MARCA PROPIA                                      ,Insuperables Marca Propia
Gran Consumo,Super Inter,3641982,Alimento Perro Adulto,401,MASCOTAS,820,ALIMENTOS PERROS,33444,PUK?,MARCA PROPIA                                      ,Insuperables Marca Propia
Gran Consumo,Super Inter,3635120,Locion Hidratante Corporal,406,CUIDADO CORPORAL,1310,CREMAS HUMECTANTES,24674,AMPM PLUS,MARCA PROPIA                                      ,Insuperables Marca Propia
Gran Consumo,Super Inter,3629361,Suavizante Floral,97,CUIDADO ROPA,1210,SUAVIZANTES REGULAR,20000,EXITO MARCA PROPIA,MARCA PROPIA                                      ,Insuperables Marca Propia
Gran Consumo,Super Inter,3629362,Detergente Liquido,97,CUIDADO ROPA,1011,DETERGENTES LIQUIDOS,20000,EXITO MARCA PROPIA,MARCA PROPIA                                      ,Insuperables Marca Propia
Gran Consumo,Super Inter,857637,Toalla Higien Delgada Con Alas,67,PAPELES Y ABSORBENTES,7020,TOALLAS HIGIENICAS,80000,EKONO,MARCA PROPIA                                      ,Insuperables Marca Propia
Gran Consumo,Super Inter,439586,Toalla Delgada Con Alas Tela,67,PAPELES Y ABSORBENTES,7020,TOALLAS HIGIENICAS,80000,EKONO,MARCA PROPIA                                      ,Insuperables Marca Propia
Gran Consumo,Super Inter,3026388,Toalla Higienica Nocturna,67,PAPELES Y ABSORBENTES,7020,TOALLAS HIGIENICAS,80000,EKONO,MARCA PROPIA                                      ,Insuperables Marca Propia
Gran Consumo,Super Inter,3032765,Toallas Higienicas Malla,67,PAPELES Y ABSORBENTES,7020,TOALLAS HIGIENICAS,80000,EKONO,MARCA PROPIA                                      ,Insuperables Marca Propia
Gran Consumo,Super Inter,3032766,Toallas Higienicas Malla,67,PAPELES Y ABSORBENTES,7020,TOALLAS HIGIENICAS,80000,EKONO,MARCA PROPIA                                      ,Insuperables Marca Propia
Gran Consumo,Super Inter,3454320,Chocolate Tradicional,92,BEBIDAS CALIENT/Y ALMT.NATURIS,6020,CHOCOLATES DULCES,80000,EKONO,MARCA PROPIA                                      ,Insuperables Marca Propia
Gran Consumo,Super Inter,3488624,Shampoo Hydra,96,CUIDADO CAPILAR Y ACCESORIOS,1310,SHAMPOO 1 EN 1,14401,PERSONAL CHOICE MARCA EXCLUSIV,MARCA EXCLUSIVA                                   ,Insuperables Marca Propia
Gran Consumo,Super Inter,3488625,Shampoo Cuidado Completo,96,CUIDADO CAPILAR Y ACCESORIOS,1310,SHAMPOO 1 EN 1,14401,PERSONAL CHOICE MARCA EXCLUSIV,MARCA EXCLUSIVA                                   ,Insuperables Marca Propia
Gran Consumo,Super Inter,3488626,Shampoo Regeneracion Diaria,96,CUIDADO CAPILAR Y ACCESORIOS,1310,SHAMPOO 1 EN 1,14401,PERSONAL CHOICE MARCA EXCLUSIV,MARCA EXCLUSIVA                                   ,Insuperables Marca Propia
Gran Consumo,Super Inter,3330631,Aceite de Oliva Extra Virgen,403,ACEITES COMESTIBLES,7815,ACEITE OLIVA,36937,CARULLA,MARCA PROPIA                                      ,Insuperables Marca Propia
Gran Consumo,Super Inter,3549008,Papel Higienico,67,PAPELES Y ABSORBENTES,8020,PAPEL HIGIENICO RENDIDOR,20000,EXITO MARCA PROPIA,MARCA PROPIA                                      ,Insuperables Marca Propia
Gran Consumo,Super Inter,3640363,Papel Higienico x24 Rollos,67,PAPELES Y ABSORBENTES,8020,PAPEL HIGIENICO RENDIDOR,36937,CARULLA,MARCA PROPIA                                      ,Insuperables Marca Propia
Gran Consumo,Super Inter,3670169,Limpiapisos Lavanda,405,LIMPIADORES E IMPLEMENTOS ASEO,1910,LIMPIAPISOS AROMAT DESINFEC,24666,T/L/D TODOS LOS DIAS,MARCA PROPIA                                      ,Insuperables Marca Propia
Gran Consumo,Super Inter,3685676,Crema Lavaloza Limon,405,LIMPIADORES E IMPLEMENTOS ASEO,4510,LAVALOZA CREMAS/GEL,80000,EKONO,MARCA PROPIA                                      ,Insuperables Marca Propia
Gran Consumo,Super Inter,3330628,Aceite de Oliva Extra Virgen,403,ACEITES COMESTIBLES,7815,ACEITE OLIVA,36937,CARULLA,MARCA PROPIA                                      ,Insuperables Marca Propia
Gran Consumo,Super Inter,3330634,Aceite de Oliva Extravirgen,403,ACEITES COMESTIBLES,7815,ACEITE OLIVA,20000,EXITO MARCA PROPIA,MARCA PROPIA                                      ,Insuperables Marca Propia
Gran Consumo,Super Inter,958531,Cafe Molido,92,BEBIDAS CALIENT/Y ALMT.NATURIS,5610,CAFE MOLIDO,80000,EKONO,MARCA PROPIA                                      ,Insuperables Marca Propia
Gran Consumo,Super Inter,3611606,Lomo Atún En Agua X4 Unds,94,ENLATADOS,2110,ATUNES EN AGUA,20000,EXITO MARCA PROPIA,MARCA PROPIA                                      ,Insuperables Marca Propia
Gran Consumo,Super Inter,216153,Agua Sin Gas,63,BEBIDAS LIQUIDAS NO ALCOHOLICA,6710,AGUA NORMAL,20000,EXITO MARCA PROPIA,MARCA PROPIA                                      ,Insuperables Marca Propia
Gran Consumo,Super Inter,975923,Agua Sin Gas,63,BEBIDAS LIQUIDAS NO ALCOHOLICA,6710,AGUA NORMAL,36937,CARULLA,MARCA PROPIA                                      ,Insuperables Marca Propia
Gran Consumo,Super Inter,1512413,Agua Sin Gas,63,BEBIDAS LIQUIDAS NO ALCOHOLICA,6710,AGUA NORMAL,17798,FRESCAMPO,MARCA PROPIA                                      ,Insuperables Marca Propia
Gran Consumo,Super Inter,3330624,Aceite de Oliva Virgen,403,ACEITES COMESTIBLES,7815,ACEITE OLIVA,36937,CARULLA,MARCA PROPIA                                      ,Insuperables Marca Propia
Gran Consumo,Super Inter,3519269,Jabón Tocador Aloe Vera,406,CUIDADO CORPORAL,1250,JABON LARGA DURACION ECONOMICO,80000,EKONO,MARCA PROPIA                                      ,Insuperables Marca Propia
Gran Consumo,Super Inter,3519270,Jabón Tocador Fresa,406,CUIDADO CORPORAL,1250,JABON LARGA DURACION ECONOMICO,80000,EKONO,MARCA PROPIA                                      ,Insuperables Marca Propia
Gran Consumo,Super Inter,3519271,Jabón Tocador Mandarina,406,CUIDADO CORPORAL,1250,JABON LARGA DURACION ECONOMICO,80000,EKONO,MARCA PROPIA                                      ,Insuperables Marca Propia
Gran Consumo,Super Inter,3330626,Aceite de Oliva Virgen,403,ACEITES COMESTIBLES,7815,ACEITE OLIVA,17798,FRESCAMPO,MARCA PROPIA                                      ,Insuperables Marca Propia
Gran Consumo,Super Inter,3394671,Aceite Vegetal,403,ACEITES COMESTIBLES,7820,ACEITES MEZCLAS,17798,FRESCAMPO,MARCA PROPIA                                      ,Insuperables Marca Propia
Gran Consumo,Super Inter,3359775,Matequilla Ghee,403,ACEITES COMESTIBLES,7840,OTROS ACEITES,50000,TAEQ,MARCA PROPIA                                      ,Insuperables Marca Propia
Gran Consumo,Super Inter,3611605,Lomo Atún Aceite Vegetal X4 Un,94,ENLATADOS,2120,ATUNES EN ACEITE,20000,EXITO MARCA PROPIA,MARCA PROPIA                                      ,Insuperables Marca Propia
Gran Consumo,Super Inter,3676126,Lomo Atun En Aceite Vegetal x,94,ENLATADOS,2120,ATUNES EN ACEITE,36937,CARULLA,MARCA PROPIA                                      ,Insuperables Marca Propia
Gran Consumo,Super Inter,3676127,Lomo Atun En Agua x 4 Unds,94,ENLATADOS,2110,ATUNES EN AGUA,36937,CARULLA,MARCA PROPIA                                      ,Insuperables Marca Propia
Gran Consumo,Super Inter,3709524,Detergente En Polvo Floral,97,CUIDADO ROPA,1021,DETERGENTES CONVENCIONALES,80000,EKONO,MARCA PROPIA                                      ,Insuperables Marca Propia
Gran Consumo,Super Inter,3709525,Detergente En Polvo Limon,97,CUIDADO ROPA,1021,DETERGENTES CONVENCIONALES,80000,EKONO,MARCA PROPIA                                      ,Insuperables Marca Propia
Gran Consumo,Super Inter,3641951,Gelatina Fresa-Uva-Fruto Rojos,69,MEZCLAS Y BEBIDAS EN POLVO,8710,GELATINA NORMAL,17798,FRESCAMPO,MARCA PROPIA                                      ,Insuperables Marca Propia
Gran Consumo,Super Inter,3641952,Gelatina Piña-Limón-Mandarina,69,MEZCLAS Y BEBIDAS EN POLVO,8710,GELATINA NORMAL,17798,FRESCAMPO,MARCA PROPIA                                      ,Insuperables Marca Propia
Gran Consumo,Super Inter,3711919,Quitamanchas En Polvo Primaver,97,CUIDADO ROPA,710,DESMANCHADORES POLVO,24666,T/L/D TODOS LOS DIAS,MARCA PROPIA                                      ,Insuperables Marca Propia
Gran Consumo,Super Inter,3330625,Aceite de Oliva Suave Sabor,403,ACEITES COMESTIBLES,7815,ACEITE OLIVA,20000,EXITO MARCA PROPIA,MARCA PROPIA                                      ,Insuperables Marca Propia
Gran Consumo,Super Inter,3330629,Aceite de Oliva Virgen,403,ACEITES COMESTIBLES,7815,ACEITE OLIVA,17798,FRESCAMPO,MARCA PROPIA                                      ,Insuperables Marca Propia
Gran Consumo,Super Inter,3330632,Aceite De Oliva Virgen Extra,403,ACEITES COMESTIBLES,7815,ACEITE OLIVA,17798,FRESCAMPO,MARCA PROPIA                                      ,Insuperables Marca Propia
Gran Consumo,Super Inter,3330633,Aceite de Oliva Virgen,403,ACEITES COMESTIBLES,7815,ACEITE OLIVA,36937,CARULLA,MARCA PROPIA                                      ,Insuperables Marca Propia
Gran Consumo,Super Inter,3717000,Arena Sanitaria Para Gatos,401,MASCOTAS,1435,ARENAS Y TAPETES,33444,PUK?,MARCA PROPIA                                      ,Insuperables Marca Propia
Gran Consumo,Super Inter,3694827,Suero Costeño Doypack,83,DERIVADOS LACTEOS,2555,ESPARCIBLES,17798,FRESCAMPO,MARCA PROPIA                                      ,Insuperables Marca Propia
Gran Consumo,Super Inter,1299743,AGUA PURA SIN GAS,63,BEBIDAS LIQUIDAS NO ALCOHOLICA,6710,AGUA NORMAL,17798,FRESCAMPO,MARCA PROPIA                                      ,Insuperables Marca Propia
Gran Consumo,Super Inter,1299744,Agua Pura Si Gas,63,BEBIDAS LIQUIDAS NO ALCOHOLICA,6710,AGUA NORMAL,17798,FRESCAMPO,MARCA PROPIA                                      ,Insuperables Marca Propia
Gran Consumo,Super Inter,3007968,Detergente en Polvo Oxigeno,97,CUIDADO ROPA,1021,DETERGENTES CONVENCIONALES,20000,EXITO MARCA PROPIA,MARCA PROPIA                                      ,Insuperables Marca Propia
Gran Consumo,Super Inter,8599,Cafe Molido,92,BEBIDAS CALIENT/Y ALMT.NATURIS,5610,CAFE MOLIDO,80000,EKONO,MARCA PROPIA                                      ,Insuperables Marca Propia
Gran Consumo,Super Inter,251157,Cafe Instantaneo Pulverizado,92,BEBIDAS CALIENT/Y ALMT.NATURIS,5620,CAFE INSTANTANEO,20000,EXITO MARCA PROPIA,MARCA PROPIA                                      ,Insuperables Marca Propia
Gran Consumo,Super Inter,253883,Cafe Instantaneo Granulado,92,BEBIDAS CALIENT/Y ALMT.NATURIS,5620,CAFE INSTANTANEO,20000,EXITO MARCA PROPIA,MARCA PROPIA                                      ,Insuperables Marca Propia
Gran Consumo,Super Inter,3023781,Talco antibacterial,406,CUIDADO CORPORAL,2430,TALCO POLVO HOMBRE,24674,AMPM PLUS,MARCA PROPIA                                      ,Insuperables Marca Propia
Gran Consumo,Super Inter,3382829,Agua De Linos,404,DESECHABLES Y AEROSOLES,4080,AROMACOLOGIA?ESENCIAS Y AROMAS,24666,T/L/D TODOS LOS DIAS,MARCA PROPIA                                      ,Insuperables Marca Propia
Gran Consumo,Super Inter,929943,Cafe Instantaneo Descafeinado,92,BEBIDAS CALIENT/Y ALMT.NATURIS,5625,CAFE INSTANTANEO DESCAFEINADO,36937,CARULLA,MARCA PROPIA                                      ,Insuperables Marca Propia
Gran Consumo,Super Inter,415569,Lavaloza Crema Limon,405,LIMPIADORES E IMPLEMENTOS ASEO,4510,LAVALOZA CREMAS/GEL,845,SURTIMAX,MARCA PROPIA                                      ,Insuperables Marca Propia
Gran Consumo,Super Inter,1006098,LAVALOZA CREMA LIMON,405,LIMPIADORES E IMPLEMENTOS ASEO,4510,LAVALOZA CREMAS/GEL,20000,EXITO MARCA PROPIA,MARCA PROPIA                                      ,Insuperables Marca Propia
Gran Consumo,Super Inter,1006100,LAVALOZA CREMA ALOE VERA,405,LIMPIADORES E IMPLEMENTOS ASEO,4510,LAVALOZA CREMAS/GEL,20000,EXITO MARCA PROPIA,MARCA PROPIA                                      ,Insuperables Marca Propia
Gran Consumo,Super Inter,1210171,LAVALOZA CREMA LIMON,405,LIMPIADORES E IMPLEMENTOS ASEO,4510,LAVALOZA CREMAS/GEL,36937,CARULLA,MARCA PROPIA                                      ,Insuperables Marca Propia
Gran Consumo,Super Inter,1210172,LAVALOZA CREMA TORONJA,405,LIMPIADORES E IMPLEMENTOS ASEO,4510,LAVALOZA CREMAS/GEL,36937,CARULLA,MARCA PROPIA                                      ,Insuperables Marca Propia
Gran Consumo,Super Inter,1210173,Lavaloza Crema Avena,405,LIMPIADORES E IMPLEMENTOS ASEO,4510,LAVALOZA CREMAS/GEL,36937,CARULLA,MARCA PROPIA                                      ,Insuperables Marca Propia
Gran Consumo,Super Inter,1210174,LAVALOZA CREMA ALOE VERA,405,LIMPIADORES E IMPLEMENTOS ASEO,4510,LAVALOZA CREMAS/GEL,36937,CARULLA,MARCA PROPIA                                      ,Insuperables Marca Propia
Gran Consumo,Super Inter,1763125,Crema Lavaloza Tld Limon,405,LIMPIADORES E IMPLEMENTOS ASEO,4510,LAVALOZA CREMAS/GEL,24666,T/L/D TODOS LOS DIAS,MARCA PROPIA                                      ,Insuperables Marca Propia
Gran Consumo,Super Inter,1763126,Crema Lavaloza Aloe,405,LIMPIADORES E IMPLEMENTOS ASEO,4510,LAVALOZA CREMAS/GEL,24666,T/L/D TODOS LOS DIAS,MARCA PROPIA                                      ,Insuperables Marca Propia
Gran Consumo,Super Inter,3490998,Lavaloza Tripack Oferta,405,LIMPIADORES E IMPLEMENTOS ASEO,4510,LAVALOZA CREMAS/GEL,845,SURTIMAX,MARCA PROPIA                                      ,Insuperables Marca Propia
Gran Consumo,Super Inter,3705672,Esparcible En Barra,83,DERIVADOS LACTEOS,2042,MARGARINA O ESPARCIBLE COCINAR,80000,EKONO,MARCA PROPIA                                      ,Insuperables Marca Propia
Gran Consumo,Super Inter,3725017,Crema kids Con Fluor,98,CUIDADO ORAL Y AFEITADA,740,CREMA DENTAL NINOS,24674,AMPM PLUS,MARCA PROPIA                                      ,Insuperables Marca Propia
Gran Consumo,Super Inter,3264841,Papel Higienico Premium 3HX4,67,PAPELES Y ABSORBENTES,8010,PAPEL HIGIENICO PREMIUM,20000,EXITO MARCA PROPIA,MARCA PROPIA                                      ,Insuperables Marca Propia
Gran Consumo,Super Inter,3054277,Frijol Cargamanto Rojo,90,GRANOS,2020,FRIJOL CARGAMANTO,80000,EKONO,MARCA PROPIA                                      ,Insuperables Marca Propia
Gran Consumo,Super Inter,3548051,Toalla De Cocina,67,PAPELES Y ABSORBENTES,2020,TOALLAS COCINA DESECHABLE,24666,T/L/D TODOS LOS DIAS,MARCA PROPIA                                      ,Insuperables Marca Propia
Gran Consumo,Super Inter,3638944,Servilletas Blancas Cortadas,67,PAPELES Y ABSORBENTES,7540,SERVILLETAS PARTIDAS,80000,EKONO,MARCA PROPIA                                      ,Insuperables Marca Propia
Gran Consumo,Super Inter,3739284,Cerveza Lata Sixpac,95,LICORES Y CIGARRILLOS,410,CERVEZAS NACIONALES,1437,COSTENA,MARCA NACIONAL                                    ,Insuperables Marca Propia
Gran Consumo,Super Inter,3473385,Servilleta Doblada,67,PAPELES Y ABSORBENTES,7510,SERVILLETAS NORMALES,24666,T/L/D TODOS LOS DIAS,MARCA PROPIA                                      ,Insuperables Marca Propia
Gran Consumo,Super Inter,3287804,Gelatina sin sabor,69,MEZCLAS Y BEBIDAS EN POLVO,8720,GELATINA DIETETICA Y SIN SABOR,17798,FRESCAMPO,MARCA PROPIA                                      ,Insuperables Marca Propia
Gran Consumo,Super Inter,3750918,Leche Entera UHT Paq Maxi Litr,83,DERIVADOS LACTEOS,1385,LECHE LIQUIDA UHT BOLSA,17798,FRESCAMPO,MARCA PROPIA                                      ,Insuperables Marca Propia
Gran Consumo,Super Inter,3750919,Leche Entera UHT Bolsa MaxiLit,83,DERIVADOS LACTEOS,1385,LECHE LIQUIDA UHT BOLSA,17798,FRESCAMPO,MARCA PROPIA                                      ,Insuperables Marca Propia
Gran Consumo,Super Inter,3750920,Leche Entera UHT Paquete,83,DERIVADOS LACTEOS,1385,LECHE LIQUIDA UHT BOLSA,17798,FRESCAMPO,MARCA PROPIA                                      ,Insuperables Marca Propia
Gran Consumo,Super Inter,3750921,Leche Entera UHT Bolsa,83,DERIVADOS LACTEOS,1385,LECHE LIQUIDA UHT BOLSA,17798,FRESCAMPO,MARCA PROPIA                                      ,Insuperables Marca Propia
Gran Consumo,Super Inter,3750922,Leche Semid Deslac UHT Paquete,83,DERIVADOS LACTEOS,1385,LECHE LIQUIDA UHT BOLSA,17798,FRESCAMPO,MARCA PROPIA                                      ,Insuperables Marca Propia
Gran Consumo,Super Inter,3750923,Leche Semid Deslac UHT Bolsa,83,DERIVADOS LACTEOS,1385,LECHE LIQUIDA UHT BOLSA,17798,FRESCAMPO,MARCA PROPIA                                      ,Insuperables Marca Propia
Gran Consumo,Super Inter,3616376,Serum Facial Antiedad,64,COSMETICOS,1220,ANTIEDAD,24674,AMPM PLUS,MARCA PROPIA                                      ,Insuperables Marca Propia
Gran Consumo,Super Inter,3756865,Papel Higiénico Tri Hoja 12 Ro,67,PAPELES Y ABSORBENTES,8020,PAPEL HIGIENICO RENDIDOR,80000,EKONO,MARCA PROPIA                                      ,Insuperables Marca Propia
Gran Consumo,Super Inter,3756866,Papel Higiénico Tri Hoja 2 Rol,67,PAPELES Y ABSORBENTES,8020,PAPEL HIGIENICO RENDIDOR,80000,EKONO,MARCA PROPIA                                      ,Insuperables Marca Propia
Gran Consumo,Super Inter,3756867,Papel Higiénico Tri Hoja 24 Ro,67,PAPELES Y ABSORBENTES,8020,PAPEL HIGIENICO RENDIDOR,80000,EKONO,MARCA PROPIA                                      ,Insuperables Marca Propia
Gran Consumo,Super Inter,3756868,Papel Higiénico Tri Hoja 4 Rol,67,PAPELES Y ABSORBENTES,8020,PAPEL HIGIENICO RENDIDOR,80000,EKONO,MARCA PROPIA                                      ,Insuperables Marca Propia
Gran Consumo,Super Inter,3332145,Agua Micelar,64,COSMETICOS,1210,LIMPIADORA,24674,AMPM PLUS,MARCA PROPIA                                      ,Insuperables Marca Propia
Gran Consumo,Super Inter,3756503,Leche Semid Deslact En Caja,83,DERIVADOS LACTEOS,1390,LECHE LIQUIDA UHT CAJA,17798,FRESCAMPO,MARCA PROPIA                                      ,Insuperables Marca Propia
Gran Consumo,Super Inter,3756504,Leche Entera En Caja,83,DERIVADOS LACTEOS,1390,LECHE LIQUIDA UHT CAJA,17798,FRESCAMPO,MARCA PROPIA                                      ,Insuperables Marca Propia
Gran Consumo,Super Inter,3276483,Atun Lomo Aceite Tripack,94,ENLATADOS,2120,ATUNES EN ACEITE,17798,FRESCAMPO,MARCA PROPIA                                      ,Insuperables Marca Propia
Gran Consumo,Super Inter,3534190,Arroz Blanco,90,GRANOS,1020,ARROZ BLANCO,80000,EKONO,MARCA PROPIA                                      ,Insuperables Marca Propia
Gran Consumo,Super Inter,3181787,Arroz Blanco Arroba,90,GRANOS,1020,ARROZ BLANCO,20000,EXITO MARCA PROPIA,MARCA PROPIA                                      ,Insuperables Marca Propia
Gran Consumo,Super Inter,3181788,Arroz Blanco Arroba,90,GRANOS,1020,ARROZ BLANCO,17798,FRESCAMPO,MARCA PROPIA                                      ,Insuperables Marca Propia
Gran Consumo,Super Inter,3181789,Arroz Blanco,90,GRANOS,1020,ARROZ BLANCO,20000,EXITO MARCA PROPIA,MARCA PROPIA                                      ,Insuperables Marca Propia
Gran Consumo,Super Inter,3181790,Arroz Blanco,90,GRANOS,1020,ARROZ BLANCO,17798,FRESCAMPO,MARCA PROPIA                                      ,Insuperables Marca Propia
Gran Consumo,Super Inter,3181791,Arroz Blanco Arroba,90,GRANOS,1020,ARROZ BLANCO,80000,EKONO,MARCA PROPIA                                      ,Insuperables Marca Propia
Gran Consumo,Super Inter,3181792,Arroz Blanco,90,GRANOS,1020,ARROZ BLANCO,80000,EKONO,MARCA PROPIA                                      ,Insuperables Marca Propia
Gran Consumo,Super Inter,3534187,Arroz Blanco,90,GRANOS,1020,ARROZ BLANCO,20000,EXITO MARCA PROPIA,MARCA PROPIA                                      ,Insuperables Marca Propia
Gran Consumo,Super Inter,3534188,Arroz Blanco,90,GRANOS,1020,ARROZ BLANCO,36937,CARULLA,MARCA PROPIA                                      ,Insuperables Marca Propia
Gran Consumo,Super Inter,3181785,Arroz Blanco,90,GRANOS,1020,ARROZ BLANCO,36937,CARULLA,MARCA PROPIA                                      ,Insuperables Marca Propia
Gran Consumo,Super Inter,3181780,Arroz Blanco,90,GRANOS,1020,ARROZ BLANCO,20000,EXITO MARCA PROPIA,MARCA PROPIA                                      ,Insuperables Marca Propia
Gran Consumo,Super Inter,3181784,Arroz Blanco,90,GRANOS,1020,ARROZ BLANCO,17798,FRESCAMPO,MARCA PROPIA                                      ,Insuperables Marca Propia
Gran Consumo,Super Inter,3181779,Arroz Blanco,90,GRANOS,1020,ARROZ BLANCO,20000,EXITO MARCA PROPIA,MARCA PROPIA                                      ,Insuperables Marca Propia
Gran Consumo,Super Inter,3757389,Pañitos Humedos Para Mascotas,401,MASCOTAS,1431,IMPLEMENTOS PARA ASEO MASCOTAS,33444,PUK?,MARCA PROPIA                                      ,Insuperables Marca Propia
Gran Consumo,Super Inter,1720710,VELON,404,DESECHABLES Y AEROSOLES,6620,VELONES Y VELADORAS,24666,T/L/D TODOS LOS DIAS,MARCA PROPIA                                      ,Insuperables Marca Propia
Gran Consumo,Super Inter,3776302,Café instantáneo en polvo,92,BEBIDAS CALIENT/Y ALMT.NATURIS,5620,CAFE INSTANTANEO,17798,FRESCAMPO,MARCA PROPIA                                      ,Insuperables Marca Propia
Gran Consumo,Super Inter,3776303,Café descafeinado,92,BEBIDAS CALIENT/Y ALMT.NATURIS,5625,CAFE INSTANTANEO DESCAFEINADO,17798,FRESCAMPO,MARCA PROPIA                                      ,Insuperables Marca Propia
Gran Consumo,Super Inter,3776304,Café instantáneo granualdo,92,BEBIDAS CALIENT/Y ALMT.NATURIS,5620,CAFE INSTANTANEO,17798,FRESCAMPO,MARCA PROPIA                                      ,Insuperables Marca Propia
Gran Consumo,Super Inter,3776305,Café instantáneo en polvo,92,BEBIDAS CALIENT/Y ALMT.NATURIS,5620,CAFE INSTANTANEO,17798,FRESCAMPO,MARCA PROPIA                                      ,Insuperables Marca Propia
Gran Consumo,Super Inter,3776306,Café instantáneo granulado,92,BEBIDAS CALIENT/Y ALMT.NATURIS,5620,CAFE INSTANTANEO,17798,FRESCAMPO,MARCA PROPIA                                      ,Insuperables Marca Propia
Gran Consumo,Super Inter,1602699,CEPILLO INFANTIL UNIDAD,98,CUIDADO ORAL Y AFEITADA,1020,CEPILLO DENTAL NINOS,24674,AMPM PLUS,MARCA PROPIA                                      ,Insuperables Marca Propia
Gran Consumo,Super Inter,1602700,Cepillo Dental Adulto,98,CUIDADO ORAL Y AFEITADA,1010,CEPILLO DENTAL ADULTOS,24674,AMPM PLUS,MARCA PROPIA                                      ,Insuperables Marca Propia
Gran Consumo,Super Inter,3003156,ACONDICIONADOR TODO CABELLO,96,CUIDADO CAPILAR Y ACCESORIOS,1420,BALSAMOS ACONDICIONADORES,24674,AMPM PLUS,MARCA PROPIA                                      ,Insuperables Marca Propia
Gran Consumo,Super Inter,3008973,Bolsa Basura Apartamento 51x76,404,DESECHABLES Y AEROSOLES,5020,BOLSA BASURA APARTAMENTO,24666,T/L/D TODOS LOS DIAS,MARCA PROPIA                                      ,Insuperables Marca Propia
Gran Consumo,Super Inter,3008975,Bolsa Basura Industrial 65x100,404,DESECHABLES Y AEROSOLES,5040,BOLSA BASURA INDUSTRIAL,24666,T/L/D TODOS LOS DIAS,MARCA PROPIA                                      ,Insuperables Marca Propia
Gran Consumo,Super Inter,3008977,Bolsa Basura residencial 65x80,404,DESECHABLES Y AEROSOLES,5030,BOLSA BASURA RESIDENCIAL,24666,T/L/D TODOS LOS DIAS,MARCA PROPIA                                      ,Insuperables Marca Propia
Gran Consumo,Super Inter,3023780,Talco antibacterial,406,CUIDADO CORPORAL,2430,TALCO POLVO HOMBRE,24674,AMPM PLUS,MARCA PROPIA                                      ,Insuperables Marca Propia
Gran Consumo,Super Inter,3065535,Protector Solar SPF 50,406,CUIDADO CORPORAL,4020,BLOQUEADORES,24674,AMPM PLUS,MARCA PROPIA                                      ,Insuperables Marca Propia
Gran Consumo,Super Inter,3070894,Aceite de Bebe,406,CUIDADO CORPORAL,3710,ACEITES NORMALES,24674,AMPM PLUS,MARCA PROPIA                                      ,Insuperables Marca Propia
Gran Consumo,Super Inter,3118046,Jabon Barra Liquido Azul,97,CUIDADO ROPA,940,JABON DE LAVAR BARRA LIQUIDO,24666,T/L/D TODOS LOS DIAS,MARCA PROPIA                                      ,Insuperables Marca Propia
Gran Consumo,Super Inter,3118047,Jabon Barra Liquido Coco,97,CUIDADO ROPA,940,JABON DE LAVAR BARRA LIQUIDO,24666,T/L/D TODOS LOS DIAS,MARCA PROPIA                                      ,Insuperables Marca Propia
Gran Consumo,Super Inter,3462712,Detergente Liquido Oscura,97,CUIDADO ROPA,1011,DETERGENTES LIQUIDOS,20000,EXITO MARCA PROPIA,MARCA PROPIA                                      ,Insuperables Marca Propia
Gran Consumo,Super Inter,3462713,Detergente Liquido Color,97,CUIDADO ROPA,1011,DETERGENTES LIQUIDOS,20000,EXITO MARCA PROPIA,MARCA PROPIA                                      ,Insuperables Marca Propia
Gran Consumo,Super Inter,3600913,Pelicula Plastica,404,DESECHABLES Y AEROSOLES,3020,VINILO EMPAQUE,24666,T/L/D TODOS LOS DIAS,MARCA PROPIA                                      ,Insuperables Marca Propia
Gran Consumo,Super Inter,3600914,Pelicula Plastica,404,DESECHABLES Y AEROSOLES,3020,VINILO EMPAQUE,24666,T/L/D TODOS LOS DIAS,MARCA PROPIA                                      ,Insuperables Marca Propia
Gran Consumo,Super Inter,3705583,Jabon En Barra Liquido Bebe,97,CUIDADO ROPA,940,JABON DE LAVAR BARRA LIQUIDO,24666,T/L/D TODOS LOS DIAS,MARCA PROPIA                                      ,Insuperables Marca Propia
Gran Consumo,Super Inter,3749226,Aceite De Oliva Virgen Extra,403,ACEITES COMESTIBLES,7815,ACEITE OLIVA,17798,FRESCAMPO,MARCA PROPIA                                      ,Insuperables Marca Propia
Gran Consumo,Super Inter,3749227,Aceite De Oliva Virgen Extra,403,ACEITES COMESTIBLES,7815,ACEITE OLIVA,17798,FRESCAMPO,MARCA PROPIA                                      ,Insuperables Marca Propia
Gran Consumo,Super Inter,3400651,Aceite de Girasol,403,ACEITES COMESTIBLES,7825,ACEITE GIRASOL,20000,EXITO MARCA PROPIA,MARCA PROPIA                                      ,Insuperables Marca Propia
Gran Consumo,Super Inter,3786697,Snack Cremoso Gatos Atún,401,MASCOTAS,860,SNACKS,33444,PUK?,MARCA PROPIA                                      ,Insuperables Marca Propia
Gran Consumo,Super Inter,3786698,Snack Cremoso Gatos Salmón,401,MASCOTAS,860,SNACKS,33444,PUK?,MARCA PROPIA                                      ,Insuperables Marca Propia
Gran Consumo,Super Inter,3310406,Azúcar Morena,90,GRANOS,7130,AZUCAR MORENA,20000,EXITO MARCA PROPIA,MARCA PROPIA                                      ,Insuperables Marca Propia
Gran Consumo,Super Inter,3310409,Azúcar Morena,90,GRANOS,7130,AZUCAR MORENA,17798,FRESCAMPO,MARCA PROPIA                                      ,Insuperables Marca Propia
Gran Consumo,Super Inter,3310415,Azúcar Blanco Especial,90,GRANOS,7120,AZUCAR BLANCO ESPECIAL,17798,FRESCAMPO,MARCA PROPIA                                      ,Insuperables Marca Propia
Gran Consumo,Super Inter,3778389,Papel Higienico Premium 3Hx12,67,PAPELES Y ABSORBENTES,8010,PAPEL HIGIENICO PREMIUM,80000,EKONO,MARCA PROPIA                                      ,Insuperables Marca Propia
Gran Consumo,Super Inter,3778390,Papel Higienico Premium 3Hx18,67,PAPELES Y ABSORBENTES,8010,PAPEL HIGIENICO PREMIUM,80000,EKONO,MARCA PROPIA                                      ,Insuperables Marca Propia
Gran Consumo,Super Inter,3778391,Papel Higienico Premium 3Hx4,67,PAPELES Y ABSORBENTES,8010,PAPEL HIGIENICO PREMIUM,80000,EKONO,MARCA PROPIA                                      ,Insuperables Marca Propia
Gran Consumo,Super Inter,3788923,Conserva De Pescado En Salsa D,94,ENLATADOS,2735,OTROS PESCADOS,17798,FRESCAMPO,MARCA PROPIA                                      ,Insuperables Marca Propia
Gran Consumo,Super Inter,3788924,Conserva De Pescado En Salsa D,94,ENLATADOS,2735,OTROS PESCADOS,17798,FRESCAMPO,MARCA PROPIA                                      ,Insuperables Marca Propia
Gran Consumo,Super Inter,3804668,Atun Rallado En Aceite,94,ENLATADOS,2140,DESMENUZADO,80000,EKONO,MARCA PROPIA                                      ,Insuperables Marca Propia
Gran Consumo,Super Inter,3804671,Lomitos De Atun En Aceite,94,ENLATADOS,2120,ATUNES EN ACEITE,17798,FRESCAMPO,MARCA PROPIA                                      ,Insuperables Marca Propia
Gran Consumo,Super Inter,3804672,Lomitos De Atun En Agua,94,ENLATADOS,2110,ATUNES EN AGUA,17798,FRESCAMPO,MARCA PROPIA                                      ,Insuperables Marca Propia
Gran Consumo,Éxito Express,1001019,OF*LAVALOZA LIMON TRIPACK $ESP,405,LIMPIADORES E IMPLEMENTOS ASEO,4510,LAVALOZA CREMAS/GEL,20000,EXITO MARCA PROPIA,MARCA PROPIA                                      ,Insuperables Marca Propia
Gran Consumo,Éxito Express,1121545,Frijol Nima,90,GRANOS,2040,FRIJOL VARIEDAD,17798,FRESCAMPO,MARCA PROPIA                                      ,Insuperables Marca Propia
Gran Consumo,Éxito Express,1121546,Frijol Zaragoza,90,GRANOS,2040,FRIJOL VARIEDAD,17798,FRESCAMPO,MARCA PROPIA                                      ,Insuperables Marca Propia
Gran Consumo,Éxito Express,1121547,Lenteja,90,GRANOS,4030,LENTEJA,17798,FRESCAMPO,MARCA PROPIA                                      ,Insuperables Marca Propia
Gran Consumo,Éxito Express,1121592,Arveja Verde,90,GRANOS,4010,ARVEJA,17798,FRESCAMPO,MARCA PROPIA                                      ,Insuperables Marca Propia
Gran Consumo,Éxito Express,1121597,Frijol Caraota,90,GRANOS,2040,FRIJOL VARIEDAD,17798,FRESCAMPO,MARCA PROPIA                                      ,Insuperables Marca Propia
Gran Consumo,Éxito Express,1121603,Frijol Nima,90,GRANOS,2040,FRIJOL VARIEDAD,17798,FRESCAMPO,MARCA PROPIA                                      ,Insuperables Marca Propia
Gran Consumo,Éxito Express,1121605,Frijol Zaragoza,90,GRANOS,2040,FRIJOL VARIEDAD,17798,FRESCAMPO,MARCA PROPIA                                      ,Insuperables Marca Propia
Gran Consumo,Éxito Express,1121606,Lenteja,90,GRANOS,4030,LENTEJA,17798,FRESCAMPO,MARCA PROPIA                                      ,Insuperables Marca Propia
Gran Consumo,Éxito Express,1121609,Arveja Verde,90,GRANOS,4010,ARVEJA,17798,FRESCAMPO,MARCA PROPIA                                      ,Insuperables Marca Propia
Gran Consumo,Éxito Express,1121613,*Frijol Caraota,90,GRANOS,2040,FRIJOL VARIEDAD,17798,FRESCAMPO,MARCA PROPIA                                      ,Insuperables Marca Propia
Gran Consumo,Éxito Express,1165837,Maiz Pira,90,GRANOS,3040,MAIZ PIRA,17798,FRESCAMPO,MARCA PROPIA                                      ,Insuperables Marca Propia
Gran Consumo,Éxito Express,1165838,Maiz Blanco,90,GRANOS,3020,MAIZ BLANCO,17798,FRESCAMPO,MARCA PROPIA                                      ,Insuperables Marca Propia
Gran Consumo,Éxito Express,1165839,Maiz Amarillo,90,GRANOS,3040,MAIZ PIRA,17798,FRESCAMPO,MARCA PROPIA                                      ,Insuperables Marca Propia
Gran Consumo,Éxito Express,1165841,Maiz Pira,90,GRANOS,3040,MAIZ PIRA,17798,FRESCAMPO,MARCA PROPIA                                      ,Insuperables Marca Propia
Gran Consumo,Éxito Express,1165934,Maiz Trillado Bco,90,GRANOS,3020,MAIZ BLANCO,17798,FRESCAMPO,MARCA PROPIA                                      ,Insuperables Marca Propia
Gran Consumo,Éxito Express,1261875,Agua Sin Gas,63,BEBIDAS LIQUIDAS NO ALCOHOLICA,6710,AGUA NORMAL,36937,CARULLA,MARCA PROPIA                                      ,Insuperables Marca Propia
Gran Consumo,Éxito Express,1291292,Café Soluble Granulado,92,BEBIDAS CALIENT/Y ALMT.NATURIS,5620,CAFE INSTANTANEO,17798,FRESCAMPO,MARCA PROPIA                                      ,Insuperables Marca Propia
Gran Consumo,Éxito Express,1300462,TOALLITAS HUMEDAS X10 DE BEBE,67,PAPELES Y ABSORBENTES,8540,TOALLITAS HUMEDAS BABY OTROS U,14401,PERSONAL CHOICE MARCA EXCLUSIV,MARCA EXCLUSIVA                                   ,Insuperables Marca Propia
Gran Consumo,Éxito Express,1356712,Sangría,95,LICORES Y CIGARRILLOS,8010,APERITIVOS Y POUS/CAFE,23535,CRUZARES MARCA EXCLUSIVA,MARCA EXCLUSIVA                                   ,Insuperables Marca Propia
Gran Consumo,Éxito Express,1375498,Agua Pura Sin Gas,63,BEBIDAS LIQUIDAS NO ALCOHOLICA,6710,AGUA NORMAL,17798,FRESCAMPO,MARCA PROPIA                                      ,Insuperables Marca Propia
Gran Consumo,Éxito Express,138186,Plato Pequeño,404,DESECHABLES Y AEROSOLES,5520,PLATOS DESECHABLES,80000,EKONO,MARCA PROPIA                                      ,Insuperables Marca Propia
Gran Consumo,Éxito Express,144906,Servilleta Cortada,67,PAPELES Y ABSORBENTES,7540,SERVILLETAS PARTIDAS,80000,EKONO,MARCA PROPIA                                      ,Insuperables Marca Propia
Gran Consumo,Éxito Express,1488671,Cafe Soluble En Polvo,92,BEBIDAS CALIENT/Y ALMT.NATURIS,5620,CAFE INSTANTANEO,17798,FRESCAMPO,MARCA PROPIA                                      ,Insuperables Marca Propia
Gran Consumo,Éxito Express,1531094,Vino tinto cabernet sauvignon,95,LICORES Y CIGARRILLOS,811,VINO TINTOS MESA,19653,SIETE SOLES MARCA EXCLUSIVA,MARCA EXCLUSIVA                                   ,Insuperables Marca Propia
Gran Consumo,Éxito Express,1531095,VINO BLANCO SAUVIGNON RESERVA,95,LICORES Y CIGARRILLOS,821,VINO BLANCOS MESA,19653,SIETE SOLES MARCA EXCLUSIVA,MARCA EXCLUSIVA                                   ,Insuperables Marca Propia
Gran Consumo,Éxito Express,1531595,Shampoo Coco Y Leche,96,CUIDADO CAPILAR Y ACCESORIOS,1310,SHAMPOO 1 EN 1,36839,ALGABO MARCA EXCLUSIVA,MARCA EXCLUSIVA                                   ,Insuperables Marca Propia
Gran Consumo,Éxito Express,1531596,Shampoo Manzanilla y Magnolia,96,CUIDADO CAPILAR Y ACCESORIOS,1310,SHAMPOO 1 EN 1,36839,ALGABO MARCA EXCLUSIVA,MARCA EXCLUSIVA                                   ,Insuperables Marca Propia
Gran Consumo,Éxito Express,1531597,Shampoo Aguacate Y Argán,96,CUIDADO CAPILAR Y ACCESORIOS,1310,SHAMPOO 1 EN 1,36839,ALGABO MARCA EXCLUSIVA,MARCA EXCLUSIVA                                   ,Insuperables Marca Propia
Gran Consumo,Éxito Express,1570514,Cerveza x 6 Costeña,95,LICORES Y CIGARRILLOS,410,CERVEZAS NACIONALES,1437,COSTENA,MARCA NACIONAL                                    ,Insuperables Marca Propia
Gran Consumo,Éxito Express,1570515,Cerveza Lata,95,LICORES Y CIGARRILLOS,410,CERVEZAS NACIONALES,1437,COSTENA,MARCA NACIONAL                                    ,Insuperables Marca Propia
Gran Consumo,Éxito Express,1602696,Cepillo Dental 3 Unidades,98,CUIDADO ORAL Y AFEITADA,1010,CEPILLO DENTAL ADULTOS,24674,AMPM PLUS,MARCA PROPIA                                      ,Insuperables Marca Propia
Gran Consumo,Éxito Express,1603306,VINO LAMBRUSCO BLANCO,95,LICORES Y CIGARRILLOS,845,VINO ESPUMOSO Y CHAMPANA,29709,LA PIUMA MARCA EXCLUSIVA,MARCA EXCLUSIVA                                   ,Insuperables Marca Propia
Gran Consumo,Éxito Express,1603307,Vino Lambrusco Tinto,95,LICORES Y CIGARRILLOS,845,VINO ESPUMOSO Y CHAMPANA,29709,LA PIUMA MARCA EXCLUSIVA,MARCA EXCLUSIVA                                   ,Insuperables Marca Propia
Gran Consumo,Éxito Express,1652269,JABON AVENA CON GLICERINA 3UNS,406,CUIDADO CORPORAL,1221,JABON ANTIBACTERIALES/MEDICADO,24674,AMPM PLUS,MARCA PROPIA                                      ,Insuperables Marca Propia
Gran Consumo,Éxito Express,1678676,Canela Molida,402,SALSAS Y CONDIMENTOS,5810,CONDIMENTOS NATURALES GRANO,17798,FRESCAMPO,MARCA PROPIA                                      ,Insuperables Marca Propia
Gran Consumo,Éxito Express,1678677,PIMIENTA MOLIDA,402,SALSAS Y CONDIMENTOS,5810,CONDIMENTOS NATURALES GRANO,17798,FRESCAMPO,MARCA PROPIA                                      ,Insuperables Marca Propia
Gran Consumo,Éxito Express,1678679,Ajo Molida,402,SALSAS Y CONDIMENTOS,5810,CONDIMENTOS NATURALES GRANO,17798,FRESCAMPO,MARCA PROPIA                                      ,Insuperables Marca Propia
Gran Consumo,Éxito Express,1705880,DETERGENTE EN POLVO FLORAL,97,CUIDADO ROPA,1021,DETERGENTES CONVENCIONALES,80000,EKONO,MARCA PROPIA                                      ,Insuperables Marca Propia
Gran Consumo,Éxito Express,1705882,DETERGENTE EN POLVO FLORAL,97,CUIDADO ROPA,1021,DETERGENTES CONVENCIONALES,80000,EKONO,MARCA PROPIA                                      ,Insuperables Marca Propia
Gran Consumo,Éxito Express,1705937,DETERGENTE EN POLVO LIMON,97,CUIDADO ROPA,1021,DETERGENTES CONVENCIONALES,80000,EKONO,MARCA PROPIA                                      ,Insuperables Marca Propia
Gran Consumo,Éxito Express,1705986,DETERGENTE EN POLVO LIMON,97,CUIDADO ROPA,1021,DETERGENTES CONVENCIONALES,80000,EKONO,MARCA PROPIA                                      ,Insuperables Marca Propia
Gran Consumo,Éxito Express,1737627,Crema Dental Tripleaccion,98,CUIDADO ORAL Y AFEITADA,750,CREMA DENTAL TRIPLE ACCION,24674,AMPM PLUS,MARCA PROPIA                                      ,Insuperables Marca Propia
Gran Consumo,Éxito Express,1743103,Bebida de almendra sin azúcar,63,BEBIDAS LIQUIDAS NO ALCOHOLICA,8120,FRUTOS,50000,TAEQ,MARCA PROPIA                                      ,Insuperables Marca Propia
Gran Consumo,Éxito Express,1749646,COLOR,402,SALSAS Y CONDIMENTOS,5810,CONDIMENTOS NATURALES GRANO,17798,FRESCAMPO,MARCA PROPIA                                      ,Insuperables Marca Propia
Gran Consumo,Éxito Express,1749648,Comino Molido,402,SALSAS Y CONDIMENTOS,5810,CONDIMENTOS NATURALES GRANO,17798,FRESCAMPO,MARCA PROPIA                                      ,Insuperables Marca Propia
Gran Consumo,Éxito Express,1753280,Limpiapisos Desinfecta Lavanda,405,LIMPIADORES E IMPLEMENTOS ASEO,1910,LIMPIAPISOS AROMAT DESINFEC,24666,T/L/D TODOS LOS DIAS,MARCA PROPIA                                      ,Insuperables Marca Propia
Gran Consumo,Éxito Express,1753281,Limpiapisos Desinfect Citronel,405,LIMPIADORES E IMPLEMENTOS ASEO,1910,LIMPIAPISOS AROMAT DESINFEC,24666,T/L/D TODOS LOS DIAS,MARCA PROPIA                                      ,Insuperables Marca Propia
Gran Consumo,Éxito Express,1753282,Limpiapisos Con Bicarbonato,405,LIMPIADORES E IMPLEMENTOS ASEO,1928,LIMPIAPISOS EFICIENTES,24666,T/L/D TODOS LOS DIAS,MARCA PROPIA                                      ,Insuperables Marca Propia
Gran Consumo,Éxito Express,1757903,Limpiapisos Desinfect Lavanda,405,LIMPIADORES E IMPLEMENTOS ASEO,1910,LIMPIAPISOS AROMAT DESINFEC,24666,T/L/D TODOS LOS DIAS,MARCA PROPIA                                      ,Insuperables Marca Propia
Gran Consumo,Éxito Express,1757904,Limpiapisos Desinfec Citronela,405,LIMPIADORES E IMPLEMENTOS ASEO,1910,LIMPIAPISOS AROMAT DESINFEC,24666,T/L/D TODOS LOS DIAS,MARCA PROPIA                                      ,Insuperables Marca Propia
Gran Consumo,Éxito Express,1757905,Limpiapisos Desinfec Bicarbona,405,LIMPIADORES E IMPLEMENTOS ASEO,1928,LIMPIAPISOS EFICIENTES,24666,T/L/D TODOS LOS DIAS,MARCA PROPIA                                      ,Insuperables Marca Propia
Gran Consumo,Éxito Express,1773369,CREMA HUMECTANTE ALMENDRAS,406,CUIDADO CORPORAL,1310,CREMAS HUMECTANTES,24674,AMPM PLUS,MARCA PROPIA                                      ,Insuperables Marca Propia
Gran Consumo,Éxito Express,1773371,CREMA HUMECTANTE AVENA,406,CUIDADO CORPORAL,1310,CREMAS HUMECTANTES,24674,AMPM PLUS,MARCA PROPIA                                      ,Insuperables Marca Propia
Gran Consumo,Éxito Express,1773372,CREMA HUMECTANTE BEBE,406,CUIDADO CORPORAL,1350,CREMAS HUMECTANTES BEBE,24674,AMPM PLUS,MARCA PROPIA                                      ,Insuperables Marca Propia
Gran Consumo,Éxito Express,1804224,Detergente En Polvo Floral,97,CUIDADO ROPA,1021,DETERGENTES CONVENCIONALES,36937,CARULLA,MARCA PROPIA                                      ,Insuperables Marca Propia
Gran Consumo,Éxito Express,1804225,Detergente En Polvo Limon,97,CUIDADO ROPA,1021,DETERGENTES CONVENCIONALES,36937,CARULLA,MARCA PROPIA                                      ,Insuperables Marca Propia
Gran Consumo,Éxito Express,251334,Cafe Instantaneo Pulverizado,92,BEBIDAS CALIENT/Y ALMT.NATURIS,5620,CAFE INSTANTANEO,20000,EXITO MARCA PROPIA,MARCA PROPIA                                      ,Insuperables Marca Propia
Gran Consumo,Éxito Express,253898,Cafe Instantaneo Granulado,92,BEBIDAS CALIENT/Y ALMT.NATURIS,5620,CAFE INSTANTANEO,20000,EXITO MARCA PROPIA,MARCA PROPIA                                      ,Insuperables Marca Propia
Gran Consumo,Éxito Express,258027,Cafe Molido,92,BEBIDAS CALIENT/Y ALMT.NATURIS,5610,CAFE MOLIDO,80000,EKONO,MARCA PROPIA                                      ,Insuperables Marca Propia
Gran Consumo,Éxito Express,289831,Toalla Higienica Delgada,67,PAPELES Y ABSORBENTES,7020,TOALLAS HIGIENICAS,80000,EKONO,MARCA PROPIA                                      ,Insuperables Marca Propia
Gran Consumo,Éxito Express,3002592,BLANQUEADOR FLORAL,405,LIMPIADORES E IMPLEMENTOS ASEO,820,BLANQUEADOR CON FRAGANCIA,24666,T/L/D TODOS LOS DIAS,MARCA PROPIA                                      ,Insuperables Marca Propia
Gran Consumo,Éxito Express,3002604,BLANQUEADOR LIMON,405,LIMPIADORES E IMPLEMENTOS ASEO,820,BLANQUEADOR CON FRAGANCIA,24666,T/L/D TODOS LOS DIAS,MARCA PROPIA                                      ,Insuperables Marca Propia
Gran Consumo,Éxito Express,3002606,BLANQUEDOR MANZANA,405,LIMPIADORES E IMPLEMENTOS ASEO,820,BLANQUEADOR CON FRAGANCIA,24666,T/L/D TODOS LOS DIAS,MARCA PROPIA                                      ,Insuperables Marca Propia
Gran Consumo,Éxito Express,3003158,SHAMPOO TODO CABELLO,96,CUIDADO CAPILAR Y ACCESORIOS,1310,SHAMPOO 1 EN 1,24674,AMPM PLUS,MARCA PROPIA                                      ,Insuperables Marca Propia
Gran Consumo,Éxito Express,3004110,PAÑAL TALLA M,67,PAPELES Y ABSORBENTES,9030,PANALES VALUE,80000,EKONO,MARCA PROPIA                                      ,Insuperables Marca Propia
Gran Consumo,Éxito Express,3004111,Pañal Talla G,67,PAPELES Y ABSORBENTES,9030,PANALES VALUE,80000,EKONO,MARCA PROPIA                                      ,Insuperables Marca Propia
Gran Consumo,Éxito Express,3004112,PAÑAL TALLA XG,67,PAPELES Y ABSORBENTES,9030,PANALES VALUE,80000,EKONO,MARCA PROPIA                                      ,Insuperables Marca Propia
Gran Consumo,Éxito Express,3006840,Blanqueador Floral,405,LIMPIADORES E IMPLEMENTOS ASEO,820,BLANQUEADOR CON FRAGANCIA,36937,CARULLA,MARCA PROPIA                                      ,Insuperables Marca Propia
Gran Consumo,Éxito Express,3006843,Blanqueador Limón,405,LIMPIADORES E IMPLEMENTOS ASEO,820,BLANQUEADOR CON FRAGANCIA,36937,CARULLA,MARCA PROPIA                                      ,Insuperables Marca Propia
Gran Consumo,Éxito Express,3007966,Detergente en Polvo Limon,97,CUIDADO ROPA,1021,DETERGENTES CONVENCIONALES,20000,EXITO MARCA PROPIA,MARCA PROPIA                                      ,Insuperables Marca Propia
Gran Consumo,Éxito Express,3007967,Detergente en Polvo Limon,97,CUIDADO ROPA,1021,DETERGENTES CONVENCIONALES,20000,EXITO MARCA PROPIA,MARCA PROPIA                                      ,Insuperables Marca Propia
Gran Consumo,Éxito Express,3007969,Detergente en Polvo Floral,97,CUIDADO ROPA,1021,DETERGENTES CONVENCIONALES,20000,EXITO MARCA PROPIA,MARCA PROPIA                                      ,Insuperables Marca Propia
Gran Consumo,Éxito Express,3007970,Detergente en Polvo Floral,97,CUIDADO ROPA,1021,DETERGENTES CONVENCIONALES,20000,EXITO MARCA PROPIA,MARCA PROPIA                                      ,Insuperables Marca Propia
Gran Consumo,Éxito Express,3009553,Protectores Diarios Multiestil,67,PAPELES Y ABSORBENTES,6010,PROTEC. DIARIOS MULTIPANTY,80000,EKONO,MARCA PROPIA                                      ,Insuperables Marca Propia
Gran Consumo,Éxito Express,3014290,Jabón Liquido Avena,406,CUIDADO CORPORAL,1230,JABON LIQUIDOS,80000,EKONO,MARCA PROPIA                                      ,Insuperables Marca Propia
Gran Consumo,Éxito Express,3014291,Jabón Liquido Manzana,406,CUIDADO CORPORAL,1230,JABON LIQUIDOS,80000,EKONO,MARCA PROPIA                                      ,Insuperables Marca Propia
Gran Consumo,Éxito Express,3015859,Detergente Liquido Floral,97,CUIDADO ROPA,1011,DETERGENTES LIQUIDOS,20000,EXITO MARCA PROPIA,MARCA PROPIA                                      ,Insuperables Marca Propia
Gran Consumo,Éxito Express,3023705,Blanqueador sin fragancia,405,LIMPIADORES E IMPLEMENTOS ASEO,830,BLANQUEADOR SIN FRAGANCIA,80000,EKONO,MARCA PROPIA                                      ,Insuperables Marca Propia
Gran Consumo,Éxito Express,3026524,Protectores Diarios Multiestil,67,PAPELES Y ABSORBENTES,6010,PROTEC. DIARIOS MULTIPANTY,80000,EKONO,MARCA PROPIA                                      ,Insuperables Marca Propia
Gran Consumo,Éxito Express,3039180,Jabon Liquido Manzana,406,CUIDADO CORPORAL,1230,JABON LIQUIDOS,80000,EKONO,MARCA PROPIA                                      ,Insuperables Marca Propia
Gran Consumo,Éxito Express,3039181,Jabon Liquido Avena,406,CUIDADO CORPORAL,1230,JABON LIQUIDOS,80000,EKONO,MARCA PROPIA                                      ,Insuperables Marca Propia
Gran Consumo,Éxito Express,3041841,Vino Tinto Reserva Merlot,95,LICORES Y CIGARRILLOS,811,VINO TINTOS MESA,19653,SIETE SOLES MARCA EXCLUSIVA,MARCA EXCLUSIVA                                   ,Insuperables Marca Propia
Gran Consumo,Éxito Express,3041842,Vino Tinto Reserva Carmenere,95,LICORES Y CIGARRILLOS,811,VINO TINTOS MESA,19653,SIETE SOLES MARCA EXCLUSIVA,MARCA EXCLUSIVA                                   ,Insuperables Marca Propia
Gran Consumo,Éxito Express,3041843,Vino Reserva Rosado,95,LICORES Y CIGARRILLOS,832,VINO ROSADOS MESA,19653,SIETE SOLES MARCA EXCLUSIVA,MARCA EXCLUSIVA                                   ,Insuperables Marca Propia
Gran Consumo,Éxito Express,3046977,Lavaloza Liquido Limon,405,LIMPIADORES E IMPLEMENTOS ASEO,4520,LAVALOZAS LIQUIDOS,80000,EKONO,MARCA PROPIA                                      ,Insuperables Marca Propia
Gran Consumo,Éxito Express,3054276,Frijol Cargamanto Blanco,90,GRANOS,2020,FRIJOL CARGAMANTO,80000,EKONO,MARCA PROPIA                                      ,Insuperables Marca Propia
Gran Consumo,Éxito Express,3054283,Frijol Sabanero Rojo,90,GRANOS,2030,FRIJOL SABANERO,80000,EKONO,MARCA PROPIA                                      ,Insuperables Marca Propia
Gran Consumo,Éxito Express,3058697,Bebi De Almend Original,63,BEBIDAS LIQUIDAS NO ALCOHOLICA,8120,FRUTOS,50000,TAEQ,MARCA PROPIA                                      ,Insuperables Marca Propia
Gran Consumo,Éxito Express,3059933,Detergente Liquido Floral,97,CUIDADO ROPA,1011,DETERGENTES LIQUIDOS,36937,CARULLA,MARCA PROPIA                                      ,Insuperables Marca Propia
Gran Consumo,Éxito Express,3060050,Detergente Liquido Floral,97,CUIDADO ROPA,1011,DETERGENTES LIQUIDOS,24666,T/L/D TODOS LOS DIAS,MARCA PROPIA                                      ,Insuperables Marca Propia
Gran Consumo,Éxito Express,308510,Mostaza,402,SALSAS Y CONDIMENTOS,5411,MOSTAZAS NORMALES,80000,EKONO,MARCA PROPIA                                      ,Insuperables Marca Propia
Gran Consumo,Éxito Express,3101013,Bolsa Basura 43x48 Papelera,404,DESECHABLES Y AEROSOLES,5010,BOLSA BASURA PAPELERA,80000,EKONO,MARCA PROPIA                                      ,Insuperables Marca Propia
Gran Consumo,Éxito Express,3111952,Detergente Bicarbonato/Vinagre,97,CUIDADO ROPA,1021,DETERGENTES CONVENCIONALES,24666,T/L/D TODOS LOS DIAS,MARCA PROPIA                                      ,Insuperables Marca Propia
Gran Consumo,Éxito Express,3111954,Detergente Bicarbonato/Vinagre,97,CUIDADO ROPA,1021,DETERGENTES CONVENCIONALES,36937,CARULLA,MARCA PROPIA                                      ,Insuperables Marca Propia
Gran Consumo,Éxito Express,3136901,Lavaloza Crema,405,LIMPIADORES E IMPLEMENTOS ASEO,4510,LAVALOZA CREMAS/GEL,80000,EKONO,MARCA PROPIA                                      ,Insuperables Marca Propia
Gran Consumo,Éxito Express,3181319,Jabon en barra azul x 3 und,97,CUIDADO ROPA,930,JABON DE LAVAR LIMPIEZA BASICA,80000,EKONO,MARCA PROPIA                                      ,Insuperables Marca Propia
Gran Consumo,Éxito Express,3188259,Vino Blanco,95,LICORES Y CIGARRILLOS,821,VINO BLANCOS MESA,23535,CRUZARES MARCA EXCLUSIVA,MARCA EXCLUSIVA                                   ,Insuperables Marca Propia
Gran Consumo,Éxito Express,3188260,Vino tinto,95,LICORES Y CIGARRILLOS,811,VINO TINTOS MESA,23535,CRUZARES MARCA EXCLUSIVA,MARCA EXCLUSIVA                                   ,Insuperables Marca Propia
Gran Consumo,Éxito Express,3191553,Papel Higiénico x12 Rollos,67,PAPELES Y ABSORBENTES,8020,PAPEL HIGIENICO RENDIDOR,36937,CARULLA,MARCA PROPIA                                      ,Insuperables Marca Propia
Gran Consumo,Éxito Express,3197410,Vino Lambrusco Rosado,95,LICORES Y CIGARRILLOS,845,VINO ESPUMOSO Y CHAMPANA,29709,LA PIUMA MARCA EXCLUSIVA,MARCA EXCLUSIVA                                   ,Insuperables Marca Propia
Gran Consumo,Éxito Express,3208370,Jabon Liq Espum Bamboo Forest,406,CUIDADO CORPORAL,1230,JABON LIQUIDOS,14401,PERSONAL CHOICE MARCA EXCLUSIV,MARCA EXCLUSIVA                                   ,Insuperables Marca Propia
Gran Consumo,Éxito Express,3211605,Aceite de Coco Organico,403,ACEITES COMESTIBLES,7840,OTROS ACEITES,50000,TAEQ,MARCA PROPIA                                      ,Insuperables Marca Propia
Gran Consumo,Éxito Express,3226878,Almendra Natural,59,PASABOCAS,5620,OTROS DE REPOSTERIA,17798,FRESCAMPO,MARCA PROPIA                                      ,Insuperables Marca Propia
Gran Consumo,Éxito Express,3250382,Harina de Maiz Precocida Amar,93,GALLETAS Y HARINAS,4525,HARINA PRECOCIDA MAIZ,17798,FRESCAMPO,MARCA PROPIA                                      ,Insuperables Marca Propia
Gran Consumo,Éxito Express,3250386,Harina de Maiz Precocida Blan,93,GALLETAS Y HARINAS,4525,HARINA PRECOCIDA MAIZ,17798,FRESCAMPO,MARCA PROPIA                                      ,Insuperables Marca Propia
Gran Consumo,Éxito Express,3254338,Caldo De Gallina 12 Cubos,402,SALSAS Y CONDIMENTOS,6610,CALDOS GALLINA,80000,EKONO,MARCA PROPIA                                      ,Insuperables Marca Propia
Gran Consumo,Éxito Express,3254342,Caldo De Gallina 8 Cubos,402,SALSAS Y CONDIMENTOS,6610,CALDOS GALLINA,80000,EKONO,MARCA PROPIA                                      ,Insuperables Marca Propia
Gran Consumo,Éxito Express,3254344,Caldo De Costilla 8 Cubos,402,SALSAS Y CONDIMENTOS,6620,CALDOS OTROS,17798,FRESCAMPO,MARCA PROPIA                                      ,Insuperables Marca Propia
Gran Consumo,Éxito Express,3254345,Caldo De Costilla 12 Cubos,402,SALSAS Y CONDIMENTOS,6620,CALDOS OTROS,17798,FRESCAMPO,MARCA PROPIA                                      ,Insuperables Marca Propia
Gran Consumo,Éxito Express,3257072,Aceite Vegetal,403,ACEITES COMESTIBLES,7820,ACEITES MEZCLAS,17798,FRESCAMPO,MARCA PROPIA                                      ,Insuperables Marca Propia
Gran Consumo,Éxito Express,3257073,Aceite Vegetal,403,ACEITES COMESTIBLES,7820,ACEITES MEZCLAS,17798,FRESCAMPO,MARCA PROPIA                                      ,Insuperables Marca Propia
Gran Consumo,Éxito Express,3259113,Atun Lomo Agua,94,ENLATADOS,2110,ATUNES EN AGUA,20000,EXITO MARCA PROPIA,MARCA PROPIA                                      ,Insuperables Marca Propia
Gran Consumo,Éxito Express,3259114,Atun Lomo Agua,94,ENLATADOS,2110,ATUNES EN AGUA,36937,CARULLA,MARCA PROPIA                                      ,Insuperables Marca Propia
Gran Consumo,Éxito Express,3260266,Durazno en Almibar,94,ENLATADOS,7260,DURAZNOS/MELOCOTON CONSERVA,17798,FRESCAMPO,MARCA PROPIA                                      ,Insuperables Marca Propia
Gran Consumo,Éxito Express,3264842,Papel Higienico Premium 3HX12,67,PAPELES Y ABSORBENTES,8010,PAPEL HIGIENICO PREMIUM,20000,EXITO MARCA PROPIA,MARCA PROPIA                                      ,Insuperables Marca Propia
Gran Consumo,Éxito Express,3264843,Papel Higienico Premium 3HX12,67,PAPELES Y ABSORBENTES,8010,PAPEL HIGIENICO PREMIUM,36937,CARULLA,MARCA PROPIA                                      ,Insuperables Marca Propia
Gran Consumo,Éxito Express,3264845,Papel Higienico Premium 3HX12,67,PAPELES Y ABSORBENTES,8010,PAPEL HIGIENICO PREMIUM,24666,T/L/D TODOS LOS DIAS,MARCA PROPIA                                      ,Insuperables Marca Propia
Gran Consumo,Éxito Express,3276481,Atun Lomo Aceite,94,ENLATADOS,2120,ATUNES EN ACEITE,20000,EXITO MARCA PROPIA,MARCA PROPIA                                      ,Insuperables Marca Propia
Gran Consumo,Éxito Express,3276485,Atun Lomo Aceite,94,ENLATADOS,2120,ATUNES EN ACEITE,36937,CARULLA,MARCA PROPIA                                      ,Insuperables Marca Propia
Gran Consumo,Éxito Express,3277050,Tostada Blanca,81,PANADERIA INUSTRI.Y REPOSTERIA,1970,TOSTADAS,80000,EKONO,MARCA PROPIA                                      ,Insuperables Marca Propia
Gran Consumo,Éxito Express,3280457,Queso Parmesano,83,DERIVADOS LACTEOS,2570,RALLADOS,20000,EXITO MARCA PROPIA,MARCA PROPIA                                      ,Insuperables Marca Propia
Gran Consumo,Éxito Express,3283975,Arena para gatos,401,MASCOTAS,1435,ARENAS Y TAPETES,33444,PUK?,MARCA PROPIA                                      ,Insuperables Marca Propia
Gran Consumo,Éxito Express,3287802,Atún Rallado Aceite,94,ENLATADOS,2140,DESMENUZADO,80000,EKONO,MARCA PROPIA                                      ,Insuperables Marca Propia
Gran Consumo,Éxito Express,3295502,Galletas Wafer Vainilla,93,GALLETAS Y HARINAS,1621,GALLETAS WAFER,20000,EXITO MARCA PROPIA,MARCA PROPIA                                      ,Insuperables Marca Propia
Gran Consumo,Éxito Express,3295503,Galletas Wafer Chocolate,93,GALLETAS Y HARINAS,1621,GALLETAS WAFER,20000,EXITO MARCA PROPIA,MARCA PROPIA                                      ,Insuperables Marca Propia
Gran Consumo,Éxito Express,3295559,Galletas Cremadas Vainilla,93,GALLETAS Y HARINAS,1631,GALLETAS CREMADAS,20000,EXITO MARCA PROPIA,MARCA PROPIA                                      ,Insuperables Marca Propia
Gran Consumo,Éxito Express,3295560,Galletas Cremadas Chocolate,93,GALLETAS Y HARINAS,1631,GALLETAS CREMADAS,20000,EXITO MARCA PROPIA,MARCA PROPIA                                      ,Insuperables Marca Propia
Gran Consumo,Éxito Express,3295561,Galletas Cremadas Fresa,93,GALLETAS Y HARINAS,1631,GALLETAS CREMADAS,20000,EXITO MARCA PROPIA,MARCA PROPIA                                      ,Insuperables Marca Propia
Gran Consumo,Éxito Express,3298214,Queso Parmesano,83,DERIVADOS LACTEOS,2570,RALLADOS,36937,CARULLA,MARCA PROPIA                                      ,Insuperables Marca Propia
Gran Consumo,Éxito Express,3299409,Alimento Perro Adulto,401,MASCOTAS,820,ALIMENTOS PERROS,33444,PUK?,MARCA PROPIA                                      ,Insuperables Marca Propia
Gran Consumo,Éxito Express,3299410,Alimento Perro Adulto,401,MASCOTAS,820,ALIMENTOS PERROS,33444,PUK?,MARCA PROPIA                                      ,Insuperables Marca Propia
Gran Consumo,Éxito Express,3299411,Alimento Perro Adulto,401,MASCOTAS,820,ALIMENTOS PERROS,33444,PUK?,MARCA PROPIA                                      ,Insuperables Marca Propia
Gran Consumo,Éxito Express,3300670,Pan Tajado Blanco,81,PANADERIA INUSTRI.Y REPOSTERIA,1910,PAN TAJADO,80000,EKONO,MARCA PROPIA                                      ,Insuperables Marca Propia
Gran Consumo,Éxito Express,3310407,Azúcar Blanco Especial,90,GRANOS,7120,AZUCAR BLANCO ESPECIAL,17798,FRESCAMPO,MARCA PROPIA                                      ,Insuperables Marca Propia
Gran Consumo,Éxito Express,3310410,Azúcar Blanco Especial,90,GRANOS,7120,AZUCAR BLANCO ESPECIAL,20000,EXITO MARCA PROPIA,MARCA PROPIA                                      ,Insuperables Marca Propia
Gran Consumo,Éxito Express,3310412,Azúcar Morena,90,GRANOS,7130,AZUCAR MORENA,20000,EXITO MARCA PROPIA,MARCA PROPIA                                      ,Insuperables Marca Propia
Gran Consumo,Éxito Express,3310418,Azúcar Morena,90,GRANOS,7130,AZUCAR MORENA,17798,FRESCAMPO,MARCA PROPIA                                      ,Insuperables Marca Propia
Gran Consumo,Éxito Express,3318957,Salsa BBQ,402,SALSAS Y CONDIMENTOS,3525,SALSAS BBQ,20000,EXITO MARCA PROPIA,MARCA PROPIA                                      ,Insuperables Marca Propia
Gran Consumo,Éxito Express,3320441,Lomo de Atún en Aceite Tripack,94,ENLATADOS,2120,ATUNES EN ACEITE,20000,EXITO MARCA PROPIA,MARCA PROPIA                                      ,Insuperables Marca Propia
Gran Consumo,Éxito Express,3322065,Pan Súper Perro con Ajonjolí,81,PANADERIA INUSTRI.Y REPOSTERIA,1920,PAN PERRO,20000,EXITO MARCA PROPIA,MARCA PROPIA                                      ,Insuperables Marca Propia
Gran Consumo,Éxito Express,3325409,Shampoo de Bebé,96,CUIDADO CAPILAR Y ACCESORIOS,1340,SHAMPOO BEBES NINOS,14401,PERSONAL CHOICE MARCA EXCLUSIV,MARCA EXCLUSIVA                                   ,Insuperables Marca Propia
Gran Consumo,Éxito Express,3326788,Leche Semid Deslact UHT Paquet,83,DERIVADOS LACTEOS,1385,LECHE LIQUIDA UHT BOLSA,20000,EXITO MARCA PROPIA,MARCA PROPIA                                      ,Insuperables Marca Propia
Gran Consumo,Éxito Express,3326790,Leche Semid Deslact UHT,83,DERIVADOS LACTEOS,1385,LECHE LIQUIDA UHT BOLSA,20000,EXITO MARCA PROPIA,MARCA PROPIA                                      ,Insuperables Marca Propia
Gran Consumo,Éxito Express,3326792,Leche Entera UHT,83,DERIVADOS LACTEOS,1385,LECHE LIQUIDA UHT BOLSA,20000,EXITO MARCA PROPIA,MARCA PROPIA                                      ,Insuperables Marca Propia
Gran Consumo,Éxito Express,3326794,Leche Entera UHT Paquete,83,DERIVADOS LACTEOS,1385,LECHE LIQUIDA UHT BOLSA,20000,EXITO MARCA PROPIA,MARCA PROPIA                                      ,Insuperables Marca Propia
Gran Consumo,Éxito Express,3326796,Leche Entera UHT Max,83,DERIVADOS LACTEOS,1385,LECHE LIQUIDA UHT BOLSA,20000,EXITO MARCA PROPIA,MARCA PROPIA                                      ,Insuperables Marca Propia
Gran Consumo,Éxito Express,3326797,Leche Semid Deslact UHT,83,DERIVADOS LACTEOS,1385,LECHE LIQUIDA UHT BOLSA,17798,FRESCAMPO,MARCA PROPIA                                      ,Insuperables Marca Propia
Gran Consumo,Éxito Express,3326798,Leche Semid Deslact UHT Paquet,83,DERIVADOS LACTEOS,1385,LECHE LIQUIDA UHT BOLSA,17798,FRESCAMPO,MARCA PROPIA                                      ,Insuperables Marca Propia
Gran Consumo,Éxito Express,3326799,Leche Entera UHT,83,DERIVADOS LACTEOS,1385,LECHE LIQUIDA UHT BOLSA,17798,FRESCAMPO,MARCA PROPIA                                      ,Insuperables Marca Propia
Gran Consumo,Éxito Express,3326800,Leche Entera UHT Paquete Max,83,DERIVADOS LACTEOS,1385,LECHE LIQUIDA UHT BOLSA,20000,EXITO MARCA PROPIA,MARCA PROPIA                                      ,Insuperables Marca Propia
Gran Consumo,Éxito Express,3326801,Leche Entera UHT Paquete,83,DERIVADOS LACTEOS,1385,LECHE LIQUIDA UHT BOLSA,17798,FRESCAMPO,MARCA PROPIA                                      ,Insuperables Marca Propia
Gran Consumo,Éxito Express,3327580,Crema Cocoa & Karite,406,CUIDADO CORPORAL,1310,CREMAS HUMECTANTES,14401,PERSONAL CHOICE MARCA EXCLUSIV,MARCA EXCLUSIVA                                   ,Insuperables Marca Propia
Gran Consumo,Éxito Express,3327581,Crema Aloe Vera,406,CUIDADO CORPORAL,1310,CREMAS HUMECTANTES,14401,PERSONAL CHOICE MARCA EXCLUSIV,MARCA EXCLUSIVA                                   ,Insuperables Marca Propia
Gran Consumo,Éxito Express,3327582,Crema Almendras,406,CUIDADO CORPORAL,1310,CREMAS HUMECTANTES,14401,PERSONAL CHOICE MARCA EXCLUSIV,MARCA EXCLUSIVA                                   ,Insuperables Marca Propia
Gran Consumo,Éxito Express,3327584,Crema Para Bebé,406,CUIDADO CORPORAL,1350,CREMAS HUMECTANTES BEBE,14401,PERSONAL CHOICE MARCA EXCLUSIV,MARCA EXCLUSIVA                                   ,Insuperables Marca Propia
Gran Consumo,Éxito Express,3330627,Aceite De Oliva Virgen Extra,403,ACEITES COMESTIBLES,7815,ACEITE OLIVA,17798,FRESCAMPO,MARCA PROPIA                                      ,Insuperables Marca Propia
Gran Consumo,Éxito Express,3330630,Aceite de Oliva Extra Virgen,403,ACEITES COMESTIBLES,7815,ACEITE OLIVA,20000,EXITO MARCA PROPIA,MARCA PROPIA                                      ,Insuperables Marca Propia
Gran Consumo,Éxito Express,3331366,Bocadillo Dulce En Hoja De Bij,402,SALSAS Y CONDIMENTOS,6760,BOCADILLOS,17798,FRESCAMPO,MARCA PROPIA                                      ,Insuperables Marca Propia
Gran Consumo,Éxito Express,3331394,Queso Tipo Sanduche,83,DERIVADOS LACTEOS,2575,MOZARELLA/DOBLECREMA,17798,FRESCAMPO,MARCA PROPIA                                      ,Insuperables Marca Propia
Gran Consumo,Éxito Express,3333297,Shampoo Acai Y Romero,96,CUIDADO CAPILAR Y ACCESORIOS,1310,SHAMPOO 1 EN 1,36839,ALGABO MARCA EXCLUSIVA,MARCA EXCLUSIVA                                   ,Insuperables Marca Propia
Gran Consumo,Éxito Express,3333758,Crema Corporal Lubricante,406,CUIDADO CORPORAL,1310,CREMAS HUMECTANTES,14401,PERSONAL CHOICE MARCA EXCLUSIV,MARCA EXCLUSIVA                                   ,Insuperables Marca Propia
Gran Consumo,Éxito Express,3336532,Maicitos Dulces Enlatados,94,ENLATADOS,1525,MAICES CONSERVA,17798,FRESCAMPO,MARCA PROPIA                                      ,Insuperables Marca Propia
Gran Consumo,Éxito Express,3343468,Lavaloza Ekono Limon,405,LIMPIADORES E IMPLEMENTOS ASEO,4510,LAVALOZA CREMAS/GEL,80000,EKONO,MARCA PROPIA                                      ,Insuperables Marca Propia
Gran Consumo,Éxito Express,3344695,Granola,93,GALLETAS Y HARINAS,4410,GRANOLAS,80000,EKONO,MARCA PROPIA                                      ,Insuperables Marca Propia
Gran Consumo,Éxito Express,3344697,Granola Coco,93,GALLETAS Y HARINAS,4410,GRANOLAS,20000,EXITO MARCA PROPIA,MARCA PROPIA                                      ,Insuperables Marca Propia
Gran Consumo,Éxito Express,3354234,Esparcible,83,DERIVADOS LACTEOS,2041,MARGARINA O ESPARCIBLE DE MESA,80000,EKONO,MARCA PROPIA                                      ,Insuperables Marca Propia
Gran Consumo,Éxito Express,3355096,Aceite de Girasol,403,ACEITES COMESTIBLES,7825,ACEITE GIRASOL,20000,EXITO MARCA PROPIA,MARCA PROPIA                                      ,Insuperables Marca Propia
Gran Consumo,Éxito Express,3355098,Aceite de Girasol,403,ACEITES COMESTIBLES,7825,ACEITE GIRASOL,36937,CARULLA,MARCA PROPIA                                      ,Insuperables Marca Propia
Gran Consumo,Éxito Express,3355100,Aceite de Girasol,403,ACEITES COMESTIBLES,7825,ACEITE GIRASOL,17798,FRESCAMPO,MARCA PROPIA                                      ,Insuperables Marca Propia
Gran Consumo,Éxito Express,3373213,Torta Negra Lonchera,81,PANADERIA INUSTRI.Y REPOSTERIA,5536,TAJADAS SIN CUBIERTA,80000,EKONO,MARCA PROPIA                                      ,Insuperables Marca Propia
Gran Consumo,Éxito Express,3382405,Papel Higienico 4 Rollos,67,PAPELES Y ABSORBENTES,8020,PAPEL HIGIENICO RENDIDOR,24666,T/L/D TODOS LOS DIAS,MARCA PROPIA                                      ,Insuperables Marca Propia
Gran Consumo,Éxito Express,3397990,Azucar Blanco,90,GRANOS,7120,AZUCAR BLANCO ESPECIAL,36937,CARULLA,MARCA PROPIA                                      ,Insuperables Marca Propia
Gran Consumo,Éxito Express,3400652,Aceite de Girasol,403,ACEITES COMESTIBLES,7825,ACEITE GIRASOL,36937,CARULLA,MARCA PROPIA                                      ,Insuperables Marca Propia
Gran Consumo,Éxito Express,3400653,Aceite de Girasol,403,ACEITES COMESTIBLES,7825,ACEITE GIRASOL,17798,FRESCAMPO,MARCA PROPIA                                      ,Insuperables Marca Propia
Gran Consumo,Éxito Express,3403501,Suavizante Aroma Floral,97,CUIDADO ROPA,1210,SUAVIZANTES REGULAR,36937,CARULLA,MARCA PROPIA                                      ,Insuperables Marca Propia
Gran Consumo,Éxito Express,3403502,Suavizante Aroma Floral,97,CUIDADO ROPA,1210,SUAVIZANTES REGULAR,24666,T/L/D TODOS LOS DIAS,MARCA PROPIA                                      ,Insuperables Marca Propia
Gran Consumo,Éxito Express,3403530,Suavizante Aroma Floral,97,CUIDADO ROPA,1210,SUAVIZANTES REGULAR,36937,CARULLA,MARCA PROPIA                                      ,Insuperables Marca Propia
Gran Consumo,Éxito Express,3403551,Suavizante Aroma Floral,97,CUIDADO ROPA,1210,SUAVIZANTES REGULAR,20000,EXITO MARCA PROPIA,MARCA PROPIA                                      ,Insuperables Marca Propia
Gran Consumo,Éxito Express,3403552,Suavizante Aroma Floral,97,CUIDADO ROPA,1210,SUAVIZANTES REGULAR,20000,EXITO MARCA PROPIA,MARCA PROPIA                                      ,Insuperables Marca Propia
Gran Consumo,Éxito Express,3403555,Suavizante Aroma Floral,97,CUIDADO ROPA,1210,SUAVIZANTES REGULAR,24666,T/L/D TODOS LOS DIAS,MARCA PROPIA                                      ,Insuperables Marca Propia
Gran Consumo,Éxito Express,3436274,Aceite De Aguacate,403,ACEITES COMESTIBLES,7840,OTROS ACEITES,50000,TAEQ,MARCA PROPIA                                      ,Insuperables Marca Propia
Gran Consumo,Éxito Express,3453139,Galletas Saladas x 3 Tacos,93,GALLETAS Y HARINAS,2021,CRACKERS TRADICIONAL,17798,FRESCAMPO,MARCA PROPIA                                      ,Insuperables Marca Propia
Gran Consumo,Éxito Express,3454318,Chocolate Clavos Y Canela,92,BEBIDAS CALIENT/Y ALMT.NATURIS,6050,CHOCOLATES ALINADOS DULCE,80000,EKONO,MARCA PROPIA                                      ,Insuperables Marca Propia
Gran Consumo,Éxito Express,3462328,Bolsa De Basura Blanca,404,DESECHABLES Y AEROSOLES,5030,BOLSA BASURA RESIDENCIAL,80000,EKONO,MARCA PROPIA                                      ,Insuperables Marca Propia
Gran Consumo,Éxito Express,3462329,Bolsa De Basura Negra,404,DESECHABLES Y AEROSOLES,5030,BOLSA BASURA RESIDENCIAL,80000,EKONO,MARCA PROPIA                                      ,Insuperables Marca Propia
Gran Consumo,Éxito Express,3462330,Bolsa De Basura Verde,404,DESECHABLES Y AEROSOLES,5030,BOLSA BASURA RESIDENCIAL,80000,EKONO,MARCA PROPIA                                      ,Insuperables Marca Propia
Gran Consumo,Éxito Express,3475406,Arepa Tela,83,DERIVADOS LACTEOS,4080,AREPAS BLANCAS,80000,EKONO,MARCA PROPIA                                      ,Insuperables Marca Propia
Gran Consumo,Éxito Express,3479458,Queso Mozzarella Tajado,83,DERIVADOS LACTEOS,2575,MOZARELLA/DOBLECREMA,20000,EXITO MARCA PROPIA,MARCA PROPIA                                      ,Insuperables Marca Propia
Gran Consumo,Éxito Express,3491790,Detergente Liquido Floral,97,CUIDADO ROPA,1011,DETERGENTES LIQUIDOS,20000,EXITO MARCA PROPIA,MARCA PROPIA                                      ,Insuperables Marca Propia
Gran Consumo,Éxito Express,3507566,Galletas Saladas,93,GALLETAS Y HARINAS,2021,CRACKERS TRADICIONAL,17798,FRESCAMPO,MARCA PROPIA                                      ,Insuperables Marca Propia
Gran Consumo,Éxito Express,3511293,Detergente liquido floral,97,CUIDADO ROPA,1011,DETERGENTES LIQUIDOS,36937,CARULLA,MARCA PROPIA                                      ,Insuperables Marca Propia
Gran Consumo,Éxito Express,3511294,Detergente liquido floral,97,CUIDADO ROPA,1011,DETERGENTES LIQUIDOS,24666,T/L/D TODOS LOS DIAS,MARCA PROPIA                                      ,Insuperables Marca Propia
Gran Consumo,Éxito Express,3518647,Papel Higiénico X 12 Rollos,67,PAPELES Y ABSORBENTES,8020,PAPEL HIGIENICO RENDIDOR,20000,EXITO MARCA PROPIA,MARCA PROPIA                                      ,Insuperables Marca Propia
Gran Consumo,Éxito Express,3519268,Jabón Antibacterial Avena,406,CUIDADO CORPORAL,1221,JABON ANTIBACTERIALES/MEDICADO,20000,EXITO MARCA PROPIA,MARCA PROPIA                                      ,Insuperables Marca Propia
Gran Consumo,Éxito Express,403042,Agua Sin Gas,63,BEBIDAS LIQUIDAS NO ALCOHOLICA,6710,AGUA NORMAL,20000,EXITO MARCA PROPIA,MARCA PROPIA                                      ,Insuperables Marca Propia
Gran Consumo,Éxito Express,405927,PAPEL HIG BLANCO TRIPLE HOJA,67,PAPELES Y ABSORBENTES,8020,PAPEL HIGIENICO RENDIDOR,20000,EXITO MARCA PROPIA,MARCA PROPIA                                      ,Insuperables Marca Propia
Gran Consumo,Éxito Express,425724,&SERVILLETA DOBLADA,67,PAPELES Y ABSORBENTES,7510,SERVILLETAS NORMALES,36937,CARULLA,MARCA PROPIA                                      ,Insuperables Marca Propia
Gran Consumo,Éxito Express,426831,GUANTES DOMESTICOS TALLA 8,405,LIMPIADORES E IMPLEMENTOS ASEO,5811,GUANTES DOMESTICOS,80000,EKONO,MARCA PROPIA                                      ,Insuperables Marca Propia
Gran Consumo,Éxito Express,429306,Esponja Doble Uso 2Pack,405,LIMPIADORES E IMPLEMENTOS ASEO,4450,ESPUMAS Y PLASTICAS,80000,EKONO,MARCA PROPIA                                      ,Insuperables Marca Propia
Gran Consumo,Éxito Express,438331,Cafe Molido,92,BEBIDAS CALIENT/Y ALMT.NATURIS,5610,CAFE MOLIDO,80000,EKONO,MARCA PROPIA                                      ,Insuperables Marca Propia
Gran Consumo,Éxito Express,489509,Servilleta Blanca De Lujo,67,PAPELES Y ABSORBENTES,7520,SERVILLETAS LUJO,36937,CARULLA,MARCA PROPIA                                      ,Insuperables Marca Propia
Gran Consumo,Éxito Express,580153,PAPEL HIGIENICO,67,PAPELES Y ABSORBENTES,8020,PAPEL HIGIENICO RENDIDOR,20000,EXITO MARCA PROPIA,MARCA PROPIA                                      ,Insuperables Marca Propia
Gran Consumo,Éxito Express,598300,Toalla Cocina Doble Hoj 1 Roll,67,PAPELES Y ABSORBENTES,2020,TOALLAS COCINA DESECHABLE,80000,EKONO,MARCA PROPIA                                      ,Insuperables Marca Propia
Gran Consumo,Éxito Express,620120,Toallita Humeda con Aloe Vera,67,PAPELES Y ABSORBENTES,8540,TOALLITAS HUMEDAS BABY OTROS U,14401,PERSONAL CHOICE MARCA EXCLUSIV,MARCA EXCLUSIVA                                   ,Insuperables Marca Propia
Gran Consumo,Éxito Express,894020,Vino Tinto,95,LICORES Y CIGARRILLOS,811,VINO TINTOS MESA,23535,CRUZARES MARCA EXCLUSIVA,MARCA EXCLUSIVA                                   ,Insuperables Marca Propia
Gran Consumo,Éxito Express,894119,Vino Rosado,95,LICORES Y CIGARRILLOS,832,VINO ROSADOS MESA,23535,CRUZARES MARCA EXCLUSIVA,MARCA EXCLUSIVA                                   ,Insuperables Marca Propia
Gran Consumo,Éxito Express,894139,Vino Blanco,95,LICORES Y CIGARRILLOS,821,VINO BLANCOS MESA,23535,CRUZARES MARCA EXCLUSIVA,MARCA EXCLUSIVA                                   ,Insuperables Marca Propia
Gran Consumo,Éxito Express,3298470,Queso Mozzarella Rallado,83,DERIVADOS LACTEOS,2575,MOZARELLA/DOBLECREMA,17798,FRESCAMPO,MARCA PROPIA                                      ,Insuperables Marca Propia
Gran Consumo,Éxito Express,3506935,Aceite De Soya,403,ACEITES COMESTIBLES,7840,OTROS ACEITES,17798,FRESCAMPO,MARCA PROPIA                                      ,Insuperables Marca Propia
Gran Consumo,Éxito Express,3506936,Aceite De Soya,403,ACEITES COMESTIBLES,7840,OTROS ACEITES,17798,FRESCAMPO,MARCA PROPIA                                      ,Insuperables Marca Propia
Gran Consumo,Éxito Express,3540220,Leche En Polvo Entera,69,MEZCLAS Y BEBIDAS EN POLVO,3210,LECHE EN POLVO ENTERA,17798,FRESCAMPO,MARCA PROPIA                                      ,Insuperables Marca Propia
Gran Consumo,Éxito Express,3540222,Leche En Polvo Entera,69,MEZCLAS Y BEBIDAS EN POLVO,3210,LECHE EN POLVO ENTERA,17798,FRESCAMPO,MARCA PROPIA                                      ,Insuperables Marca Propia
Gran Consumo,Éxito Express,3493914,Yogurt Griego Natural,83,DERIVADOS LACTEOS,1220,YOGURT TIPO GRIEGO,17798,FRESCAMPO,MARCA PROPIA                                      ,Insuperables Marca Propia
Gran Consumo,Éxito Express,3298212,Queso Mozzarella Tajado,83,DERIVADOS LACTEOS,2575,MOZARELLA/DOBLECREMA,36937,CARULLA,MARCA PROPIA                                      ,Insuperables Marca Propia
Gran Consumo,Éxito Express,3537862,Guantes Semi Industrial,405,LIMPIADORES E IMPLEMENTOS ASEO,5821,GUANTES INDUSTRIALES,80000,EKONO,MARCA PROPIA                                      ,Insuperables Marca Propia
Gran Consumo,Éxito Express,3454319,Chocolate Tradicional,92,BEBIDAS CALIENT/Y ALMT.NATURIS,6020,CHOCOLATES DULCES,80000,EKONO,MARCA PROPIA                                      ,Insuperables Marca Propia
Gran Consumo,Éxito Express,3305484,Harina de Trigo,93,GALLETAS Y HARINAS,4510,HARINA DE TRIGO,17798,FRESCAMPO,MARCA PROPIA                                      ,Insuperables Marca Propia
Gran Consumo,Éxito Express,3585499,Yogurt Griego Natural,83,DERIVADOS LACTEOS,1220,YOGURT TIPO GRIEGO,17798,FRESCAMPO,MARCA PROPIA                                      ,Insuperables Marca Propia
Gran Consumo,Éxito Express,3511181,Lavaloza Liquido,405,LIMPIADORES E IMPLEMENTOS ASEO,4520,LAVALOZAS LIQUIDOS,36937,CARULLA,MARCA PROPIA                                      ,Insuperables Marca Propia
Gran Consumo,Éxito Express,3588696,Suavizante Manzana,97,CUIDADO ROPA,1210,SUAVIZANTES REGULAR,20000,EXITO MARCA PROPIA,MARCA PROPIA                                      ,Insuperables Marca Propia
Gran Consumo,Éxito Express,3588697,Suavizante Manzana,97,CUIDADO ROPA,1210,SUAVIZANTES REGULAR,20000,EXITO MARCA PROPIA,MARCA PROPIA                                      ,Insuperables Marca Propia
Gran Consumo,Éxito Express,1762859,Papel Higienico Blanco Max,67,PAPELES Y ABSORBENTES,8020,PAPEL HIGIENICO RENDIDOR,24666,T/L/D TODOS LOS DIAS,MARCA PROPIA                                      ,Insuperables Marca Propia
Gran Consumo,Éxito Express,3259112,Atun Lomo Agua,94,ENLATADOS,2110,ATUNES EN AGUA,17798,FRESCAMPO,MARCA PROPIA                                      ,Insuperables Marca Propia
Gran Consumo,Éxito Express,3276488,Atun Lomitos En Aceite,94,ENLATADOS,2120,ATUNES EN ACEITE,17798,FRESCAMPO,MARCA PROPIA                                      ,Insuperables Marca Propia
Gran Consumo,Éxito Express,3618631,Leche Entera En Caja,83,DERIVADOS LACTEOS,1390,LECHE LIQUIDA UHT CAJA,20000,EXITO MARCA PROPIA,MARCA PROPIA                                      ,Insuperables Marca Propia
Gran Consumo,Éxito Express,3623259,Limpia Pisos Bicarbonato,405,LIMPIADORES E IMPLEMENTOS ASEO,1928,LIMPIAPISOS EFICIENTES,24666,T/L/D TODOS LOS DIAS,MARCA PROPIA                                      ,Insuperables Marca Propia
Gran Consumo,Éxito Express,3623260,Limpia Pisos Citronela,405,LIMPIADORES E IMPLEMENTOS ASEO,1910,LIMPIAPISOS AROMAT DESINFEC,24666,T/L/D TODOS LOS DIAS,MARCA PROPIA                                      ,Insuperables Marca Propia
Gran Consumo,Éxito Express,3623261,Limpia Pisos Lavanda,405,LIMPIADORES E IMPLEMENTOS ASEO,1910,LIMPIAPISOS AROMAT DESINFEC,24666,T/L/D TODOS LOS DIAS,MARCA PROPIA                                      ,Insuperables Marca Propia
Gran Consumo,Éxito Express,3564367,Conserva De Pescado En Salsa D,94,ENLATADOS,2735,OTROS PESCADOS,20000,EXITO MARCA PROPIA,MARCA PROPIA                                      ,Insuperables Marca Propia
Gran Consumo,Éxito Express,3564368,Conserva De Pescado En Salsa D,94,ENLATADOS,2735,OTROS PESCADOS,20000,EXITO MARCA PROPIA,MARCA PROPIA                                      ,Insuperables Marca Propia
Gran Consumo,Éxito Express,3633789,Conservas De Pescado,94,ENLATADOS,2735,OTROS PESCADOS,36937,CARULLA,MARCA PROPIA                                      ,Insuperables Marca Propia
Gran Consumo,Éxito Express,3633790,Conservas De Pescado,94,ENLATADOS,2735,OTROS PESCADOS,36937,CARULLA,MARCA PROPIA                                      ,Insuperables Marca Propia
Gran Consumo,Éxito Express,3636384,Pañal Desechable Talla G,67,PAPELES Y ABSORBENTES,9030,PANALES VALUE,80000,EKONO,MARCA PROPIA                                      ,Insuperables Marca Propia
Gran Consumo,Éxito Express,3636385,Pañal Desechable Talla XG,67,PAPELES Y ABSORBENTES,9030,PANALES VALUE,80000,EKONO,MARCA PROPIA                                      ,Insuperables Marca Propia
Gran Consumo,Éxito Express,3280455,Queso Parmesano,83,DERIVADOS LACTEOS,2570,RALLADOS,20000,EXITO MARCA PROPIA,MARCA PROPIA                                      ,Insuperables Marca Propia
Gran Consumo,Éxito Express,3298211,Queso Parmesano,83,DERIVADOS LACTEOS,2570,RALLADOS,36937,CARULLA,MARCA PROPIA                                      ,Insuperables Marca Propia
Gran Consumo,Éxito Express,3599997,Pañal Bebe Talla XXG,67,PAPELES Y ABSORBENTES,9030,PANALES VALUE,80000,EKONO,MARCA PROPIA                                      ,Insuperables Marca Propia
Gran Consumo,Éxito Express,3293026,Soda,63,BEBIDAS LIQUIDAS NO ALCOHOLICA,7035,SODAS Y MEZCLADORES,17798,FRESCAMPO,MARCA PROPIA                                      ,Insuperables Marca Propia
Gran Consumo,Éxito Express,3331337,Pasta Macarrones,93,GALLETAS Y HARINAS,4620,PASTAS COMUNES,80000,EKONO,MARCA PROPIA                                      ,Insuperables Marca Propia
Gran Consumo,Éxito Express,3331340,Pasta Conchas,93,GALLETAS Y HARINAS,4620,PASTAS COMUNES,80000,EKONO,MARCA PROPIA                                      ,Insuperables Marca Propia
Gran Consumo,Éxito Express,3331344,Pasta Spaghetti,93,GALLETAS Y HARINAS,4620,PASTAS COMUNES,80000,EKONO,MARCA PROPIA                                      ,Insuperables Marca Propia
Gran Consumo,Éxito Express,3331345,Pasta Fideos,93,GALLETAS Y HARINAS,4620,PASTAS COMUNES,80000,EKONO,MARCA PROPIA                                      ,Insuperables Marca Propia
Gran Consumo,Éxito Express,3111953,Detergente Bicarbonato/Vinagre,97,CUIDADO ROPA,1021,DETERGENTES CONVENCIONALES,20000,EXITO MARCA PROPIA,MARCA PROPIA                                      ,Insuperables Marca Propia
Gran Consumo,Éxito Express,3331338,Pasta Fideos,93,GALLETAS Y HARINAS,4620,PASTAS COMUNES,80000,EKONO,MARCA PROPIA                                      ,Insuperables Marca Propia
Gran Consumo,Éxito Express,3331339,Pasta Conchas,93,GALLETAS Y HARINAS,4620,PASTAS COMUNES,80000,EKONO,MARCA PROPIA                                      ,Insuperables Marca Propia
Gran Consumo,Éxito Express,3331341,Pasta Macarrones,93,GALLETAS Y HARINAS,4620,PASTAS COMUNES,80000,EKONO,MARCA PROPIA                                      ,Insuperables Marca Propia
Gran Consumo,Éxito Express,3331342,Pasta Spaghetti,93,GALLETAS Y HARINAS,4620,PASTAS COMUNES,80000,EKONO,MARCA PROPIA                                      ,Insuperables Marca Propia
Gran Consumo,Éxito Express,3331343,Pasta Fideos,93,GALLETAS Y HARINAS,4620,PASTAS COMUNES,80000,EKONO,MARCA PROPIA                                      ,Insuperables Marca Propia
Gran Consumo,Éxito Express,3331346,Pasta Spaghetti,93,GALLETAS Y HARINAS,4620,PASTAS COMUNES,80000,EKONO,MARCA PROPIA                                      ,Insuperables Marca Propia
Gran Consumo,Éxito Express,3178712,Papel higiénico x 12 rollos,67,PAPELES Y ABSORBENTES,8020,PAPEL HIGIENICO RENDIDOR,20000,EXITO MARCA PROPIA,MARCA PROPIA                                      ,Insuperables Marca Propia
Gran Consumo,Éxito Express,3226414,Blanqueador en Gel,405,LIMPIADORES E IMPLEMENTOS ASEO,830,BLANQUEADOR SIN FRAGANCIA,42192,GREEN CHOICE GENERATION,MARCA EXCLUSIVA                                   ,Insuperables Marca Propia
Gran Consumo,Éxito Express,3511376,Jabon Doy Pack Avena Miel,406,CUIDADO CORPORAL,1230,JABON LIQUIDOS,14401,PERSONAL CHOICE MARCA EXCLUSIV,MARCA EXCLUSIVA                                   ,Insuperables Marca Propia
Gran Consumo,Éxito Express,3511377,Jabon Doy Pack Pomegran Mango,406,CUIDADO CORPORAL,1230,JABON LIQUIDOS,14401,PERSONAL CHOICE MARCA EXCLUSIV,MARCA EXCLUSIVA                                   ,Insuperables Marca Propia
Gran Consumo,Éxito Express,3118050,Alimento Para Gatos,401,MASCOTAS,840,ALIMENTOS GATOS,33444,PUK?,MARCA PROPIA                                      ,Insuperables Marca Propia
Gran Consumo,Éxito Express,3131929,Alimento Para Gatos,401,MASCOTAS,840,ALIMENTOS GATOS,33444,PUK?,MARCA PROPIA                                      ,Insuperables Marca Propia
Gran Consumo,Éxito Express,3289994,Alimento Perro Cachorro,401,MASCOTAS,820,ALIMENTOS PERROS,33444,PUK?,MARCA PROPIA                                      ,Insuperables Marca Propia
Gran Consumo,Éxito Express,3299412,Alimento Perro Adulto,401,MASCOTAS,820,ALIMENTOS PERROS,33444,PUK?,MARCA PROPIA                                      ,Insuperables Marca Propia
Gran Consumo,Éxito Express,3641982,Alimento Perro Adulto,401,MASCOTAS,820,ALIMENTOS PERROS,33444,PUK?,MARCA PROPIA                                      ,Insuperables Marca Propia
Gran Consumo,Éxito Express,3635120,Locion Hidratante Corporal,406,CUIDADO CORPORAL,1310,CREMAS HUMECTANTES,24674,AMPM PLUS,MARCA PROPIA                                      ,Insuperables Marca Propia
Gran Consumo,Éxito Express,3629361,Suavizante Floral,97,CUIDADO ROPA,1210,SUAVIZANTES REGULAR,20000,EXITO MARCA PROPIA,MARCA PROPIA                                      ,Insuperables Marca Propia
Gran Consumo,Éxito Express,3629362,Detergente Liquido,97,CUIDADO ROPA,1011,DETERGENTES LIQUIDOS,20000,EXITO MARCA PROPIA,MARCA PROPIA                                      ,Insuperables Marca Propia
Gran Consumo,Éxito Express,857637,Toalla Higien Delgada Con Alas,67,PAPELES Y ABSORBENTES,7020,TOALLAS HIGIENICAS,80000,EKONO,MARCA PROPIA                                      ,Insuperables Marca Propia
Gran Consumo,Éxito Express,439586,Toalla Delgada Con Alas Tela,67,PAPELES Y ABSORBENTES,7020,TOALLAS HIGIENICAS,80000,EKONO,MARCA PROPIA                                      ,Insuperables Marca Propia
Gran Consumo,Éxito Express,3026388,Toalla Higienica Nocturna,67,PAPELES Y ABSORBENTES,7020,TOALLAS HIGIENICAS,80000,EKONO,MARCA PROPIA                                      ,Insuperables Marca Propia
Gran Consumo,Éxito Express,3032765,Toallas Higienicas Malla,67,PAPELES Y ABSORBENTES,7020,TOALLAS HIGIENICAS,80000,EKONO,MARCA PROPIA                                      ,Insuperables Marca Propia
Gran Consumo,Éxito Express,3032766,Toallas Higienicas Malla,67,PAPELES Y ABSORBENTES,7020,TOALLAS HIGIENICAS,80000,EKONO,MARCA PROPIA                                      ,Insuperables Marca Propia
Gran Consumo,Éxito Express,3454320,Chocolate Tradicional,92,BEBIDAS CALIENT/Y ALMT.NATURIS,6020,CHOCOLATES DULCES,80000,EKONO,MARCA PROPIA                                      ,Insuperables Marca Propia
Gran Consumo,Éxito Express,3488624,Shampoo Hydra,96,CUIDADO CAPILAR Y ACCESORIOS,1310,SHAMPOO 1 EN 1,14401,PERSONAL CHOICE MARCA EXCLUSIV,MARCA EXCLUSIVA                                   ,Insuperables Marca Propia
Gran Consumo,Éxito Express,3488625,Shampoo Cuidado Completo,96,CUIDADO CAPILAR Y ACCESORIOS,1310,SHAMPOO 1 EN 1,14401,PERSONAL CHOICE MARCA EXCLUSIV,MARCA EXCLUSIVA                                   ,Insuperables Marca Propia
Gran Consumo,Éxito Express,3488626,Shampoo Regeneracion Diaria,96,CUIDADO CAPILAR Y ACCESORIOS,1310,SHAMPOO 1 EN 1,14401,PERSONAL CHOICE MARCA EXCLUSIV,MARCA EXCLUSIVA                                   ,Insuperables Marca Propia
Gran Consumo,Éxito Express,3330631,Aceite de Oliva Extra Virgen,403,ACEITES COMESTIBLES,7815,ACEITE OLIVA,36937,CARULLA,MARCA PROPIA                                      ,Insuperables Marca Propia
Gran Consumo,Éxito Express,3549008,Papel Higienico,67,PAPELES Y ABSORBENTES,8020,PAPEL HIGIENICO RENDIDOR,20000,EXITO MARCA PROPIA,MARCA PROPIA                                      ,Insuperables Marca Propia
Gran Consumo,Éxito Express,3640363,Papel Higienico x24 Rollos,67,PAPELES Y ABSORBENTES,8020,PAPEL HIGIENICO RENDIDOR,36937,CARULLA,MARCA PROPIA                                      ,Insuperables Marca Propia
Gran Consumo,Éxito Express,3670169,Limpiapisos Lavanda,405,LIMPIADORES E IMPLEMENTOS ASEO,1910,LIMPIAPISOS AROMAT DESINFEC,24666,T/L/D TODOS LOS DIAS,MARCA PROPIA                                      ,Insuperables Marca Propia
Gran Consumo,Éxito Express,3685676,Crema Lavaloza Limon,405,LIMPIADORES E IMPLEMENTOS ASEO,4510,LAVALOZA CREMAS/GEL,80000,EKONO,MARCA PROPIA                                      ,Insuperables Marca Propia
Gran Consumo,Éxito Express,3330628,Aceite de Oliva Extra Virgen,403,ACEITES COMESTIBLES,7815,ACEITE OLIVA,36937,CARULLA,MARCA PROPIA                                      ,Insuperables Marca Propia
Gran Consumo,Éxito Express,3330634,Aceite de Oliva Extravirgen,403,ACEITES COMESTIBLES,7815,ACEITE OLIVA,20000,EXITO MARCA PROPIA,MARCA PROPIA                                      ,Insuperables Marca Propia
Gran Consumo,Éxito Express,958531,Cafe Molido,92,BEBIDAS CALIENT/Y ALMT.NATURIS,5610,CAFE MOLIDO,80000,EKONO,MARCA PROPIA                                      ,Insuperables Marca Propia
Gran Consumo,Éxito Express,3611606,Lomo Atún En Agua X4 Unds,94,ENLATADOS,2110,ATUNES EN AGUA,20000,EXITO MARCA PROPIA,MARCA PROPIA                                      ,Insuperables Marca Propia
Gran Consumo,Éxito Express,216153,Agua Sin Gas,63,BEBIDAS LIQUIDAS NO ALCOHOLICA,6710,AGUA NORMAL,20000,EXITO MARCA PROPIA,MARCA PROPIA                                      ,Insuperables Marca Propia
Gran Consumo,Éxito Express,975923,Agua Sin Gas,63,BEBIDAS LIQUIDAS NO ALCOHOLICA,6710,AGUA NORMAL,36937,CARULLA,MARCA PROPIA                                      ,Insuperables Marca Propia
Gran Consumo,Éxito Express,1512413,Agua Sin Gas,63,BEBIDAS LIQUIDAS NO ALCOHOLICA,6710,AGUA NORMAL,17798,FRESCAMPO,MARCA PROPIA                                      ,Insuperables Marca Propia
Gran Consumo,Éxito Express,3330624,Aceite de Oliva Virgen,403,ACEITES COMESTIBLES,7815,ACEITE OLIVA,36937,CARULLA,MARCA PROPIA                                      ,Insuperables Marca Propia
Gran Consumo,Éxito Express,3519269,Jabón Tocador Aloe Vera,406,CUIDADO CORPORAL,1250,JABON LARGA DURACION ECONOMICO,80000,EKONO,MARCA PROPIA                                      ,Insuperables Marca Propia
Gran Consumo,Éxito Express,3519270,Jabón Tocador Fresa,406,CUIDADO CORPORAL,1250,JABON LARGA DURACION ECONOMICO,80000,EKONO,MARCA PROPIA                                      ,Insuperables Marca Propia
Gran Consumo,Éxito Express,3519271,Jabón Tocador Mandarina,406,CUIDADO CORPORAL,1250,JABON LARGA DURACION ECONOMICO,80000,EKONO,MARCA PROPIA                                      ,Insuperables Marca Propia
Gran Consumo,Éxito Express,3330626,Aceite de Oliva Virgen,403,ACEITES COMESTIBLES,7815,ACEITE OLIVA,17798,FRESCAMPO,MARCA PROPIA                                      ,Insuperables Marca Propia
Gran Consumo,Éxito Express,3394671,Aceite Vegetal,403,ACEITES COMESTIBLES,7820,ACEITES MEZCLAS,17798,FRESCAMPO,MARCA PROPIA                                      ,Insuperables Marca Propia
Gran Consumo,Éxito Express,3359775,Matequilla Ghee,403,ACEITES COMESTIBLES,7840,OTROS ACEITES,50000,TAEQ,MARCA PROPIA                                      ,Insuperables Marca Propia
Gran Consumo,Éxito Express,3611605,Lomo Atún Aceite Vegetal X4 Un,94,ENLATADOS,2120,ATUNES EN ACEITE,20000,EXITO MARCA PROPIA,MARCA PROPIA                                      ,Insuperables Marca Propia
Gran Consumo,Éxito Express,3676126,Lomo Atun En Aceite Vegetal x,94,ENLATADOS,2120,ATUNES EN ACEITE,36937,CARULLA,MARCA PROPIA                                      ,Insuperables Marca Propia
Gran Consumo,Éxito Express,3676127,Lomo Atun En Agua x 4 Unds,94,ENLATADOS,2110,ATUNES EN AGUA,36937,CARULLA,MARCA PROPIA                                      ,Insuperables Marca Propia
Gran Consumo,Éxito Express,3709524,Detergente En Polvo Floral,97,CUIDADO ROPA,1021,DETERGENTES CONVENCIONALES,80000,EKONO,MARCA PROPIA                                      ,Insuperables Marca Propia
Gran Consumo,Éxito Express,3709525,Detergente En Polvo Limon,97,CUIDADO ROPA,1021,DETERGENTES CONVENCIONALES,80000,EKONO,MARCA PROPIA                                      ,Insuperables Marca Propia
Gran Consumo,Éxito Express,3641951,Gelatina Fresa-Uva-Fruto Rojos,69,MEZCLAS Y BEBIDAS EN POLVO,8710,GELATINA NORMAL,17798,FRESCAMPO,MARCA PROPIA                                      ,Insuperables Marca Propia
Gran Consumo,Éxito Express,3641952,Gelatina Piña-Limón-Mandarina,69,MEZCLAS Y BEBIDAS EN POLVO,8710,GELATINA NORMAL,17798,FRESCAMPO,MARCA PROPIA                                      ,Insuperables Marca Propia
Gran Consumo,Éxito Express,3711919,Quitamanchas En Polvo Primaver,97,CUIDADO ROPA,710,DESMANCHADORES POLVO,24666,T/L/D TODOS LOS DIAS,MARCA PROPIA                                      ,Insuperables Marca Propia
Gran Consumo,Éxito Express,3330625,Aceite de Oliva Suave Sabor,403,ACEITES COMESTIBLES,7815,ACEITE OLIVA,20000,EXITO MARCA PROPIA,MARCA PROPIA                                      ,Insuperables Marca Propia
Gran Consumo,Éxito Express,3330629,Aceite de Oliva Virgen,403,ACEITES COMESTIBLES,7815,ACEITE OLIVA,17798,FRESCAMPO,MARCA PROPIA                                      ,Insuperables Marca Propia
Gran Consumo,Éxito Express,3330632,Aceite De Oliva Virgen Extra,403,ACEITES COMESTIBLES,7815,ACEITE OLIVA,17798,FRESCAMPO,MARCA PROPIA                                      ,Insuperables Marca Propia
Gran Consumo,Éxito Express,3330633,Aceite de Oliva Virgen,403,ACEITES COMESTIBLES,7815,ACEITE OLIVA,36937,CARULLA,MARCA PROPIA                                      ,Insuperables Marca Propia
Gran Consumo,Éxito Express,3717000,Arena Sanitaria Para Gatos,401,MASCOTAS,1435,ARENAS Y TAPETES,33444,PUK?,MARCA PROPIA                                      ,Insuperables Marca Propia
Gran Consumo,Éxito Express,3694827,Suero Costeño Doypack,83,DERIVADOS LACTEOS,2555,ESPARCIBLES,17798,FRESCAMPO,MARCA PROPIA                                      ,Insuperables Marca Propia
Gran Consumo,Éxito Express,1299743,AGUA PURA SIN GAS,63,BEBIDAS LIQUIDAS NO ALCOHOLICA,6710,AGUA NORMAL,17798,FRESCAMPO,MARCA PROPIA                                      ,Insuperables Marca Propia
Gran Consumo,Éxito Express,1299744,Agua Pura Si Gas,63,BEBIDAS LIQUIDAS NO ALCOHOLICA,6710,AGUA NORMAL,17798,FRESCAMPO,MARCA PROPIA                                      ,Insuperables Marca Propia
Gran Consumo,Éxito Express,3007968,Detergente en Polvo Oxigeno,97,CUIDADO ROPA,1021,DETERGENTES CONVENCIONALES,20000,EXITO MARCA PROPIA,MARCA PROPIA                                      ,Insuperables Marca Propia
Gran Consumo,Éxito Express,8599,Cafe Molido,92,BEBIDAS CALIENT/Y ALMT.NATURIS,5610,CAFE MOLIDO,80000,EKONO,MARCA PROPIA                                      ,Insuperables Marca Propia
Gran Consumo,Éxito Express,251157,Cafe Instantaneo Pulverizado,92,BEBIDAS CALIENT/Y ALMT.NATURIS,5620,CAFE INSTANTANEO,20000,EXITO MARCA PROPIA,MARCA PROPIA                                      ,Insuperables Marca Propia
Gran Consumo,Éxito Express,253883,Cafe Instantaneo Granulado,92,BEBIDAS CALIENT/Y ALMT.NATURIS,5620,CAFE INSTANTANEO,20000,EXITO MARCA PROPIA,MARCA PROPIA                                      ,Insuperables Marca Propia
Gran Consumo,Éxito Express,3023781,Talco antibacterial,406,CUIDADO CORPORAL,2430,TALCO POLVO HOMBRE,24674,AMPM PLUS,MARCA PROPIA                                      ,Insuperables Marca Propia
Gran Consumo,Éxito Express,3382829,Agua De Linos,404,DESECHABLES Y AEROSOLES,4080,AROMACOLOGIA?ESENCIAS Y AROMAS,24666,T/L/D TODOS LOS DIAS,MARCA PROPIA                                      ,Insuperables Marca Propia
Gran Consumo,Éxito Express,929943,Cafe Instantaneo Descafeinado,92,BEBIDAS CALIENT/Y ALMT.NATURIS,5625,CAFE INSTANTANEO DESCAFEINADO,36937,CARULLA,MARCA PROPIA                                      ,Insuperables Marca Propia
Gran Consumo,Éxito Express,415569,Lavaloza Crema Limon,405,LIMPIADORES E IMPLEMENTOS ASEO,4510,LAVALOZA CREMAS/GEL,845,SURTIMAX,MARCA PROPIA                                      ,Insuperables Marca Propia
Gran Consumo,Éxito Express,1006098,LAVALOZA CREMA LIMON,405,LIMPIADORES E IMPLEMENTOS ASEO,4510,LAVALOZA CREMAS/GEL,20000,EXITO MARCA PROPIA,MARCA PROPIA                                      ,Insuperables Marca Propia
Gran Consumo,Éxito Express,1006100,LAVALOZA CREMA ALOE VERA,405,LIMPIADORES E IMPLEMENTOS ASEO,4510,LAVALOZA CREMAS/GEL,20000,EXITO MARCA PROPIA,MARCA PROPIA                                      ,Insuperables Marca Propia
Gran Consumo,Éxito Express,1210171,LAVALOZA CREMA LIMON,405,LIMPIADORES E IMPLEMENTOS ASEO,4510,LAVALOZA CREMAS/GEL,36937,CARULLA,MARCA PROPIA                                      ,Insuperables Marca Propia
Gran Consumo,Éxito Express,1210172,LAVALOZA CREMA TORONJA,405,LIMPIADORES E IMPLEMENTOS ASEO,4510,LAVALOZA CREMAS/GEL,36937,CARULLA,MARCA PROPIA                                      ,Insuperables Marca Propia
Gran Consumo,Éxito Express,1210173,Lavaloza Crema Avena,405,LIMPIADORES E IMPLEMENTOS ASEO,4510,LAVALOZA CREMAS/GEL,36937,CARULLA,MARCA PROPIA                                      ,Insuperables Marca Propia
Gran Consumo,Éxito Express,1210174,LAVALOZA CREMA ALOE VERA,405,LIMPIADORES E IMPLEMENTOS ASEO,4510,LAVALOZA CREMAS/GEL,36937,CARULLA,MARCA PROPIA                                      ,Insuperables Marca Propia
Gran Consumo,Éxito Express,1763125,Crema Lavaloza Tld Limon,405,LIMPIADORES E IMPLEMENTOS ASEO,4510,LAVALOZA CREMAS/GEL,24666,T/L/D TODOS LOS DIAS,MARCA PROPIA                                      ,Insuperables Marca Propia
Gran Consumo,Éxito Express,1763126,Crema Lavaloza Aloe,405,LIMPIADORES E IMPLEMENTOS ASEO,4510,LAVALOZA CREMAS/GEL,24666,T/L/D TODOS LOS DIAS,MARCA PROPIA                                      ,Insuperables Marca Propia
Gran Consumo,Éxito Express,3490998,Lavaloza Tripack Oferta,405,LIMPIADORES E IMPLEMENTOS ASEO,4510,LAVALOZA CREMAS/GEL,845,SURTIMAX,MARCA PROPIA                                      ,Insuperables Marca Propia
Gran Consumo,Éxito Express,3705672,Esparcible En Barra,83,DERIVADOS LACTEOS,2042,MARGARINA O ESPARCIBLE COCINAR,80000,EKONO,MARCA PROPIA                                      ,Insuperables Marca Propia
Gran Consumo,Éxito Express,3725017,Crema kids Con Fluor,98,CUIDADO ORAL Y AFEITADA,740,CREMA DENTAL NINOS,24674,AMPM PLUS,MARCA PROPIA                                      ,Insuperables Marca Propia
Gran Consumo,Éxito Express,3264841,Papel Higienico Premium 3HX4,67,PAPELES Y ABSORBENTES,8010,PAPEL HIGIENICO PREMIUM,20000,EXITO MARCA PROPIA,MARCA PROPIA                                      ,Insuperables Marca Propia
Gran Consumo,Éxito Express,3054277,Frijol Cargamanto Rojo,90,GRANOS,2020,FRIJOL CARGAMANTO,80000,EKONO,MARCA PROPIA                                      ,Insuperables Marca Propia
Gran Consumo,Éxito Express,3548051,Toalla De Cocina,67,PAPELES Y ABSORBENTES,2020,TOALLAS COCINA DESECHABLE,24666,T/L/D TODOS LOS DIAS,MARCA PROPIA                                      ,Insuperables Marca Propia
Gran Consumo,Éxito Express,3638944,Servilletas Blancas Cortadas,67,PAPELES Y ABSORBENTES,7540,SERVILLETAS PARTIDAS,80000,EKONO,MARCA PROPIA                                      ,Insuperables Marca Propia
Gran Consumo,Éxito Express,3739284,Cerveza Lata Sixpac,95,LICORES Y CIGARRILLOS,410,CERVEZAS NACIONALES,1437,COSTENA,MARCA NACIONAL                                    ,Insuperables Marca Propia
Gran Consumo,Éxito Express,3473385,Servilleta Doblada,67,PAPELES Y ABSORBENTES,7510,SERVILLETAS NORMALES,24666,T/L/D TODOS LOS DIAS,MARCA PROPIA                                      ,Insuperables Marca Propia
Gran Consumo,Éxito Express,3287804,Gelatina sin sabor,69,MEZCLAS Y BEBIDAS EN POLVO,8720,GELATINA DIETETICA Y SIN SABOR,17798,FRESCAMPO,MARCA PROPIA                                      ,Insuperables Marca Propia
Gran Consumo,Éxito Express,3750918,Leche Entera UHT Paq Maxi Litr,83,DERIVADOS LACTEOS,1385,LECHE LIQUIDA UHT BOLSA,17798,FRESCAMPO,MARCA PROPIA                                      ,Insuperables Marca Propia
Gran Consumo,Éxito Express,3750919,Leche Entera UHT Bolsa MaxiLit,83,DERIVADOS LACTEOS,1385,LECHE LIQUIDA UHT BOLSA,17798,FRESCAMPO,MARCA PROPIA                                      ,Insuperables Marca Propia
Gran Consumo,Éxito Express,3750920,Leche Entera UHT Paquete,83,DERIVADOS LACTEOS,1385,LECHE LIQUIDA UHT BOLSA,17798,FRESCAMPO,MARCA PROPIA                                      ,Insuperables Marca Propia
Gran Consumo,Éxito Express,3750921,Leche Entera UHT Bolsa,83,DERIVADOS LACTEOS,1385,LECHE LIQUIDA UHT BOLSA,17798,FRESCAMPO,MARCA PROPIA                                      ,Insuperables Marca Propia
Gran Consumo,Éxito Express,3750922,Leche Semid Deslac UHT Paquete,83,DERIVADOS LACTEOS,1385,LECHE LIQUIDA UHT BOLSA,17798,FRESCAMPO,MARCA PROPIA                                      ,Insuperables Marca Propia
Gran Consumo,Éxito Express,3750923,Leche Semid Deslac UHT Bolsa,83,DERIVADOS LACTEOS,1385,LECHE LIQUIDA UHT BOLSA,17798,FRESCAMPO,MARCA PROPIA                                      ,Insuperables Marca Propia
Gran Consumo,Éxito Express,3616376,Serum Facial Antiedad,64,COSMETICOS,1220,ANTIEDAD,24674,AMPM PLUS,MARCA PROPIA                                      ,Insuperables Marca Propia
Gran Consumo,Éxito Express,3756865,Papel Higiénico Tri Hoja 12 Ro,67,PAPELES Y ABSORBENTES,8020,PAPEL HIGIENICO RENDIDOR,80000,EKONO,MARCA PROPIA                                      ,Insuperables Marca Propia
Gran Consumo,Éxito Express,3756866,Papel Higiénico Tri Hoja 2 Rol,67,PAPELES Y ABSORBENTES,8020,PAPEL HIGIENICO RENDIDOR,80000,EKONO,MARCA PROPIA                                      ,Insuperables Marca Propia
Gran Consumo,Éxito Express,3756867,Papel Higiénico Tri Hoja 24 Ro,67,PAPELES Y ABSORBENTES,8020,PAPEL HIGIENICO RENDIDOR,80000,EKONO,MARCA PROPIA                                      ,Insuperables Marca Propia
Gran Consumo,Éxito Express,3756868,Papel Higiénico Tri Hoja 4 Rol,67,PAPELES Y ABSORBENTES,8020,PAPEL HIGIENICO RENDIDOR,80000,EKONO,MARCA PROPIA                                      ,Insuperables Marca Propia
Gran Consumo,Éxito Express,3332145,Agua Micelar,64,COSMETICOS,1210,LIMPIADORA,24674,AMPM PLUS,MARCA PROPIA                                      ,Insuperables Marca Propia
Gran Consumo,Éxito Express,3756503,Leche Semid Deslact En Caja,83,DERIVADOS LACTEOS,1390,LECHE LIQUIDA UHT CAJA,17798,FRESCAMPO,MARCA PROPIA                                      ,Insuperables Marca Propia
Gran Consumo,Éxito Express,3756504,Leche Entera En Caja,83,DERIVADOS LACTEOS,1390,LECHE LIQUIDA UHT CAJA,17798,FRESCAMPO,MARCA PROPIA                                      ,Insuperables Marca Propia
Gran Consumo,Éxito Express,3276483,Atun Lomo Aceite Tripack,94,ENLATADOS,2120,ATUNES EN ACEITE,17798,FRESCAMPO,MARCA PROPIA                                      ,Insuperables Marca Propia
Gran Consumo,Éxito Express,3534190,Arroz Blanco,90,GRANOS,1020,ARROZ BLANCO,80000,EKONO,MARCA PROPIA                                      ,Insuperables Marca Propia
Gran Consumo,Éxito Express,3181787,Arroz Blanco Arroba,90,GRANOS,1020,ARROZ BLANCO,20000,EXITO MARCA PROPIA,MARCA PROPIA                                      ,Insuperables Marca Propia
Gran Consumo,Éxito Express,3181788,Arroz Blanco Arroba,90,GRANOS,1020,ARROZ BLANCO,17798,FRESCAMPO,MARCA PROPIA                                      ,Insuperables Marca Propia
Gran Consumo,Éxito Express,3181789,Arroz Blanco,90,GRANOS,1020,ARROZ BLANCO,20000,EXITO MARCA PROPIA,MARCA PROPIA                                      ,Insuperables Marca Propia
Gran Consumo,Éxito Express,3181790,Arroz Blanco,90,GRANOS,1020,ARROZ BLANCO,17798,FRESCAMPO,MARCA PROPIA                                      ,Insuperables Marca Propia
Gran Consumo,Éxito Express,3181791,Arroz Blanco Arroba,90,GRANOS,1020,ARROZ BLANCO,80000,EKONO,MARCA PROPIA                                      ,Insuperables Marca Propia
Gran Consumo,Éxito Express,3181792,Arroz Blanco,90,GRANOS,1020,ARROZ BLANCO,80000,EKONO,MARCA PROPIA                                      ,Insuperables Marca Propia
Gran Consumo,Éxito Express,3534187,Arroz Blanco,90,GRANOS,1020,ARROZ BLANCO,20000,EXITO MARCA PROPIA,MARCA PROPIA                                      ,Insuperables Marca Propia
Gran Consumo,Éxito Express,3534188,Arroz Blanco,90,GRANOS,1020,ARROZ BLANCO,36937,CARULLA,MARCA PROPIA                                      ,Insuperables Marca Propia
Gran Consumo,Éxito Express,3181785,Arroz Blanco,90,GRANOS,1020,ARROZ BLANCO,36937,CARULLA,MARCA PROPIA                                      ,Insuperables Marca Propia
Gran Consumo,Éxito Express,3181780,Arroz Blanco,90,GRANOS,1020,ARROZ BLANCO,20000,EXITO MARCA PROPIA,MARCA PROPIA                                      ,Insuperables Marca Propia
Gran Consumo,Éxito Express,3181784,Arroz Blanco,90,GRANOS,1020,ARROZ BLANCO,17798,FRESCAMPO,MARCA PROPIA                                      ,Insuperables Marca Propia
Gran Consumo,Éxito Express,3181779,Arroz Blanco,90,GRANOS,1020,ARROZ BLANCO,20000,EXITO MARCA PROPIA,MARCA PROPIA                                      ,Insuperables Marca Propia
Gran Consumo,Éxito Express,3757389,Pañitos Humedos Para Mascotas,401,MASCOTAS,1431,IMPLEMENTOS PARA ASEO MASCOTAS,33444,PUK?,MARCA PROPIA                                      ,Insuperables Marca Propia
Gran Consumo,Éxito Express,1720710,VELON,404,DESECHABLES Y AEROSOLES,6620,VELONES Y VELADORAS,24666,T/L/D TODOS LOS DIAS,MARCA PROPIA                                      ,Insuperables Marca Propia
Gran Consumo,Éxito Express,3776302,Café instantáneo en polvo,92,BEBIDAS CALIENT/Y ALMT.NATURIS,5620,CAFE INSTANTANEO,17798,FRESCAMPO,MARCA PROPIA                                      ,Insuperables Marca Propia
Gran Consumo,Éxito Express,3776303,Café descafeinado,92,BEBIDAS CALIENT/Y ALMT.NATURIS,5625,CAFE INSTANTANEO DESCAFEINADO,17798,FRESCAMPO,MARCA PROPIA                                      ,Insuperables Marca Propia
Gran Consumo,Éxito Express,3776304,Café instantáneo granualdo,92,BEBIDAS CALIENT/Y ALMT.NATURIS,5620,CAFE INSTANTANEO,17798,FRESCAMPO,MARCA PROPIA                                      ,Insuperables Marca Propia
Gran Consumo,Éxito Express,3776305,Café instantáneo en polvo,92,BEBIDAS CALIENT/Y ALMT.NATURIS,5620,CAFE INSTANTANEO,17798,FRESCAMPO,MARCA PROPIA                                      ,Insuperables Marca Propia
Gran Consumo,Éxito Express,3776306,Café instantáneo granulado,92,BEBIDAS CALIENT/Y ALMT.NATURIS,5620,CAFE INSTANTANEO,17798,FRESCAMPO,MARCA PROPIA                                      ,Insuperables Marca Propia
Gran Consumo,Éxito Express,1602699,CEPILLO INFANTIL UNIDAD,98,CUIDADO ORAL Y AFEITADA,1020,CEPILLO DENTAL NINOS,24674,AMPM PLUS,MARCA PROPIA                                      ,Insuperables Marca Propia
Gran Consumo,Éxito Express,1602700,Cepillo Dental Adulto,98,CUIDADO ORAL Y AFEITADA,1010,CEPILLO DENTAL ADULTOS,24674,AMPM PLUS,MARCA PROPIA                                      ,Insuperables Marca Propia
Gran Consumo,Éxito Express,3003156,ACONDICIONADOR TODO CABELLO,96,CUIDADO CAPILAR Y ACCESORIOS,1420,BALSAMOS ACONDICIONADORES,24674,AMPM PLUS,MARCA PROPIA                                      ,Insuperables Marca Propia
Gran Consumo,Éxito Express,3008973,Bolsa Basura Apartamento 51x76,404,DESECHABLES Y AEROSOLES,5020,BOLSA BASURA APARTAMENTO,24666,T/L/D TODOS LOS DIAS,MARCA PROPIA                                      ,Insuperables Marca Propia
Gran Consumo,Éxito Express,3008975,Bolsa Basura Industrial 65x100,404,DESECHABLES Y AEROSOLES,5040,BOLSA BASURA INDUSTRIAL,24666,T/L/D TODOS LOS DIAS,MARCA PROPIA                                      ,Insuperables Marca Propia
Gran Consumo,Éxito Express,3008977,Bolsa Basura residencial 65x80,404,DESECHABLES Y AEROSOLES,5030,BOLSA BASURA RESIDENCIAL,24666,T/L/D TODOS LOS DIAS,MARCA PROPIA                                      ,Insuperables Marca Propia
Gran Consumo,Éxito Express,3023780,Talco antibacterial,406,CUIDADO CORPORAL,2430,TALCO POLVO HOMBRE,24674,AMPM PLUS,MARCA PROPIA                                      ,Insuperables Marca Propia
Gran Consumo,Éxito Express,3065535,Protector Solar SPF 50,406,CUIDADO CORPORAL,4020,BLOQUEADORES,24674,AMPM PLUS,MARCA PROPIA                                      ,Insuperables Marca Propia
Gran Consumo,Éxito Express,3070894,Aceite de Bebe,406,CUIDADO CORPORAL,3710,ACEITES NORMALES,24674,AMPM PLUS,MARCA PROPIA                                      ,Insuperables Marca Propia
Gran Consumo,Éxito Express,3118046,Jabon Barra Liquido Azul,97,CUIDADO ROPA,940,JABON DE LAVAR BARRA LIQUIDO,24666,T/L/D TODOS LOS DIAS,MARCA PROPIA                                      ,Insuperables Marca Propia
Gran Consumo,Éxito Express,3118047,Jabon Barra Liquido Coco,97,CUIDADO ROPA,940,JABON DE LAVAR BARRA LIQUIDO,24666,T/L/D TODOS LOS DIAS,MARCA PROPIA                                      ,Insuperables Marca Propia
Gran Consumo,Éxito Express,3462712,Detergente Liquido Oscura,97,CUIDADO ROPA,1011,DETERGENTES LIQUIDOS,20000,EXITO MARCA PROPIA,MARCA PROPIA                                      ,Insuperables Marca Propia
Gran Consumo,Éxito Express,3462713,Detergente Liquido Color,97,CUIDADO ROPA,1011,DETERGENTES LIQUIDOS,20000,EXITO MARCA PROPIA,MARCA PROPIA                                      ,Insuperables Marca Propia
Gran Consumo,Éxito Express,3600913,Pelicula Plastica,404,DESECHABLES Y AEROSOLES,3020,VINILO EMPAQUE,24666,T/L/D TODOS LOS DIAS,MARCA PROPIA                                      ,Insuperables Marca Propia
Gran Consumo,Éxito Express,3600914,Pelicula Plastica,404,DESECHABLES Y AEROSOLES,3020,VINILO EMPAQUE,24666,T/L/D TODOS LOS DIAS,MARCA PROPIA                                      ,Insuperables Marca Propia
Gran Consumo,Éxito Express,3705583,Jabon En Barra Liquido Bebe,97,CUIDADO ROPA,940,JABON DE LAVAR BARRA LIQUIDO,24666,T/L/D TODOS LOS DIAS,MARCA PROPIA                                      ,Insuperables Marca Propia
Gran Consumo,Éxito Express,3749226,Aceite De Oliva Virgen Extra,403,ACEITES COMESTIBLES,7815,ACEITE OLIVA,17798,FRESCAMPO,MARCA PROPIA                                      ,Insuperables Marca Propia
Gran Consumo,Éxito Express,3749227,Aceite De Oliva Virgen Extra,403,ACEITES COMESTIBLES,7815,ACEITE OLIVA,17798,FRESCAMPO,MARCA PROPIA                                      ,Insuperables Marca Propia
Gran Consumo,Éxito Express,3400651,Aceite de Girasol,403,ACEITES COMESTIBLES,7825,ACEITE GIRASOL,20000,EXITO MARCA PROPIA,MARCA PROPIA                                      ,Insuperables Marca Propia
Gran Consumo,Éxito Express,3786697,Snack Cremoso Gatos Atún,401,MASCOTAS,860,SNACKS,33444,PUK?,MARCA PROPIA                                      ,Insuperables Marca Propia
Gran Consumo,Éxito Express,3786698,Snack Cremoso Gatos Salmón,401,MASCOTAS,860,SNACKS,33444,PUK?,MARCA PROPIA                                      ,Insuperables Marca Propia
Gran Consumo,Éxito Express,3310406,Azúcar Morena,90,GRANOS,7130,AZUCAR MORENA,20000,EXITO MARCA PROPIA,MARCA PROPIA                                      ,Insuperables Marca Propia
Gran Consumo,Éxito Express,3310409,Azúcar Morena,90,GRANOS,7130,AZUCAR MORENA,17798,FRESCAMPO,MARCA PROPIA                                      ,Insuperables Marca Propia
Gran Consumo,Éxito Express,3310415,Azúcar Blanco Especial,90,GRANOS,7120,AZUCAR BLANCO ESPECIAL,17798,FRESCAMPO,MARCA PROPIA                                      ,Insuperables Marca Propia
Gran Consumo,Éxito Express,3778389,Papel Higienico Premium 3Hx12,67,PAPELES Y ABSORBENTES,8010,PAPEL HIGIENICO PREMIUM,80000,EKONO,MARCA PROPIA                                      ,Insuperables Marca Propia
Gran Consumo,Éxito Express,3778390,Papel Higienico Premium 3Hx18,67,PAPELES Y ABSORBENTES,8010,PAPEL HIGIENICO PREMIUM,80000,EKONO,MARCA PROPIA                                      ,Insuperables Marca Propia
Gran Consumo,Éxito Express,3778391,Papel Higienico Premium 3Hx4,67,PAPELES Y ABSORBENTES,8010,PAPEL HIGIENICO PREMIUM,80000,EKONO,MARCA PROPIA                                      ,Insuperables Marca Propia
Gran Consumo,Éxito Express,3788923,Conserva De Pescado En Salsa D,94,ENLATADOS,2735,OTROS PESCADOS,17798,FRESCAMPO,MARCA PROPIA                                      ,Insuperables Marca Propia
Gran Consumo,Éxito Express,3788924,Conserva De Pescado En Salsa D,94,ENLATADOS,2735,OTROS PESCADOS,17798,FRESCAMPO,MARCA PROPIA                                      ,Insuperables Marca Propia
Gran Consumo,Éxito Express,3804668,Atun Rallado En Aceite,94,ENLATADOS,2140,DESMENUZADO,80000,EKONO,MARCA PROPIA                                      ,Insuperables Marca Propia
Gran Consumo,Éxito Express,3804671,Lomitos De Atun En Aceite,94,ENLATADOS,2120,ATUNES EN ACEITE,17798,FRESCAMPO,MARCA PROPIA                                      ,Insuperables Marca Propia
Gran Consumo,Éxito Express,3804672,Lomitos De Atun En Agua,94,ENLATADOS,2110,ATUNES EN AGUA,17798,FRESCAMPO,MARCA PROPIA                                      ,Insuperables Marca Propia
Gran Consumo,Carulla Express,1001019,OF*LAVALOZA LIMON TRIPACK $ESP,405,LIMPIADORES E IMPLEMENTOS ASEO,4510,LAVALOZA CREMAS/GEL,20000,EXITO MARCA PROPIA,MARCA PROPIA                                      ,Insuperables Marca Propia
Gran Consumo,Carulla Express,1121545,Frijol Nima,90,GRANOS,2040,FRIJOL VARIEDAD,17798,FRESCAMPO,MARCA PROPIA                                      ,Insuperables Marca Propia
Gran Consumo,Carulla Express,1121546,Frijol Zaragoza,90,GRANOS,2040,FRIJOL VARIEDAD,17798,FRESCAMPO,MARCA PROPIA                                      ,Insuperables Marca Propia
Gran Consumo,Carulla Express,1121547,Lenteja,90,GRANOS,4030,LENTEJA,17798,FRESCAMPO,MARCA PROPIA                                      ,Insuperables Marca Propia
Gran Consumo,Carulla Express,1121592,Arveja Verde,90,GRANOS,4010,ARVEJA,17798,FRESCAMPO,MARCA PROPIA                                      ,Insuperables Marca Propia
Gran Consumo,Carulla Express,1121597,Frijol Caraota,90,GRANOS,2040,FRIJOL VARIEDAD,17798,FRESCAMPO,MARCA PROPIA                                      ,Insuperables Marca Propia
Gran Consumo,Carulla Express,1121603,Frijol Nima,90,GRANOS,2040,FRIJOL VARIEDAD,17798,FRESCAMPO,MARCA PROPIA                                      ,Insuperables Marca Propia
Gran Consumo,Carulla Express,1121605,Frijol Zaragoza,90,GRANOS,2040,FRIJOL VARIEDAD,17798,FRESCAMPO,MARCA PROPIA                                      ,Insuperables Marca Propia
Gran Consumo,Carulla Express,1121606,Lenteja,90,GRANOS,4030,LENTEJA,17798,FRESCAMPO,MARCA PROPIA                                      ,Insuperables Marca Propia
Gran Consumo,Carulla Express,1121609,Arveja Verde,90,GRANOS,4010,ARVEJA,17798,FRESCAMPO,MARCA PROPIA                                      ,Insuperables Marca Propia
Gran Consumo,Carulla Express,1121613,*Frijol Caraota,90,GRANOS,2040,FRIJOL VARIEDAD,17798,FRESCAMPO,MARCA PROPIA                                      ,Insuperables Marca Propia
Gran Consumo,Carulla Express,1165837,Maiz Pira,90,GRANOS,3040,MAIZ PIRA,17798,FRESCAMPO,MARCA PROPIA                                      ,Insuperables Marca Propia
Gran Consumo,Carulla Express,1165838,Maiz Blanco,90,GRANOS,3020,MAIZ BLANCO,17798,FRESCAMPO,MARCA PROPIA                                      ,Insuperables Marca Propia
Gran Consumo,Carulla Express,1165839,Maiz Amarillo,90,GRANOS,3040,MAIZ PIRA,17798,FRESCAMPO,MARCA PROPIA                                      ,Insuperables Marca Propia
Gran Consumo,Carulla Express,1165841,Maiz Pira,90,GRANOS,3040,MAIZ PIRA,17798,FRESCAMPO,MARCA PROPIA                                      ,Insuperables Marca Propia
Gran Consumo,Carulla Express,1165934,Maiz Trillado Bco,90,GRANOS,3020,MAIZ BLANCO,17798,FRESCAMPO,MARCA PROPIA                                      ,Insuperables Marca Propia
Gran Consumo,Carulla Express,1261875,Agua Sin Gas,63,BEBIDAS LIQUIDAS NO ALCOHOLICA,6710,AGUA NORMAL,36937,CARULLA,MARCA PROPIA                                      ,Insuperables Marca Propia
Gran Consumo,Carulla Express,1291292,Café Soluble Granulado,92,BEBIDAS CALIENT/Y ALMT.NATURIS,5620,CAFE INSTANTANEO,17798,FRESCAMPO,MARCA PROPIA                                      ,Insuperables Marca Propia
Gran Consumo,Carulla Express,1300462,TOALLITAS HUMEDAS X10 DE BEBE,67,PAPELES Y ABSORBENTES,8540,TOALLITAS HUMEDAS BABY OTROS U,14401,PERSONAL CHOICE MARCA EXCLUSIV,MARCA EXCLUSIVA                                   ,Insuperables Marca Propia
Gran Consumo,Carulla Express,1356712,Sangría,95,LICORES Y CIGARRILLOS,8010,APERITIVOS Y POUS/CAFE,23535,CRUZARES MARCA EXCLUSIVA,MARCA EXCLUSIVA                                   ,Insuperables Marca Propia
Gran Consumo,Carulla Express,1375498,Agua Pura Sin Gas,63,BEBIDAS LIQUIDAS NO ALCOHOLICA,6710,AGUA NORMAL,17798,FRESCAMPO,MARCA PROPIA                                      ,Insuperables Marca Propia
Gran Consumo,Carulla Express,138186,Plato Pequeño,404,DESECHABLES Y AEROSOLES,5520,PLATOS DESECHABLES,80000,EKONO,MARCA PROPIA                                      ,Insuperables Marca Propia
Gran Consumo,Carulla Express,144906,Servilleta Cortada,67,PAPELES Y ABSORBENTES,7540,SERVILLETAS PARTIDAS,80000,EKONO,MARCA PROPIA                                      ,Insuperables Marca Propia
Gran Consumo,Carulla Express,1488671,Cafe Soluble En Polvo,92,BEBIDAS CALIENT/Y ALMT.NATURIS,5620,CAFE INSTANTANEO,17798,FRESCAMPO,MARCA PROPIA                                      ,Insuperables Marca Propia
Gran Consumo,Carulla Express,1531094,Vino tinto cabernet sauvignon,95,LICORES Y CIGARRILLOS,811,VINO TINTOS MESA,19653,SIETE SOLES MARCA EXCLUSIVA,MARCA EXCLUSIVA                                   ,Insuperables Marca Propia
Gran Consumo,Carulla Express,1531095,VINO BLANCO SAUVIGNON RESERVA,95,LICORES Y CIGARRILLOS,821,VINO BLANCOS MESA,19653,SIETE SOLES MARCA EXCLUSIVA,MARCA EXCLUSIVA                                   ,Insuperables Marca Propia
Gran Consumo,Carulla Express,1531595,Shampoo Coco Y Leche,96,CUIDADO CAPILAR Y ACCESORIOS,1310,SHAMPOO 1 EN 1,36839,ALGABO MARCA EXCLUSIVA,MARCA EXCLUSIVA                                   ,Insuperables Marca Propia
Gran Consumo,Carulla Express,1531596,Shampoo Manzanilla y Magnolia,96,CUIDADO CAPILAR Y ACCESORIOS,1310,SHAMPOO 1 EN 1,36839,ALGABO MARCA EXCLUSIVA,MARCA EXCLUSIVA                                   ,Insuperables Marca Propia
Gran Consumo,Carulla Express,1531597,Shampoo Aguacate Y Argán,96,CUIDADO CAPILAR Y ACCESORIOS,1310,SHAMPOO 1 EN 1,36839,ALGABO MARCA EXCLUSIVA,MARCA EXCLUSIVA                                   ,Insuperables Marca Propia
Gran Consumo,Carulla Express,1570514,Cerveza x 6 Costeña,95,LICORES Y CIGARRILLOS,410,CERVEZAS NACIONALES,1437,COSTENA,MARCA NACIONAL                                    ,Insuperables Marca Propia
Gran Consumo,Carulla Express,1570515,Cerveza Lata,95,LICORES Y CIGARRILLOS,410,CERVEZAS NACIONALES,1437,COSTENA,MARCA NACIONAL                                    ,Insuperables Marca Propia
Gran Consumo,Carulla Express,1602696,Cepillo Dental 3 Unidades,98,CUIDADO ORAL Y AFEITADA,1010,CEPILLO DENTAL ADULTOS,24674,AMPM PLUS,MARCA PROPIA                                      ,Insuperables Marca Propia
Gran Consumo,Carulla Express,1603306,VINO LAMBRUSCO BLANCO,95,LICORES Y CIGARRILLOS,845,VINO ESPUMOSO Y CHAMPANA,29709,LA PIUMA MARCA EXCLUSIVA,MARCA EXCLUSIVA                                   ,Insuperables Marca Propia
Gran Consumo,Carulla Express,1603307,Vino Lambrusco Tinto,95,LICORES Y CIGARRILLOS,845,VINO ESPUMOSO Y CHAMPANA,29709,LA PIUMA MARCA EXCLUSIVA,MARCA EXCLUSIVA                                   ,Insuperables Marca Propia
Gran Consumo,Carulla Express,1652269,JABON AVENA CON GLICERINA 3UNS,406,CUIDADO CORPORAL,1221,JABON ANTIBACTERIALES/MEDICADO,24674,AMPM PLUS,MARCA PROPIA                                      ,Insuperables Marca Propia
Gran Consumo,Carulla Express,1678676,Canela Molida,402,SALSAS Y CONDIMENTOS,5810,CONDIMENTOS NATURALES GRANO,17798,FRESCAMPO,MARCA PROPIA                                      ,Insuperables Marca Propia
Gran Consumo,Carulla Express,1678677,PIMIENTA MOLIDA,402,SALSAS Y CONDIMENTOS,5810,CONDIMENTOS NATURALES GRANO,17798,FRESCAMPO,MARCA PROPIA                                      ,Insuperables Marca Propia
Gran Consumo,Carulla Express,1678679,Ajo Molida,402,SALSAS Y CONDIMENTOS,5810,CONDIMENTOS NATURALES GRANO,17798,FRESCAMPO,MARCA PROPIA                                      ,Insuperables Marca Propia
Gran Consumo,Carulla Express,1705880,DETERGENTE EN POLVO FLORAL,97,CUIDADO ROPA,1021,DETERGENTES CONVENCIONALES,80000,EKONO,MARCA PROPIA                                      ,Insuperables Marca Propia
Gran Consumo,Carulla Express,1705882,DETERGENTE EN POLVO FLORAL,97,CUIDADO ROPA,1021,DETERGENTES CONVENCIONALES,80000,EKONO,MARCA PROPIA                                      ,Insuperables Marca Propia
Gran Consumo,Carulla Express,1705937,DETERGENTE EN POLVO LIMON,97,CUIDADO ROPA,1021,DETERGENTES CONVENCIONALES,80000,EKONO,MARCA PROPIA                                      ,Insuperables Marca Propia
Gran Consumo,Carulla Express,1705986,DETERGENTE EN POLVO LIMON,97,CUIDADO ROPA,1021,DETERGENTES CONVENCIONALES,80000,EKONO,MARCA PROPIA                                      ,Insuperables Marca Propia
Gran Consumo,Carulla Express,1737627,Crema Dental Tripleaccion,98,CUIDADO ORAL Y AFEITADA,750,CREMA DENTAL TRIPLE ACCION,24674,AMPM PLUS,MARCA PROPIA                                      ,Insuperables Marca Propia
Gran Consumo,Carulla Express,1743103,Bebida de almendra sin azúcar,63,BEBIDAS LIQUIDAS NO ALCOHOLICA,8120,FRUTOS,50000,TAEQ,MARCA PROPIA                                      ,Insuperables Marca Propia
Gran Consumo,Carulla Express,1749646,COLOR,402,SALSAS Y CONDIMENTOS,5810,CONDIMENTOS NATURALES GRANO,17798,FRESCAMPO,MARCA PROPIA                                      ,Insuperables Marca Propia
Gran Consumo,Carulla Express,1749648,Comino Molido,402,SALSAS Y CONDIMENTOS,5810,CONDIMENTOS NATURALES GRANO,17798,FRESCAMPO,MARCA PROPIA                                      ,Insuperables Marca Propia
Gran Consumo,Carulla Express,1753280,Limpiapisos Desinfecta Lavanda,405,LIMPIADORES E IMPLEMENTOS ASEO,1910,LIMPIAPISOS AROMAT DESINFEC,24666,T/L/D TODOS LOS DIAS,MARCA PROPIA                                      ,Insuperables Marca Propia
Gran Consumo,Carulla Express,1753281,Limpiapisos Desinfect Citronel,405,LIMPIADORES E IMPLEMENTOS ASEO,1910,LIMPIAPISOS AROMAT DESINFEC,24666,T/L/D TODOS LOS DIAS,MARCA PROPIA                                      ,Insuperables Marca Propia
Gran Consumo,Carulla Express,1753282,Limpiapisos Con Bicarbonato,405,LIMPIADORES E IMPLEMENTOS ASEO,1928,LIMPIAPISOS EFICIENTES,24666,T/L/D TODOS LOS DIAS,MARCA PROPIA                                      ,Insuperables Marca Propia
Gran Consumo,Carulla Express,1757903,Limpiapisos Desinfect Lavanda,405,LIMPIADORES E IMPLEMENTOS ASEO,1910,LIMPIAPISOS AROMAT DESINFEC,24666,T/L/D TODOS LOS DIAS,MARCA PROPIA                                      ,Insuperables Marca Propia
Gran Consumo,Carulla Express,1757904,Limpiapisos Desinfec Citronela,405,LIMPIADORES E IMPLEMENTOS ASEO,1910,LIMPIAPISOS AROMAT DESINFEC,24666,T/L/D TODOS LOS DIAS,MARCA PROPIA                                      ,Insuperables Marca Propia
Gran Consumo,Carulla Express,1757905,Limpiapisos Desinfec Bicarbona,405,LIMPIADORES E IMPLEMENTOS ASEO,1928,LIMPIAPISOS EFICIENTES,24666,T/L/D TODOS LOS DIAS,MARCA PROPIA                                      ,Insuperables Marca Propia
Gran Consumo,Carulla Express,1773369,CREMA HUMECTANTE ALMENDRAS,406,CUIDADO CORPORAL,1310,CREMAS HUMECTANTES,24674,AMPM PLUS,MARCA PROPIA                                      ,Insuperables Marca Propia
Gran Consumo,Carulla Express,1773371,CREMA HUMECTANTE AVENA,406,CUIDADO CORPORAL,1310,CREMAS HUMECTANTES,24674,AMPM PLUS,MARCA PROPIA                                      ,Insuperables Marca Propia
Gran Consumo,Carulla Express,1773372,CREMA HUMECTANTE BEBE,406,CUIDADO CORPORAL,1350,CREMAS HUMECTANTES BEBE,24674,AMPM PLUS,MARCA PROPIA                                      ,Insuperables Marca Propia
Gran Consumo,Carulla Express,1804224,Detergente En Polvo Floral,97,CUIDADO ROPA,1021,DETERGENTES CONVENCIONALES,36937,CARULLA,MARCA PROPIA                                      ,Insuperables Marca Propia
Gran Consumo,Carulla Express,1804225,Detergente En Polvo Limon,97,CUIDADO ROPA,1021,DETERGENTES CONVENCIONALES,36937,CARULLA,MARCA PROPIA                                      ,Insuperables Marca Propia
Gran Consumo,Carulla Express,251334,Cafe Instantaneo Pulverizado,92,BEBIDAS CALIENT/Y ALMT.NATURIS,5620,CAFE INSTANTANEO,20000,EXITO MARCA PROPIA,MARCA PROPIA                                      ,Insuperables Marca Propia
Gran Consumo,Carulla Express,253898,Cafe Instantaneo Granulado,92,BEBIDAS CALIENT/Y ALMT.NATURIS,5620,CAFE INSTANTANEO,20000,EXITO MARCA PROPIA,MARCA PROPIA                                      ,Insuperables Marca Propia
Gran Consumo,Carulla Express,258027,Cafe Molido,92,BEBIDAS CALIENT/Y ALMT.NATURIS,5610,CAFE MOLIDO,80000,EKONO,MARCA PROPIA                                      ,Insuperables Marca Propia
Gran Consumo,Carulla Express,289831,Toalla Higienica Delgada,67,PAPELES Y ABSORBENTES,7020,TOALLAS HIGIENICAS,80000,EKONO,MARCA PROPIA                                      ,Insuperables Marca Propia
Gran Consumo,Carulla Express,3002592,BLANQUEADOR FLORAL,405,LIMPIADORES E IMPLEMENTOS ASEO,820,BLANQUEADOR CON FRAGANCIA,24666,T/L/D TODOS LOS DIAS,MARCA PROPIA                                      ,Insuperables Marca Propia
Gran Consumo,Carulla Express,3002604,BLANQUEADOR LIMON,405,LIMPIADORES E IMPLEMENTOS ASEO,820,BLANQUEADOR CON FRAGANCIA,24666,T/L/D TODOS LOS DIAS,MARCA PROPIA                                      ,Insuperables Marca Propia
Gran Consumo,Carulla Express,3002606,BLANQUEDOR MANZANA,405,LIMPIADORES E IMPLEMENTOS ASEO,820,BLANQUEADOR CON FRAGANCIA,24666,T/L/D TODOS LOS DIAS,MARCA PROPIA                                      ,Insuperables Marca Propia
Gran Consumo,Carulla Express,3003158,SHAMPOO TODO CABELLO,96,CUIDADO CAPILAR Y ACCESORIOS,1310,SHAMPOO 1 EN 1,24674,AMPM PLUS,MARCA PROPIA                                      ,Insuperables Marca Propia
Gran Consumo,Carulla Express,3004110,PAÑAL TALLA M,67,PAPELES Y ABSORBENTES,9030,PANALES VALUE,80000,EKONO,MARCA PROPIA                                      ,Insuperables Marca Propia
Gran Consumo,Carulla Express,3004111,Pañal Talla G,67,PAPELES Y ABSORBENTES,9030,PANALES VALUE,80000,EKONO,MARCA PROPIA                                      ,Insuperables Marca Propia
Gran Consumo,Carulla Express,3004112,PAÑAL TALLA XG,67,PAPELES Y ABSORBENTES,9030,PANALES VALUE,80000,EKONO,MARCA PROPIA                                      ,Insuperables Marca Propia
Gran Consumo,Carulla Express,3006840,Blanqueador Floral,405,LIMPIADORES E IMPLEMENTOS ASEO,820,BLANQUEADOR CON FRAGANCIA,36937,CARULLA,MARCA PROPIA                                      ,Insuperables Marca Propia
Gran Consumo,Carulla Express,3006843,Blanqueador Limón,405,LIMPIADORES E IMPLEMENTOS ASEO,820,BLANQUEADOR CON FRAGANCIA,36937,CARULLA,MARCA PROPIA                                      ,Insuperables Marca Propia
Gran Consumo,Carulla Express,3007966,Detergente en Polvo Limon,97,CUIDADO ROPA,1021,DETERGENTES CONVENCIONALES,20000,EXITO MARCA PROPIA,MARCA PROPIA                                      ,Insuperables Marca Propia
Gran Consumo,Carulla Express,3007967,Detergente en Polvo Limon,97,CUIDADO ROPA,1021,DETERGENTES CONVENCIONALES,20000,EXITO MARCA PROPIA,MARCA PROPIA                                      ,Insuperables Marca Propia
Gran Consumo,Carulla Express,3007969,Detergente en Polvo Floral,97,CUIDADO ROPA,1021,DETERGENTES CONVENCIONALES,20000,EXITO MARCA PROPIA,MARCA PROPIA                                      ,Insuperables Marca Propia
Gran Consumo,Carulla Express,3007970,Detergente en Polvo Floral,97,CUIDADO ROPA,1021,DETERGENTES CONVENCIONALES,20000,EXITO MARCA PROPIA,MARCA PROPIA                                      ,Insuperables Marca Propia
Gran Consumo,Carulla Express,3009553,Protectores Diarios Multiestil,67,PAPELES Y ABSORBENTES,6010,PROTEC. DIARIOS MULTIPANTY,80000,EKONO,MARCA PROPIA                                      ,Insuperables Marca Propia
Gran Consumo,Carulla Express,3014290,Jabón Liquido Avena,406,CUIDADO CORPORAL,1230,JABON LIQUIDOS,80000,EKONO,MARCA PROPIA                                      ,Insuperables Marca Propia
Gran Consumo,Carulla Express,3014291,Jabón Liquido Manzana,406,CUIDADO CORPORAL,1230,JABON LIQUIDOS,80000,EKONO,MARCA PROPIA                                      ,Insuperables Marca Propia
Gran Consumo,Carulla Express,3015859,Detergente Liquido Floral,97,CUIDADO ROPA,1011,DETERGENTES LIQUIDOS,20000,EXITO MARCA PROPIA,MARCA PROPIA                                      ,Insuperables Marca Propia
Gran Consumo,Carulla Express,3023705,Blanqueador sin fragancia,405,LIMPIADORES E IMPLEMENTOS ASEO,830,BLANQUEADOR SIN FRAGANCIA,80000,EKONO,MARCA PROPIA                                      ,Insuperables Marca Propia
Gran Consumo,Carulla Express,3026524,Protectores Diarios Multiestil,67,PAPELES Y ABSORBENTES,6010,PROTEC. DIARIOS MULTIPANTY,80000,EKONO,MARCA PROPIA                                      ,Insuperables Marca Propia
Gran Consumo,Carulla Express,3039180,Jabon Liquido Manzana,406,CUIDADO CORPORAL,1230,JABON LIQUIDOS,80000,EKONO,MARCA PROPIA                                      ,Insuperables Marca Propia
Gran Consumo,Carulla Express,3039181,Jabon Liquido Avena,406,CUIDADO CORPORAL,1230,JABON LIQUIDOS,80000,EKONO,MARCA PROPIA                                      ,Insuperables Marca Propia
Gran Consumo,Carulla Express,3041841,Vino Tinto Reserva Merlot,95,LICORES Y CIGARRILLOS,811,VINO TINTOS MESA,19653,SIETE SOLES MARCA EXCLUSIVA,MARCA EXCLUSIVA                                   ,Insuperables Marca Propia
Gran Consumo,Carulla Express,3041842,Vino Tinto Reserva Carmenere,95,LICORES Y CIGARRILLOS,811,VINO TINTOS MESA,19653,SIETE SOLES MARCA EXCLUSIVA,MARCA EXCLUSIVA                                   ,Insuperables Marca Propia
Gran Consumo,Carulla Express,3041843,Vino Reserva Rosado,95,LICORES Y CIGARRILLOS,832,VINO ROSADOS MESA,19653,SIETE SOLES MARCA EXCLUSIVA,MARCA EXCLUSIVA                                   ,Insuperables Marca Propia
Gran Consumo,Carulla Express,3046977,Lavaloza Liquido Limon,405,LIMPIADORES E IMPLEMENTOS ASEO,4520,LAVALOZAS LIQUIDOS,80000,EKONO,MARCA PROPIA                                      ,Insuperables Marca Propia
Gran Consumo,Carulla Express,3054276,Frijol Cargamanto Blanco,90,GRANOS,2020,FRIJOL CARGAMANTO,80000,EKONO,MARCA PROPIA                                      ,Insuperables Marca Propia
Gran Consumo,Carulla Express,3054283,Frijol Sabanero Rojo,90,GRANOS,2030,FRIJOL SABANERO,80000,EKONO,MARCA PROPIA                                      ,Insuperables Marca Propia
Gran Consumo,Carulla Express,3058697,Bebi De Almend Original,63,BEBIDAS LIQUIDAS NO ALCOHOLICA,8120,FRUTOS,50000,TAEQ,MARCA PROPIA                                      ,Insuperables Marca Propia
Gran Consumo,Carulla Express,3059933,Detergente Liquido Floral,97,CUIDADO ROPA,1011,DETERGENTES LIQUIDOS,36937,CARULLA,MARCA PROPIA                                      ,Insuperables Marca Propia
Gran Consumo,Carulla Express,3060050,Detergente Liquido Floral,97,CUIDADO ROPA,1011,DETERGENTES LIQUIDOS,24666,T/L/D TODOS LOS DIAS,MARCA PROPIA                                      ,Insuperables Marca Propia
Gran Consumo,Carulla Express,308510,Mostaza,402,SALSAS Y CONDIMENTOS,5411,MOSTAZAS NORMALES,80000,EKONO,MARCA PROPIA                                      ,Insuperables Marca Propia
Gran Consumo,Carulla Express,3101013,Bolsa Basura 43x48 Papelera,404,DESECHABLES Y AEROSOLES,5010,BOLSA BASURA PAPELERA,80000,EKONO,MARCA PROPIA                                      ,Insuperables Marca Propia
Gran Consumo,Carulla Express,3111952,Detergente Bicarbonato/Vinagre,97,CUIDADO ROPA,1021,DETERGENTES CONVENCIONALES,24666,T/L/D TODOS LOS DIAS,MARCA PROPIA                                      ,Insuperables Marca Propia
Gran Consumo,Carulla Express,3111954,Detergente Bicarbonato/Vinagre,97,CUIDADO ROPA,1021,DETERGENTES CONVENCIONALES,36937,CARULLA,MARCA PROPIA                                      ,Insuperables Marca Propia
Gran Consumo,Carulla Express,3136901,Lavaloza Crema,405,LIMPIADORES E IMPLEMENTOS ASEO,4510,LAVALOZA CREMAS/GEL,80000,EKONO,MARCA PROPIA                                      ,Insuperables Marca Propia
Gran Consumo,Carulla Express,3181319,Jabon en barra azul x 3 und,97,CUIDADO ROPA,930,JABON DE LAVAR LIMPIEZA BASICA,80000,EKONO,MARCA PROPIA                                      ,Insuperables Marca Propia
Gran Consumo,Carulla Express,3188259,Vino Blanco,95,LICORES Y CIGARRILLOS,821,VINO BLANCOS MESA,23535,CRUZARES MARCA EXCLUSIVA,MARCA EXCLUSIVA                                   ,Insuperables Marca Propia
Gran Consumo,Carulla Express,3188260,Vino tinto,95,LICORES Y CIGARRILLOS,811,VINO TINTOS MESA,23535,CRUZARES MARCA EXCLUSIVA,MARCA EXCLUSIVA                                   ,Insuperables Marca Propia
Gran Consumo,Carulla Express,3191553,Papel Higiénico x12 Rollos,67,PAPELES Y ABSORBENTES,8020,PAPEL HIGIENICO RENDIDOR,36937,CARULLA,MARCA PROPIA                                      ,Insuperables Marca Propia
Gran Consumo,Carulla Express,3197410,Vino Lambrusco Rosado,95,LICORES Y CIGARRILLOS,845,VINO ESPUMOSO Y CHAMPANA,29709,LA PIUMA MARCA EXCLUSIVA,MARCA EXCLUSIVA                                   ,Insuperables Marca Propia
Gran Consumo,Carulla Express,3208370,Jabon Liq Espum Bamboo Forest,406,CUIDADO CORPORAL,1230,JABON LIQUIDOS,14401,PERSONAL CHOICE MARCA EXCLUSIV,MARCA EXCLUSIVA                                   ,Insuperables Marca Propia
Gran Consumo,Carulla Express,3211605,Aceite de Coco Organico,403,ACEITES COMESTIBLES,7840,OTROS ACEITES,50000,TAEQ,MARCA PROPIA                                      ,Insuperables Marca Propia
Gran Consumo,Carulla Express,3226878,Almendra Natural,59,PASABOCAS,5620,OTROS DE REPOSTERIA,17798,FRESCAMPO,MARCA PROPIA                                      ,Insuperables Marca Propia
Gran Consumo,Carulla Express,3250382,Harina de Maiz Precocida Amar,93,GALLETAS Y HARINAS,4525,HARINA PRECOCIDA MAIZ,17798,FRESCAMPO,MARCA PROPIA                                      ,Insuperables Marca Propia
Gran Consumo,Carulla Express,3250386,Harina de Maiz Precocida Blan,93,GALLETAS Y HARINAS,4525,HARINA PRECOCIDA MAIZ,17798,FRESCAMPO,MARCA PROPIA                                      ,Insuperables Marca Propia
Gran Consumo,Carulla Express,3254338,Caldo De Gallina 12 Cubos,402,SALSAS Y CONDIMENTOS,6610,CALDOS GALLINA,80000,EKONO,MARCA PROPIA                                      ,Insuperables Marca Propia
Gran Consumo,Carulla Express,3254342,Caldo De Gallina 8 Cubos,402,SALSAS Y CONDIMENTOS,6610,CALDOS GALLINA,80000,EKONO,MARCA PROPIA                                      ,Insuperables Marca Propia
Gran Consumo,Carulla Express,3254344,Caldo De Costilla 8 Cubos,402,SALSAS Y CONDIMENTOS,6620,CALDOS OTROS,17798,FRESCAMPO,MARCA PROPIA                                      ,Insuperables Marca Propia
Gran Consumo,Carulla Express,3254345,Caldo De Costilla 12 Cubos,402,SALSAS Y CONDIMENTOS,6620,CALDOS OTROS,17798,FRESCAMPO,MARCA PROPIA                                      ,Insuperables Marca Propia
Gran Consumo,Carulla Express,3257072,Aceite Vegetal,403,ACEITES COMESTIBLES,7820,ACEITES MEZCLAS,17798,FRESCAMPO,MARCA PROPIA                                      ,Insuperables Marca Propia
Gran Consumo,Carulla Express,3257073,Aceite Vegetal,403,ACEITES COMESTIBLES,7820,ACEITES MEZCLAS,17798,FRESCAMPO,MARCA PROPIA                                      ,Insuperables Marca Propia
Gran Consumo,Carulla Express,3259113,Atun Lomo Agua,94,ENLATADOS,2110,ATUNES EN AGUA,20000,EXITO MARCA PROPIA,MARCA PROPIA                                      ,Insuperables Marca Propia
Gran Consumo,Carulla Express,3259114,Atun Lomo Agua,94,ENLATADOS,2110,ATUNES EN AGUA,36937,CARULLA,MARCA PROPIA                                      ,Insuperables Marca Propia
Gran Consumo,Carulla Express,3260266,Durazno en Almibar,94,ENLATADOS,7260,DURAZNOS/MELOCOTON CONSERVA,17798,FRESCAMPO,MARCA PROPIA                                      ,Insuperables Marca Propia
Gran Consumo,Carulla Express,3264842,Papel Higienico Premium 3HX12,67,PAPELES Y ABSORBENTES,8010,PAPEL HIGIENICO PREMIUM,20000,EXITO MARCA PROPIA,MARCA PROPIA                                      ,Insuperables Marca Propia
Gran Consumo,Carulla Express,3264843,Papel Higienico Premium 3HX12,67,PAPELES Y ABSORBENTES,8010,PAPEL HIGIENICO PREMIUM,36937,CARULLA,MARCA PROPIA                                      ,Insuperables Marca Propia
Gran Consumo,Carulla Express,3264845,Papel Higienico Premium 3HX12,67,PAPELES Y ABSORBENTES,8010,PAPEL HIGIENICO PREMIUM,24666,T/L/D TODOS LOS DIAS,MARCA PROPIA                                      ,Insuperables Marca Propia
Gran Consumo,Carulla Express,3276481,Atun Lomo Aceite,94,ENLATADOS,2120,ATUNES EN ACEITE,20000,EXITO MARCA PROPIA,MARCA PROPIA                                      ,Insuperables Marca Propia
Gran Consumo,Carulla Express,3276485,Atun Lomo Aceite,94,ENLATADOS,2120,ATUNES EN ACEITE,36937,CARULLA,MARCA PROPIA                                      ,Insuperables Marca Propia
Gran Consumo,Carulla Express,3277050,Tostada Blanca,81,PANADERIA INUSTRI.Y REPOSTERIA,1970,TOSTADAS,80000,EKONO,MARCA PROPIA                                      ,Insuperables Marca Propia
Gran Consumo,Carulla Express,3280457,Queso Parmesano,83,DERIVADOS LACTEOS,2570,RALLADOS,20000,EXITO MARCA PROPIA,MARCA PROPIA                                      ,Insuperables Marca Propia
Gran Consumo,Carulla Express,3283975,Arena para gatos,401,MASCOTAS,1435,ARENAS Y TAPETES,33444,PUK?,MARCA PROPIA                                      ,Insuperables Marca Propia
Gran Consumo,Carulla Express,3287802,Atún Rallado Aceite,94,ENLATADOS,2140,DESMENUZADO,80000,EKONO,MARCA PROPIA                                      ,Insuperables Marca Propia
Gran Consumo,Carulla Express,3295502,Galletas Wafer Vainilla,93,GALLETAS Y HARINAS,1621,GALLETAS WAFER,20000,EXITO MARCA PROPIA,MARCA PROPIA                                      ,Insuperables Marca Propia
Gran Consumo,Carulla Express,3295503,Galletas Wafer Chocolate,93,GALLETAS Y HARINAS,1621,GALLETAS WAFER,20000,EXITO MARCA PROPIA,MARCA PROPIA                                      ,Insuperables Marca Propia
Gran Consumo,Carulla Express,3295559,Galletas Cremadas Vainilla,93,GALLETAS Y HARINAS,1631,GALLETAS CREMADAS,20000,EXITO MARCA PROPIA,MARCA PROPIA                                      ,Insuperables Marca Propia
Gran Consumo,Carulla Express,3295560,Galletas Cremadas Chocolate,93,GALLETAS Y HARINAS,1631,GALLETAS CREMADAS,20000,EXITO MARCA PROPIA,MARCA PROPIA                                      ,Insuperables Marca Propia
Gran Consumo,Carulla Express,3295561,Galletas Cremadas Fresa,93,GALLETAS Y HARINAS,1631,GALLETAS CREMADAS,20000,EXITO MARCA PROPIA,MARCA PROPIA                                      ,Insuperables Marca Propia
Gran Consumo,Carulla Express,3298214,Queso Parmesano,83,DERIVADOS LACTEOS,2570,RALLADOS,36937,CARULLA,MARCA PROPIA                                      ,Insuperables Marca Propia
Gran Consumo,Carulla Express,3299409,Alimento Perro Adulto,401,MASCOTAS,820,ALIMENTOS PERROS,33444,PUK?,MARCA PROPIA                                      ,Insuperables Marca Propia
Gran Consumo,Carulla Express,3299410,Alimento Perro Adulto,401,MASCOTAS,820,ALIMENTOS PERROS,33444,PUK?,MARCA PROPIA                                      ,Insuperables Marca Propia
Gran Consumo,Carulla Express,3299411,Alimento Perro Adulto,401,MASCOTAS,820,ALIMENTOS PERROS,33444,PUK?,MARCA PROPIA                                      ,Insuperables Marca Propia
Gran Consumo,Carulla Express,3300670,Pan Tajado Blanco,81,PANADERIA INUSTRI.Y REPOSTERIA,1910,PAN TAJADO,80000,EKONO,MARCA PROPIA                                      ,Insuperables Marca Propia
Gran Consumo,Carulla Express,3310407,Azúcar Blanco Especial,90,GRANOS,7120,AZUCAR BLANCO ESPECIAL,17798,FRESCAMPO,MARCA PROPIA                                      ,Insuperables Marca Propia
Gran Consumo,Carulla Express,3310410,Azúcar Blanco Especial,90,GRANOS,7120,AZUCAR BLANCO ESPECIAL,20000,EXITO MARCA PROPIA,MARCA PROPIA                                      ,Insuperables Marca Propia
Gran Consumo,Carulla Express,3310412,Azúcar Morena,90,GRANOS,7130,AZUCAR MORENA,20000,EXITO MARCA PROPIA,MARCA PROPIA                                      ,Insuperables Marca Propia
Gran Consumo,Carulla Express,3310418,Azúcar Morena,90,GRANOS,7130,AZUCAR MORENA,17798,FRESCAMPO,MARCA PROPIA                                      ,Insuperables Marca Propia
Gran Consumo,Carulla Express,3318957,Salsa BBQ,402,SALSAS Y CONDIMENTOS,3525,SALSAS BBQ,20000,EXITO MARCA PROPIA,MARCA PROPIA                                      ,Insuperables Marca Propia
Gran Consumo,Carulla Express,3320441,Lomo de Atún en Aceite Tripack,94,ENLATADOS,2120,ATUNES EN ACEITE,20000,EXITO MARCA PROPIA,MARCA PROPIA                                      ,Insuperables Marca Propia
Gran Consumo,Carulla Express,3322065,Pan Súper Perro con Ajonjolí,81,PANADERIA INUSTRI.Y REPOSTERIA,1920,PAN PERRO,20000,EXITO MARCA PROPIA,MARCA PROPIA                                      ,Insuperables Marca Propia
Gran Consumo,Carulla Express,3325409,Shampoo de Bebé,96,CUIDADO CAPILAR Y ACCESORIOS,1340,SHAMPOO BEBES NINOS,14401,PERSONAL CHOICE MARCA EXCLUSIV,MARCA EXCLUSIVA                                   ,Insuperables Marca Propia
Gran Consumo,Carulla Express,3326788,Leche Semid Deslact UHT Paquet,83,DERIVADOS LACTEOS,1385,LECHE LIQUIDA UHT BOLSA,20000,EXITO MARCA PROPIA,MARCA PROPIA                                      ,Insuperables Marca Propia
Gran Consumo,Carulla Express,3326790,Leche Semid Deslact UHT,83,DERIVADOS LACTEOS,1385,LECHE LIQUIDA UHT BOLSA,20000,EXITO MARCA PROPIA,MARCA PROPIA                                      ,Insuperables Marca Propia
Gran Consumo,Carulla Express,3326792,Leche Entera UHT,83,DERIVADOS LACTEOS,1385,LECHE LIQUIDA UHT BOLSA,20000,EXITO MARCA PROPIA,MARCA PROPIA                                      ,Insuperables Marca Propia
Gran Consumo,Carulla Express,3326794,Leche Entera UHT Paquete,83,DERIVADOS LACTEOS,1385,LECHE LIQUIDA UHT BOLSA,20000,EXITO MARCA PROPIA,MARCA PROPIA                                      ,Insuperables Marca Propia
Gran Consumo,Carulla Express,3326796,Leche Entera UHT Max,83,DERIVADOS LACTEOS,1385,LECHE LIQUIDA UHT BOLSA,20000,EXITO MARCA PROPIA,MARCA PROPIA                                      ,Insuperables Marca Propia
Gran Consumo,Carulla Express,3326797,Leche Semid Deslact UHT,83,DERIVADOS LACTEOS,1385,LECHE LIQUIDA UHT BOLSA,17798,FRESCAMPO,MARCA PROPIA                                      ,Insuperables Marca Propia
Gran Consumo,Carulla Express,3326798,Leche Semid Deslact UHT Paquet,83,DERIVADOS LACTEOS,1385,LECHE LIQUIDA UHT BOLSA,17798,FRESCAMPO,MARCA PROPIA                                      ,Insuperables Marca Propia
Gran Consumo,Carulla Express,3326799,Leche Entera UHT,83,DERIVADOS LACTEOS,1385,LECHE LIQUIDA UHT BOLSA,17798,FRESCAMPO,MARCA PROPIA                                      ,Insuperables Marca Propia
Gran Consumo,Carulla Express,3326800,Leche Entera UHT Paquete Max,83,DERIVADOS LACTEOS,1385,LECHE LIQUIDA UHT BOLSA,20000,EXITO MARCA PROPIA,MARCA PROPIA                                      ,Insuperables Marca Propia
Gran Consumo,Carulla Express,3326801,Leche Entera UHT Paquete,83,DERIVADOS LACTEOS,1385,LECHE LIQUIDA UHT BOLSA,17798,FRESCAMPO,MARCA PROPIA                                      ,Insuperables Marca Propia
Gran Consumo,Carulla Express,3327580,Crema Cocoa & Karite,406,CUIDADO CORPORAL,1310,CREMAS HUMECTANTES,14401,PERSONAL CHOICE MARCA EXCLUSIV,MARCA EXCLUSIVA                                   ,Insuperables Marca Propia
Gran Consumo,Carulla Express,3327581,Crema Aloe Vera,406,CUIDADO CORPORAL,1310,CREMAS HUMECTANTES,14401,PERSONAL CHOICE MARCA EXCLUSIV,MARCA EXCLUSIVA                                   ,Insuperables Marca Propia
Gran Consumo,Carulla Express,3327582,Crema Almendras,406,CUIDADO CORPORAL,1310,CREMAS HUMECTANTES,14401,PERSONAL CHOICE MARCA EXCLUSIV,MARCA EXCLUSIVA                                   ,Insuperables Marca Propia
Gran Consumo,Carulla Express,3327584,Crema Para Bebé,406,CUIDADO CORPORAL,1350,CREMAS HUMECTANTES BEBE,14401,PERSONAL CHOICE MARCA EXCLUSIV,MARCA EXCLUSIVA                                   ,Insuperables Marca Propia
Gran Consumo,Carulla Express,3330627,Aceite De Oliva Virgen Extra,403,ACEITES COMESTIBLES,7815,ACEITE OLIVA,17798,FRESCAMPO,MARCA PROPIA                                      ,Insuperables Marca Propia
Gran Consumo,Carulla Express,3330630,Aceite de Oliva Extra Virgen,403,ACEITES COMESTIBLES,7815,ACEITE OLIVA,20000,EXITO MARCA PROPIA,MARCA PROPIA                                      ,Insuperables Marca Propia
Gran Consumo,Carulla Express,3331366,Bocadillo Dulce En Hoja De Bij,402,SALSAS Y CONDIMENTOS,6760,BOCADILLOS,17798,FRESCAMPO,MARCA PROPIA                                      ,Insuperables Marca Propia
Gran Consumo,Carulla Express,3331394,Queso Tipo Sanduche,83,DERIVADOS LACTEOS,2575,MOZARELLA/DOBLECREMA,17798,FRESCAMPO,MARCA PROPIA                                      ,Insuperables Marca Propia
Gran Consumo,Carulla Express,3333297,Shampoo Acai Y Romero,96,CUIDADO CAPILAR Y ACCESORIOS,1310,SHAMPOO 1 EN 1,36839,ALGABO MARCA EXCLUSIVA,MARCA EXCLUSIVA                                   ,Insuperables Marca Propia
Gran Consumo,Carulla Express,3333758,Crema Corporal Lubricante,406,CUIDADO CORPORAL,1310,CREMAS HUMECTANTES,14401,PERSONAL CHOICE MARCA EXCLUSIV,MARCA EXCLUSIVA                                   ,Insuperables Marca Propia
Gran Consumo,Carulla Express,3336532,Maicitos Dulces Enlatados,94,ENLATADOS,1525,MAICES CONSERVA,17798,FRESCAMPO,MARCA PROPIA                                      ,Insuperables Marca Propia
Gran Consumo,Carulla Express,3343468,Lavaloza Ekono Limon,405,LIMPIADORES E IMPLEMENTOS ASEO,4510,LAVALOZA CREMAS/GEL,80000,EKONO,MARCA PROPIA                                      ,Insuperables Marca Propia
Gran Consumo,Carulla Express,3344695,Granola,93,GALLETAS Y HARINAS,4410,GRANOLAS,80000,EKONO,MARCA PROPIA                                      ,Insuperables Marca Propia
Gran Consumo,Carulla Express,3344697,Granola Coco,93,GALLETAS Y HARINAS,4410,GRANOLAS,20000,EXITO MARCA PROPIA,MARCA PROPIA                                      ,Insuperables Marca Propia
Gran Consumo,Carulla Express,3354234,Esparcible,83,DERIVADOS LACTEOS,2041,MARGARINA O ESPARCIBLE DE MESA,80000,EKONO,MARCA PROPIA                                      ,Insuperables Marca Propia
Gran Consumo,Carulla Express,3355096,Aceite de Girasol,403,ACEITES COMESTIBLES,7825,ACEITE GIRASOL,20000,EXITO MARCA PROPIA,MARCA PROPIA                                      ,Insuperables Marca Propia
Gran Consumo,Carulla Express,3355098,Aceite de Girasol,403,ACEITES COMESTIBLES,7825,ACEITE GIRASOL,36937,CARULLA,MARCA PROPIA                                      ,Insuperables Marca Propia
Gran Consumo,Carulla Express,3355100,Aceite de Girasol,403,ACEITES COMESTIBLES,7825,ACEITE GIRASOL,17798,FRESCAMPO,MARCA PROPIA                                      ,Insuperables Marca Propia
Gran Consumo,Carulla Express,3373213,Torta Negra Lonchera,81,PANADERIA INUSTRI.Y REPOSTERIA,5536,TAJADAS SIN CUBIERTA,80000,EKONO,MARCA PROPIA                                      ,Insuperables Marca Propia
Gran Consumo,Carulla Express,3382405,Papel Higienico 4 Rollos,67,PAPELES Y ABSORBENTES,8020,PAPEL HIGIENICO RENDIDOR,24666,T/L/D TODOS LOS DIAS,MARCA PROPIA                                      ,Insuperables Marca Propia
Gran Consumo,Carulla Express,3397990,Azucar Blanco,90,GRANOS,7120,AZUCAR BLANCO ESPECIAL,36937,CARULLA,MARCA PROPIA                                      ,Insuperables Marca Propia
Gran Consumo,Carulla Express,3400652,Aceite de Girasol,403,ACEITES COMESTIBLES,7825,ACEITE GIRASOL,36937,CARULLA,MARCA PROPIA                                      ,Insuperables Marca Propia
Gran Consumo,Carulla Express,3400653,Aceite de Girasol,403,ACEITES COMESTIBLES,7825,ACEITE GIRASOL,17798,FRESCAMPO,MARCA PROPIA                                      ,Insuperables Marca Propia
Gran Consumo,Carulla Express,3403501,Suavizante Aroma Floral,97,CUIDADO ROPA,1210,SUAVIZANTES REGULAR,36937,CARULLA,MARCA PROPIA                                      ,Insuperables Marca Propia
Gran Consumo,Carulla Express,3403502,Suavizante Aroma Floral,97,CUIDADO ROPA,1210,SUAVIZANTES REGULAR,24666,T/L/D TODOS LOS DIAS,MARCA PROPIA                                      ,Insuperables Marca Propia
Gran Consumo,Carulla Express,3403530,Suavizante Aroma Floral,97,CUIDADO ROPA,1210,SUAVIZANTES REGULAR,36937,CARULLA,MARCA PROPIA                                      ,Insuperables Marca Propia
Gran Consumo,Carulla Express,3403551,Suavizante Aroma Floral,97,CUIDADO ROPA,1210,SUAVIZANTES REGULAR,20000,EXITO MARCA PROPIA,MARCA PROPIA                                      ,Insuperables Marca Propia
Gran Consumo,Carulla Express,3403552,Suavizante Aroma Floral,97,CUIDADO ROPA,1210,SUAVIZANTES REGULAR,20000,EXITO MARCA PROPIA,MARCA PROPIA                                      ,Insuperables Marca Propia
Gran Consumo,Carulla Express,3403555,Suavizante Aroma Floral,97,CUIDADO ROPA,1210,SUAVIZANTES REGULAR,24666,T/L/D TODOS LOS DIAS,MARCA PROPIA                                      ,Insuperables Marca Propia
Gran Consumo,Carulla Express,3436274,Aceite De Aguacate,403,ACEITES COMESTIBLES,7840,OTROS ACEITES,50000,TAEQ,MARCA PROPIA                                      ,Insuperables Marca Propia
Gran Consumo,Carulla Express,3453139,Galletas Saladas x 3 Tacos,93,GALLETAS Y HARINAS,2021,CRACKERS TRADICIONAL,17798,FRESCAMPO,MARCA PROPIA                                      ,Insuperables Marca Propia
Gran Consumo,Carulla Express,3454318,Chocolate Clavos Y Canela,92,BEBIDAS CALIENT/Y ALMT.NATURIS,6050,CHOCOLATES ALINADOS DULCE,80000,EKONO,MARCA PROPIA                                      ,Insuperables Marca Propia
Gran Consumo,Carulla Express,3462328,Bolsa De Basura Blanca,404,DESECHABLES Y AEROSOLES,5030,BOLSA BASURA RESIDENCIAL,80000,EKONO,MARCA PROPIA                                      ,Insuperables Marca Propia
Gran Consumo,Carulla Express,3462329,Bolsa De Basura Negra,404,DESECHABLES Y AEROSOLES,5030,BOLSA BASURA RESIDENCIAL,80000,EKONO,MARCA PROPIA                                      ,Insuperables Marca Propia
Gran Consumo,Carulla Express,3462330,Bolsa De Basura Verde,404,DESECHABLES Y AEROSOLES,5030,BOLSA BASURA RESIDENCIAL,80000,EKONO,MARCA PROPIA                                      ,Insuperables Marca Propia
Gran Consumo,Carulla Express,3475406,Arepa Tela,83,DERIVADOS LACTEOS,4080,AREPAS BLANCAS,80000,EKONO,MARCA PROPIA                                      ,Insuperables Marca Propia
Gran Consumo,Carulla Express,3479458,Queso Mozzarella Tajado,83,DERIVADOS LACTEOS,2575,MOZARELLA/DOBLECREMA,20000,EXITO MARCA PROPIA,MARCA PROPIA                                      ,Insuperables Marca Propia
Gran Consumo,Carulla Express,3491790,Detergente Liquido Floral,97,CUIDADO ROPA,1011,DETERGENTES LIQUIDOS,20000,EXITO MARCA PROPIA,MARCA PROPIA                                      ,Insuperables Marca Propia
Gran Consumo,Carulla Express,3507566,Galletas Saladas,93,GALLETAS Y HARINAS,2021,CRACKERS TRADICIONAL,17798,FRESCAMPO,MARCA PROPIA                                      ,Insuperables Marca Propia
Gran Consumo,Carulla Express,3511293,Detergente liquido floral,97,CUIDADO ROPA,1011,DETERGENTES LIQUIDOS,36937,CARULLA,MARCA PROPIA                                      ,Insuperables Marca Propia
Gran Consumo,Carulla Express,3511294,Detergente liquido floral,97,CUIDADO ROPA,1011,DETERGENTES LIQUIDOS,24666,T/L/D TODOS LOS DIAS,MARCA PROPIA                                      ,Insuperables Marca Propia
Gran Consumo,Carulla Express,3518647,Papel Higiénico X 12 Rollos,67,PAPELES Y ABSORBENTES,8020,PAPEL HIGIENICO RENDIDOR,20000,EXITO MARCA PROPIA,MARCA PROPIA                                      ,Insuperables Marca Propia
Gran Consumo,Carulla Express,3519268,Jabón Antibacterial Avena,406,CUIDADO CORPORAL,1221,JABON ANTIBACTERIALES/MEDICADO,20000,EXITO MARCA PROPIA,MARCA PROPIA                                      ,Insuperables Marca Propia
Gran Consumo,Carulla Express,403042,Agua Sin Gas,63,BEBIDAS LIQUIDAS NO ALCOHOLICA,6710,AGUA NORMAL,20000,EXITO MARCA PROPIA,MARCA PROPIA                                      ,Insuperables Marca Propia
Gran Consumo,Carulla Express,405927,PAPEL HIG BLANCO TRIPLE HOJA,67,PAPELES Y ABSORBENTES,8020,PAPEL HIGIENICO RENDIDOR,20000,EXITO MARCA PROPIA,MARCA PROPIA                                      ,Insuperables Marca Propia
Gran Consumo,Carulla Express,425724,&SERVILLETA DOBLADA,67,PAPELES Y ABSORBENTES,7510,SERVILLETAS NORMALES,36937,CARULLA,MARCA PROPIA                                      ,Insuperables Marca Propia
Gran Consumo,Carulla Express,426831,GUANTES DOMESTICOS TALLA 8,405,LIMPIADORES E IMPLEMENTOS ASEO,5811,GUANTES DOMESTICOS,80000,EKONO,MARCA PROPIA                                      ,Insuperables Marca Propia
Gran Consumo,Carulla Express,429306,Esponja Doble Uso 2Pack,405,LIMPIADORES E IMPLEMENTOS ASEO,4450,ESPUMAS Y PLASTICAS,80000,EKONO,MARCA PROPIA                                      ,Insuperables Marca Propia
Gran Consumo,Carulla Express,438331,Cafe Molido,92,BEBIDAS CALIENT/Y ALMT.NATURIS,5610,CAFE MOLIDO,80000,EKONO,MARCA PROPIA                                      ,Insuperables Marca Propia
Gran Consumo,Carulla Express,489509,Servilleta Blanca De Lujo,67,PAPELES Y ABSORBENTES,7520,SERVILLETAS LUJO,36937,CARULLA,MARCA PROPIA                                      ,Insuperables Marca Propia
Gran Consumo,Carulla Express,580153,PAPEL HIGIENICO,67,PAPELES Y ABSORBENTES,8020,PAPEL HIGIENICO RENDIDOR,20000,EXITO MARCA PROPIA,MARCA PROPIA                                      ,Insuperables Marca Propia
Gran Consumo,Carulla Express,598300,Toalla Cocina Doble Hoj 1 Roll,67,PAPELES Y ABSORBENTES,2020,TOALLAS COCINA DESECHABLE,80000,EKONO,MARCA PROPIA                                      ,Insuperables Marca Propia
Gran Consumo,Carulla Express,620120,Toallita Humeda con Aloe Vera,67,PAPELES Y ABSORBENTES,8540,TOALLITAS HUMEDAS BABY OTROS U,14401,PERSONAL CHOICE MARCA EXCLUSIV,MARCA EXCLUSIVA                                   ,Insuperables Marca Propia
Gran Consumo,Carulla Express,894020,Vino Tinto,95,LICORES Y CIGARRILLOS,811,VINO TINTOS MESA,23535,CRUZARES MARCA EXCLUSIVA,MARCA EXCLUSIVA                                   ,Insuperables Marca Propia
Gran Consumo,Carulla Express,894119,Vino Rosado,95,LICORES Y CIGARRILLOS,832,VINO ROSADOS MESA,23535,CRUZARES MARCA EXCLUSIVA,MARCA EXCLUSIVA                                   ,Insuperables Marca Propia
Gran Consumo,Carulla Express,894139,Vino Blanco,95,LICORES Y CIGARRILLOS,821,VINO BLANCOS MESA,23535,CRUZARES MARCA EXCLUSIVA,MARCA EXCLUSIVA                                   ,Insuperables Marca Propia
Gran Consumo,Carulla Express,3298470,Queso Mozzarella Rallado,83,DERIVADOS LACTEOS,2575,MOZARELLA/DOBLECREMA,17798,FRESCAMPO,MARCA PROPIA                                      ,Insuperables Marca Propia
Gran Consumo,Carulla Express,3506935,Aceite De Soya,403,ACEITES COMESTIBLES,7840,OTROS ACEITES,17798,FRESCAMPO,MARCA PROPIA                                      ,Insuperables Marca Propia
Gran Consumo,Carulla Express,3506936,Aceite De Soya,403,ACEITES COMESTIBLES,7840,OTROS ACEITES,17798,FRESCAMPO,MARCA PROPIA                                      ,Insuperables Marca Propia
Gran Consumo,Carulla Express,3540220,Leche En Polvo Entera,69,MEZCLAS Y BEBIDAS EN POLVO,3210,LECHE EN POLVO ENTERA,17798,FRESCAMPO,MARCA PROPIA                                      ,Insuperables Marca Propia
Gran Consumo,Carulla Express,3540222,Leche En Polvo Entera,69,MEZCLAS Y BEBIDAS EN POLVO,3210,LECHE EN POLVO ENTERA,17798,FRESCAMPO,MARCA PROPIA                                      ,Insuperables Marca Propia
Gran Consumo,Carulla Express,3493914,Yogurt Griego Natural,83,DERIVADOS LACTEOS,1220,YOGURT TIPO GRIEGO,17798,FRESCAMPO,MARCA PROPIA                                      ,Insuperables Marca Propia
Gran Consumo,Carulla Express,3298212,Queso Mozzarella Tajado,83,DERIVADOS LACTEOS,2575,MOZARELLA/DOBLECREMA,36937,CARULLA,MARCA PROPIA                                      ,Insuperables Marca Propia
Gran Consumo,Carulla Express,3537862,Guantes Semi Industrial,405,LIMPIADORES E IMPLEMENTOS ASEO,5821,GUANTES INDUSTRIALES,80000,EKONO,MARCA PROPIA                                      ,Insuperables Marca Propia
Gran Consumo,Carulla Express,3454319,Chocolate Tradicional,92,BEBIDAS CALIENT/Y ALMT.NATURIS,6020,CHOCOLATES DULCES,80000,EKONO,MARCA PROPIA                                      ,Insuperables Marca Propia
Gran Consumo,Carulla Express,3305484,Harina de Trigo,93,GALLETAS Y HARINAS,4510,HARINA DE TRIGO,17798,FRESCAMPO,MARCA PROPIA                                      ,Insuperables Marca Propia
Gran Consumo,Carulla Express,3585499,Yogurt Griego Natural,83,DERIVADOS LACTEOS,1220,YOGURT TIPO GRIEGO,17798,FRESCAMPO,MARCA PROPIA                                      ,Insuperables Marca Propia
Gran Consumo,Carulla Express,3511181,Lavaloza Liquido,405,LIMPIADORES E IMPLEMENTOS ASEO,4520,LAVALOZAS LIQUIDOS,36937,CARULLA,MARCA PROPIA                                      ,Insuperables Marca Propia
Gran Consumo,Carulla Express,3588696,Suavizante Manzana,97,CUIDADO ROPA,1210,SUAVIZANTES REGULAR,20000,EXITO MARCA PROPIA,MARCA PROPIA                                      ,Insuperables Marca Propia
Gran Consumo,Carulla Express,3588697,Suavizante Manzana,97,CUIDADO ROPA,1210,SUAVIZANTES REGULAR,20000,EXITO MARCA PROPIA,MARCA PROPIA                                      ,Insuperables Marca Propia
Gran Consumo,Carulla Express,1762859,Papel Higienico Blanco Max,67,PAPELES Y ABSORBENTES,8020,PAPEL HIGIENICO RENDIDOR,24666,T/L/D TODOS LOS DIAS,MARCA PROPIA                                      ,Insuperables Marca Propia
Gran Consumo,Carulla Express,3259112,Atun Lomo Agua,94,ENLATADOS,2110,ATUNES EN AGUA,17798,FRESCAMPO,MARCA PROPIA                                      ,Insuperables Marca Propia
Gran Consumo,Carulla Express,3276488,Atun Lomitos En Aceite,94,ENLATADOS,2120,ATUNES EN ACEITE,17798,FRESCAMPO,MARCA PROPIA                                      ,Insuperables Marca Propia
Gran Consumo,Carulla Express,3618631,Leche Entera En Caja,83,DERIVADOS LACTEOS,1390,LECHE LIQUIDA UHT CAJA,20000,EXITO MARCA PROPIA,MARCA PROPIA                                      ,Insuperables Marca Propia
Gran Consumo,Carulla Express,3623259,Limpia Pisos Bicarbonato,405,LIMPIADORES E IMPLEMENTOS ASEO,1928,LIMPIAPISOS EFICIENTES,24666,T/L/D TODOS LOS DIAS,MARCA PROPIA                                      ,Insuperables Marca Propia
Gran Consumo,Carulla Express,3623260,Limpia Pisos Citronela,405,LIMPIADORES E IMPLEMENTOS ASEO,1910,LIMPIAPISOS AROMAT DESINFEC,24666,T/L/D TODOS LOS DIAS,MARCA PROPIA                                      ,Insuperables Marca Propia
Gran Consumo,Carulla Express,3623261,Limpia Pisos Lavanda,405,LIMPIADORES E IMPLEMENTOS ASEO,1910,LIMPIAPISOS AROMAT DESINFEC,24666,T/L/D TODOS LOS DIAS,MARCA PROPIA                                      ,Insuperables Marca Propia
Gran Consumo,Carulla Express,3564367,Conserva De Pescado En Salsa D,94,ENLATADOS,2735,OTROS PESCADOS,20000,EXITO MARCA PROPIA,MARCA PROPIA                                      ,Insuperables Marca Propia
Gran Consumo,Carulla Express,3564368,Conserva De Pescado En Salsa D,94,ENLATADOS,2735,OTROS PESCADOS,20000,EXITO MARCA PROPIA,MARCA PROPIA                                      ,Insuperables Marca Propia
Gran Consumo,Carulla Express,3633789,Conservas De Pescado,94,ENLATADOS,2735,OTROS PESCADOS,36937,CARULLA,MARCA PROPIA                                      ,Insuperables Marca Propia
Gran Consumo,Carulla Express,3633790,Conservas De Pescado,94,ENLATADOS,2735,OTROS PESCADOS,36937,CARULLA,MARCA PROPIA                                      ,Insuperables Marca Propia
Gran Consumo,Carulla Express,3636384,Pañal Desechable Talla G,67,PAPELES Y ABSORBENTES,9030,PANALES VALUE,80000,EKONO,MARCA PROPIA                                      ,Insuperables Marca Propia
Gran Consumo,Carulla Express,3636385,Pañal Desechable Talla XG,67,PAPELES Y ABSORBENTES,9030,PANALES VALUE,80000,EKONO,MARCA PROPIA                                      ,Insuperables Marca Propia
Gran Consumo,Carulla Express,3280455,Queso Parmesano,83,DERIVADOS LACTEOS,2570,RALLADOS,20000,EXITO MARCA PROPIA,MARCA PROPIA                                      ,Insuperables Marca Propia
Gran Consumo,Carulla Express,3298211,Queso Parmesano,83,DERIVADOS LACTEOS,2570,RALLADOS,36937,CARULLA,MARCA PROPIA                                      ,Insuperables Marca Propia
Gran Consumo,Carulla Express,3599997,Pañal Bebe Talla XXG,67,PAPELES Y ABSORBENTES,9030,PANALES VALUE,80000,EKONO,MARCA PROPIA                                      ,Insuperables Marca Propia
Gran Consumo,Carulla Express,3293026,Soda,63,BEBIDAS LIQUIDAS NO ALCOHOLICA,7035,SODAS Y MEZCLADORES,17798,FRESCAMPO,MARCA PROPIA                                      ,Insuperables Marca Propia
Gran Consumo,Carulla Express,3331337,Pasta Macarrones,93,GALLETAS Y HARINAS,4620,PASTAS COMUNES,80000,EKONO,MARCA PROPIA                                      ,Insuperables Marca Propia
Gran Consumo,Carulla Express,3331340,Pasta Conchas,93,GALLETAS Y HARINAS,4620,PASTAS COMUNES,80000,EKONO,MARCA PROPIA                                      ,Insuperables Marca Propia
Gran Consumo,Carulla Express,3331344,Pasta Spaghetti,93,GALLETAS Y HARINAS,4620,PASTAS COMUNES,80000,EKONO,MARCA PROPIA                                      ,Insuperables Marca Propia
Gran Consumo,Carulla Express,3331345,Pasta Fideos,93,GALLETAS Y HARINAS,4620,PASTAS COMUNES,80000,EKONO,MARCA PROPIA                                      ,Insuperables Marca Propia
Gran Consumo,Carulla Express,3111953,Detergente Bicarbonato/Vinagre,97,CUIDADO ROPA,1021,DETERGENTES CONVENCIONALES,20000,EXITO MARCA PROPIA,MARCA PROPIA                                      ,Insuperables Marca Propia
Gran Consumo,Carulla Express,3331338,Pasta Fideos,93,GALLETAS Y HARINAS,4620,PASTAS COMUNES,80000,EKONO,MARCA PROPIA                                      ,Insuperables Marca Propia
Gran Consumo,Carulla Express,3331339,Pasta Conchas,93,GALLETAS Y HARINAS,4620,PASTAS COMUNES,80000,EKONO,MARCA PROPIA                                      ,Insuperables Marca Propia
Gran Consumo,Carulla Express,3331341,Pasta Macarrones,93,GALLETAS Y HARINAS,4620,PASTAS COMUNES,80000,EKONO,MARCA PROPIA                                      ,Insuperables Marca Propia
Gran Consumo,Carulla Express,3331342,Pasta Spaghetti,93,GALLETAS Y HARINAS,4620,PASTAS COMUNES,80000,EKONO,MARCA PROPIA                                      ,Insuperables Marca Propia
Gran Consumo,Carulla Express,3331343,Pasta Fideos,93,GALLETAS Y HARINAS,4620,PASTAS COMUNES,80000,EKONO,MARCA PROPIA                                      ,Insuperables Marca Propia
Gran Consumo,Carulla Express,3331346,Pasta Spaghetti,93,GALLETAS Y HARINAS,4620,PASTAS COMUNES,80000,EKONO,MARCA PROPIA                                      ,Insuperables Marca Propia
Gran Consumo,Carulla Express,3178712,Papel higiénico x 12 rollos,67,PAPELES Y ABSORBENTES,8020,PAPEL HIGIENICO RENDIDOR,20000,EXITO MARCA PROPIA,MARCA PROPIA                                      ,Insuperables Marca Propia
Gran Consumo,Carulla Express,3226414,Blanqueador en Gel,405,LIMPIADORES E IMPLEMENTOS ASEO,830,BLANQUEADOR SIN FRAGANCIA,42192,GREEN CHOICE GENERATION,MARCA EXCLUSIVA                                   ,Insuperables Marca Propia
Gran Consumo,Carulla Express,3511376,Jabon Doy Pack Avena Miel,406,CUIDADO CORPORAL,1230,JABON LIQUIDOS,14401,PERSONAL CHOICE MARCA EXCLUSIV,MARCA EXCLUSIVA                                   ,Insuperables Marca Propia
Gran Consumo,Carulla Express,3511377,Jabon Doy Pack Pomegran Mango,406,CUIDADO CORPORAL,1230,JABON LIQUIDOS,14401,PERSONAL CHOICE MARCA EXCLUSIV,MARCA EXCLUSIVA                                   ,Insuperables Marca Propia
Gran Consumo,Carulla Express,3118050,Alimento Para Gatos,401,MASCOTAS,840,ALIMENTOS GATOS,33444,PUK?,MARCA PROPIA                                      ,Insuperables Marca Propia
Gran Consumo,Carulla Express,3131929,Alimento Para Gatos,401,MASCOTAS,840,ALIMENTOS GATOS,33444,PUK?,MARCA PROPIA                                      ,Insuperables Marca Propia
Gran Consumo,Carulla Express,3289994,Alimento Perro Cachorro,401,MASCOTAS,820,ALIMENTOS PERROS,33444,PUK?,MARCA PROPIA                                      ,Insuperables Marca Propia
Gran Consumo,Carulla Express,3299412,Alimento Perro Adulto,401,MASCOTAS,820,ALIMENTOS PERROS,33444,PUK?,MARCA PROPIA                                      ,Insuperables Marca Propia
Gran Consumo,Carulla Express,3641982,Alimento Perro Adulto,401,MASCOTAS,820,ALIMENTOS PERROS,33444,PUK?,MARCA PROPIA                                      ,Insuperables Marca Propia
Gran Consumo,Carulla Express,3635120,Locion Hidratante Corporal,406,CUIDADO CORPORAL,1310,CREMAS HUMECTANTES,24674,AMPM PLUS,MARCA PROPIA                                      ,Insuperables Marca Propia
Gran Consumo,Carulla Express,3629361,Suavizante Floral,97,CUIDADO ROPA,1210,SUAVIZANTES REGULAR,20000,EXITO MARCA PROPIA,MARCA PROPIA                                      ,Insuperables Marca Propia
Gran Consumo,Carulla Express,3629362,Detergente Liquido,97,CUIDADO ROPA,1011,DETERGENTES LIQUIDOS,20000,EXITO MARCA PROPIA,MARCA PROPIA                                      ,Insuperables Marca Propia
Gran Consumo,Carulla Express,857637,Toalla Higien Delgada Con Alas,67,PAPELES Y ABSORBENTES,7020,TOALLAS HIGIENICAS,80000,EKONO,MARCA PROPIA                                      ,Insuperables Marca Propia
Gran Consumo,Carulla Express,439586,Toalla Delgada Con Alas Tela,67,PAPELES Y ABSORBENTES,7020,TOALLAS HIGIENICAS,80000,EKONO,MARCA PROPIA                                      ,Insuperables Marca Propia
Gran Consumo,Carulla Express,3026388,Toalla Higienica Nocturna,67,PAPELES Y ABSORBENTES,7020,TOALLAS HIGIENICAS,80000,EKONO,MARCA PROPIA                                      ,Insuperables Marca Propia
Gran Consumo,Carulla Express,3032765,Toallas Higienicas Malla,67,PAPELES Y ABSORBENTES,7020,TOALLAS HIGIENICAS,80000,EKONO,MARCA PROPIA                                      ,Insuperables Marca Propia
Gran Consumo,Carulla Express,3032766,Toallas Higienicas Malla,67,PAPELES Y ABSORBENTES,7020,TOALLAS HIGIENICAS,80000,EKONO,MARCA PROPIA                                      ,Insuperables Marca Propia
Gran Consumo,Carulla Express,3454320,Chocolate Tradicional,92,BEBIDAS CALIENT/Y ALMT.NATURIS,6020,CHOCOLATES DULCES,80000,EKONO,MARCA PROPIA                                      ,Insuperables Marca Propia
Gran Consumo,Carulla Express,3488624,Shampoo Hydra,96,CUIDADO CAPILAR Y ACCESORIOS,1310,SHAMPOO 1 EN 1,14401,PERSONAL CHOICE MARCA EXCLUSIV,MARCA EXCLUSIVA                                   ,Insuperables Marca Propia
Gran Consumo,Carulla Express,3488625,Shampoo Cuidado Completo,96,CUIDADO CAPILAR Y ACCESORIOS,1310,SHAMPOO 1 EN 1,14401,PERSONAL CHOICE MARCA EXCLUSIV,MARCA EXCLUSIVA                                   ,Insuperables Marca Propia
Gran Consumo,Carulla Express,3488626,Shampoo Regeneracion Diaria,96,CUIDADO CAPILAR Y ACCESORIOS,1310,SHAMPOO 1 EN 1,14401,PERSONAL CHOICE MARCA EXCLUSIV,MARCA EXCLUSIVA                                   ,Insuperables Marca Propia
Gran Consumo,Carulla Express,3330631,Aceite de Oliva Extra Virgen,403,ACEITES COMESTIBLES,7815,ACEITE OLIVA,36937,CARULLA,MARCA PROPIA                                      ,Insuperables Marca Propia
Gran Consumo,Carulla Express,3549008,Papel Higienico,67,PAPELES Y ABSORBENTES,8020,PAPEL HIGIENICO RENDIDOR,20000,EXITO MARCA PROPIA,MARCA PROPIA                                      ,Insuperables Marca Propia
Gran Consumo,Carulla Express,3640363,Papel Higienico x24 Rollos,67,PAPELES Y ABSORBENTES,8020,PAPEL HIGIENICO RENDIDOR,36937,CARULLA,MARCA PROPIA                                      ,Insuperables Marca Propia
Gran Consumo,Carulla Express,3670169,Limpiapisos Lavanda,405,LIMPIADORES E IMPLEMENTOS ASEO,1910,LIMPIAPISOS AROMAT DESINFEC,24666,T/L/D TODOS LOS DIAS,MARCA PROPIA                                      ,Insuperables Marca Propia
Gran Consumo,Carulla Express,3685676,Crema Lavaloza Limon,405,LIMPIADORES E IMPLEMENTOS ASEO,4510,LAVALOZA CREMAS/GEL,80000,EKONO,MARCA PROPIA                                      ,Insuperables Marca Propia
Gran Consumo,Carulla Express,3330628,Aceite de Oliva Extra Virgen,403,ACEITES COMESTIBLES,7815,ACEITE OLIVA,36937,CARULLA,MARCA PROPIA                                      ,Insuperables Marca Propia
Gran Consumo,Carulla Express,3330634,Aceite de Oliva Extravirgen,403,ACEITES COMESTIBLES,7815,ACEITE OLIVA,20000,EXITO MARCA PROPIA,MARCA PROPIA                                      ,Insuperables Marca Propia
Gran Consumo,Carulla Express,958531,Cafe Molido,92,BEBIDAS CALIENT/Y ALMT.NATURIS,5610,CAFE MOLIDO,80000,EKONO,MARCA PROPIA                                      ,Insuperables Marca Propia
Gran Consumo,Carulla Express,3611606,Lomo Atún En Agua X4 Unds,94,ENLATADOS,2110,ATUNES EN AGUA,20000,EXITO MARCA PROPIA,MARCA PROPIA                                      ,Insuperables Marca Propia
Gran Consumo,Carulla Express,216153,Agua Sin Gas,63,BEBIDAS LIQUIDAS NO ALCOHOLICA,6710,AGUA NORMAL,20000,EXITO MARCA PROPIA,MARCA PROPIA                                      ,Insuperables Marca Propia
Gran Consumo,Carulla Express,975923,Agua Sin Gas,63,BEBIDAS LIQUIDAS NO ALCOHOLICA,6710,AGUA NORMAL,36937,CARULLA,MARCA PROPIA                                      ,Insuperables Marca Propia
Gran Consumo,Carulla Express,1512413,Agua Sin Gas,63,BEBIDAS LIQUIDAS NO ALCOHOLICA,6710,AGUA NORMAL,17798,FRESCAMPO,MARCA PROPIA                                      ,Insuperables Marca Propia
Gran Consumo,Carulla Express,3330624,Aceite de Oliva Virgen,403,ACEITES COMESTIBLES,7815,ACEITE OLIVA,36937,CARULLA,MARCA PROPIA                                      ,Insuperables Marca Propia
Gran Consumo,Carulla Express,3519269,Jabón Tocador Aloe Vera,406,CUIDADO CORPORAL,1250,JABON LARGA DURACION ECONOMICO,80000,EKONO,MARCA PROPIA                                      ,Insuperables Marca Propia
Gran Consumo,Carulla Express,3519270,Jabón Tocador Fresa,406,CUIDADO CORPORAL,1250,JABON LARGA DURACION ECONOMICO,80000,EKONO,MARCA PROPIA                                      ,Insuperables Marca Propia
Gran Consumo,Carulla Express,3519271,Jabón Tocador Mandarina,406,CUIDADO CORPORAL,1250,JABON LARGA DURACION ECONOMICO,80000,EKONO,MARCA PROPIA                                      ,Insuperables Marca Propia
Gran Consumo,Carulla Express,3330626,Aceite de Oliva Virgen,403,ACEITES COMESTIBLES,7815,ACEITE OLIVA,17798,FRESCAMPO,MARCA PROPIA                                      ,Insuperables Marca Propia
Gran Consumo,Carulla Express,3394671,Aceite Vegetal,403,ACEITES COMESTIBLES,7820,ACEITES MEZCLAS,17798,FRESCAMPO,MARCA PROPIA                                      ,Insuperables Marca Propia
Gran Consumo,Carulla Express,3359775,Matequilla Ghee,403,ACEITES COMESTIBLES,7840,OTROS ACEITES,50000,TAEQ,MARCA PROPIA                                      ,Insuperables Marca Propia
Gran Consumo,Carulla Express,3611605,Lomo Atún Aceite Vegetal X4 Un,94,ENLATADOS,2120,ATUNES EN ACEITE,20000,EXITO MARCA PROPIA,MARCA PROPIA                                      ,Insuperables Marca Propia
Gran Consumo,Carulla Express,3676126,Lomo Atun En Aceite Vegetal x,94,ENLATADOS,2120,ATUNES EN ACEITE,36937,CARULLA,MARCA PROPIA                                      ,Insuperables Marca Propia
Gran Consumo,Carulla Express,3676127,Lomo Atun En Agua x 4 Unds,94,ENLATADOS,2110,ATUNES EN AGUA,36937,CARULLA,MARCA PROPIA                                      ,Insuperables Marca Propia
Gran Consumo,Carulla Express,3709524,Detergente En Polvo Floral,97,CUIDADO ROPA,1021,DETERGENTES CONVENCIONALES,80000,EKONO,MARCA PROPIA                                      ,Insuperables Marca Propia
Gran Consumo,Carulla Express,3709525,Detergente En Polvo Limon,97,CUIDADO ROPA,1021,DETERGENTES CONVENCIONALES,80000,EKONO,MARCA PROPIA                                      ,Insuperables Marca Propia
Gran Consumo,Carulla Express,3641951,Gelatina Fresa-Uva-Fruto Rojos,69,MEZCLAS Y BEBIDAS EN POLVO,8710,GELATINA NORMAL,17798,FRESCAMPO,MARCA PROPIA                                      ,Insuperables Marca Propia
Gran Consumo,Carulla Express,3641952,Gelatina Piña-Limón-Mandarina,69,MEZCLAS Y BEBIDAS EN POLVO,8710,GELATINA NORMAL,17798,FRESCAMPO,MARCA PROPIA                                      ,Insuperables Marca Propia
Gran Consumo,Carulla Express,3711919,Quitamanchas En Polvo Primaver,97,CUIDADO ROPA,710,DESMANCHADORES POLVO,24666,T/L/D TODOS LOS DIAS,MARCA PROPIA                                      ,Insuperables Marca Propia
Gran Consumo,Carulla Express,3330625,Aceite de Oliva Suave Sabor,403,ACEITES COMESTIBLES,7815,ACEITE OLIVA,20000,EXITO MARCA PROPIA,MARCA PROPIA                                      ,Insuperables Marca Propia
Gran Consumo,Carulla Express,3330629,Aceite de Oliva Virgen,403,ACEITES COMESTIBLES,7815,ACEITE OLIVA,17798,FRESCAMPO,MARCA PROPIA                                      ,Insuperables Marca Propia
Gran Consumo,Carulla Express,3330632,Aceite De Oliva Virgen Extra,403,ACEITES COMESTIBLES,7815,ACEITE OLIVA,17798,FRESCAMPO,MARCA PROPIA                                      ,Insuperables Marca Propia
Gran Consumo,Carulla Express,3330633,Aceite de Oliva Virgen,403,ACEITES COMESTIBLES,7815,ACEITE OLIVA,36937,CARULLA,MARCA PROPIA                                      ,Insuperables Marca Propia
Gran Consumo,Carulla Express,3717000,Arena Sanitaria Para Gatos,401,MASCOTAS,1435,ARENAS Y TAPETES,33444,PUK?,MARCA PROPIA                                      ,Insuperables Marca Propia
Gran Consumo,Carulla Express,3694827,Suero Costeño Doypack,83,DERIVADOS LACTEOS,2555,ESPARCIBLES,17798,FRESCAMPO,MARCA PROPIA                                      ,Insuperables Marca Propia
Gran Consumo,Carulla Express,1299743,AGUA PURA SIN GAS,63,BEBIDAS LIQUIDAS NO ALCOHOLICA,6710,AGUA NORMAL,17798,FRESCAMPO,MARCA PROPIA                                      ,Insuperables Marca Propia
Gran Consumo,Carulla Express,1299744,Agua Pura Si Gas,63,BEBIDAS LIQUIDAS NO ALCOHOLICA,6710,AGUA NORMAL,17798,FRESCAMPO,MARCA PROPIA                                      ,Insuperables Marca Propia
Gran Consumo,Carulla Express,3007968,Detergente en Polvo Oxigeno,97,CUIDADO ROPA,1021,DETERGENTES CONVENCIONALES,20000,EXITO MARCA PROPIA,MARCA PROPIA                                      ,Insuperables Marca Propia
Gran Consumo,Carulla Express,8599,Cafe Molido,92,BEBIDAS CALIENT/Y ALMT.NATURIS,5610,CAFE MOLIDO,80000,EKONO,MARCA PROPIA                                      ,Insuperables Marca Propia
Gran Consumo,Carulla Express,251157,Cafe Instantaneo Pulverizado,92,BEBIDAS CALIENT/Y ALMT.NATURIS,5620,CAFE INSTANTANEO,20000,EXITO MARCA PROPIA,MARCA PROPIA                                      ,Insuperables Marca Propia
Gran Consumo,Carulla Express,253883,Cafe Instantaneo Granulado,92,BEBIDAS CALIENT/Y ALMT.NATURIS,5620,CAFE INSTANTANEO,20000,EXITO MARCA PROPIA,MARCA PROPIA                                      ,Insuperables Marca Propia
Gran Consumo,Carulla Express,3023781,Talco antibacterial,406,CUIDADO CORPORAL,2430,TALCO POLVO HOMBRE,24674,AMPM PLUS,MARCA PROPIA                                      ,Insuperables Marca Propia
Gran Consumo,Carulla Express,3382829,Agua De Linos,404,DESECHABLES Y AEROSOLES,4080,AROMACOLOGIA?ESENCIAS Y AROMAS,24666,T/L/D TODOS LOS DIAS,MARCA PROPIA                                      ,Insuperables Marca Propia
Gran Consumo,Carulla Express,929943,Cafe Instantaneo Descafeinado,92,BEBIDAS CALIENT/Y ALMT.NATURIS,5625,CAFE INSTANTANEO DESCAFEINADO,36937,CARULLA,MARCA PROPIA                                      ,Insuperables Marca Propia
Gran Consumo,Carulla Express,415569,Lavaloza Crema Limon,405,LIMPIADORES E IMPLEMENTOS ASEO,4510,LAVALOZA CREMAS/GEL,845,SURTIMAX,MARCA PROPIA                                      ,Insuperables Marca Propia
Gran Consumo,Carulla Express,1006098,LAVALOZA CREMA LIMON,405,LIMPIADORES E IMPLEMENTOS ASEO,4510,LAVALOZA CREMAS/GEL,20000,EXITO MARCA PROPIA,MARCA PROPIA                                      ,Insuperables Marca Propia
Gran Consumo,Carulla Express,1006100,LAVALOZA CREMA ALOE VERA,405,LIMPIADORES E IMPLEMENTOS ASEO,4510,LAVALOZA CREMAS/GEL,20000,EXITO MARCA PROPIA,MARCA PROPIA                                      ,Insuperables Marca Propia
Gran Consumo,Carulla Express,1210171,LAVALOZA CREMA LIMON,405,LIMPIADORES E IMPLEMENTOS ASEO,4510,LAVALOZA CREMAS/GEL,36937,CARULLA,MARCA PROPIA                                      ,Insuperables Marca Propia
Gran Consumo,Carulla Express,1210172,LAVALOZA CREMA TORONJA,405,LIMPIADORES E IMPLEMENTOS ASEO,4510,LAVALOZA CREMAS/GEL,36937,CARULLA,MARCA PROPIA                                      ,Insuperables Marca Propia
Gran Consumo,Carulla Express,1210173,Lavaloza Crema Avena,405,LIMPIADORES E IMPLEMENTOS ASEO,4510,LAVALOZA CREMAS/GEL,36937,CARULLA,MARCA PROPIA                                      ,Insuperables Marca Propia
Gran Consumo,Carulla Express,1210174,LAVALOZA CREMA ALOE VERA,405,LIMPIADORES E IMPLEMENTOS ASEO,4510,LAVALOZA CREMAS/GEL,36937,CARULLA,MARCA PROPIA                                      ,Insuperables Marca Propia
Gran Consumo,Carulla Express,1763125,Crema Lavaloza Tld Limon,405,LIMPIADORES E IMPLEMENTOS ASEO,4510,LAVALOZA CREMAS/GEL,24666,T/L/D TODOS LOS DIAS,MARCA PROPIA                                      ,Insuperables Marca Propia
Gran Consumo,Carulla Express,1763126,Crema Lavaloza Aloe,405,LIMPIADORES E IMPLEMENTOS ASEO,4510,LAVALOZA CREMAS/GEL,24666,T/L/D TODOS LOS DIAS,MARCA PROPIA                                      ,Insuperables Marca Propia
Gran Consumo,Carulla Express,3490998,Lavaloza Tripack Oferta,405,LIMPIADORES E IMPLEMENTOS ASEO,4510,LAVALOZA CREMAS/GEL,845,SURTIMAX,MARCA PROPIA                                      ,Insuperables Marca Propia
Gran Consumo,Carulla Express,3705672,Esparcible En Barra,83,DERIVADOS LACTEOS,2042,MARGARINA O ESPARCIBLE COCINAR,80000,EKONO,MARCA PROPIA                                      ,Insuperables Marca Propia
Gran Consumo,Carulla Express,3725017,Crema kids Con Fluor,98,CUIDADO ORAL Y AFEITADA,740,CREMA DENTAL NINOS,24674,AMPM PLUS,MARCA PROPIA                                      ,Insuperables Marca Propia
Gran Consumo,Carulla Express,3264841,Papel Higienico Premium 3HX4,67,PAPELES Y ABSORBENTES,8010,PAPEL HIGIENICO PREMIUM,20000,EXITO MARCA PROPIA,MARCA PROPIA                                      ,Insuperables Marca Propia
Gran Consumo,Carulla Express,3054277,Frijol Cargamanto Rojo,90,GRANOS,2020,FRIJOL CARGAMANTO,80000,EKONO,MARCA PROPIA                                      ,Insuperables Marca Propia
Gran Consumo,Carulla Express,3548051,Toalla De Cocina,67,PAPELES Y ABSORBENTES,2020,TOALLAS COCINA DESECHABLE,24666,T/L/D TODOS LOS DIAS,MARCA PROPIA                                      ,Insuperables Marca Propia
Gran Consumo,Carulla Express,3638944,Servilletas Blancas Cortadas,67,PAPELES Y ABSORBENTES,7540,SERVILLETAS PARTIDAS,80000,EKONO,MARCA PROPIA                                      ,Insuperables Marca Propia
Gran Consumo,Carulla Express,3739284,Cerveza Lata Sixpac,95,LICORES Y CIGARRILLOS,410,CERVEZAS NACIONALES,1437,COSTENA,MARCA NACIONAL                                    ,Insuperables Marca Propia
Gran Consumo,Carulla Express,3473385,Servilleta Doblada,67,PAPELES Y ABSORBENTES,7510,SERVILLETAS NORMALES,24666,T/L/D TODOS LOS DIAS,MARCA PROPIA                                      ,Insuperables Marca Propia
Gran Consumo,Carulla Express,3287804,Gelatina sin sabor,69,MEZCLAS Y BEBIDAS EN POLVO,8720,GELATINA DIETETICA Y SIN SABOR,17798,FRESCAMPO,MARCA PROPIA                                      ,Insuperables Marca Propia
Gran Consumo,Carulla Express,3750918,Leche Entera UHT Paq Maxi Litr,83,DERIVADOS LACTEOS,1385,LECHE LIQUIDA UHT BOLSA,17798,FRESCAMPO,MARCA PROPIA                                      ,Insuperables Marca Propia
Gran Consumo,Carulla Express,3750919,Leche Entera UHT Bolsa MaxiLit,83,DERIVADOS LACTEOS,1385,LECHE LIQUIDA UHT BOLSA,17798,FRESCAMPO,MARCA PROPIA                                      ,Insuperables Marca Propia
Gran Consumo,Carulla Express,3750920,Leche Entera UHT Paquete,83,DERIVADOS LACTEOS,1385,LECHE LIQUIDA UHT BOLSA,17798,FRESCAMPO,MARCA PROPIA                                      ,Insuperables Marca Propia
Gran Consumo,Carulla Express,3750921,Leche Entera UHT Bolsa,83,DERIVADOS LACTEOS,1385,LECHE LIQUIDA UHT BOLSA,17798,FRESCAMPO,MARCA PROPIA                                      ,Insuperables Marca Propia
Gran Consumo,Carulla Express,3750922,Leche Semid Deslac UHT Paquete,83,DERIVADOS LACTEOS,1385,LECHE LIQUIDA UHT BOLSA,17798,FRESCAMPO,MARCA PROPIA                                      ,Insuperables Marca Propia
Gran Consumo,Carulla Express,3750923,Leche Semid Deslac UHT Bolsa,83,DERIVADOS LACTEOS,1385,LECHE LIQUIDA UHT BOLSA,17798,FRESCAMPO,MARCA PROPIA                                      ,Insuperables Marca Propia
Gran Consumo,Carulla Express,3616376,Serum Facial Antiedad,64,COSMETICOS,1220,ANTIEDAD,24674,AMPM PLUS,MARCA PROPIA                                      ,Insuperables Marca Propia
Gran Consumo,Carulla Express,3756865,Papel Higiénico Tri Hoja 12 Ro,67,PAPELES Y ABSORBENTES,8020,PAPEL HIGIENICO RENDIDOR,80000,EKONO,MARCA PROPIA                                      ,Insuperables Marca Propia
Gran Consumo,Carulla Express,3756866,Papel Higiénico Tri Hoja 2 Rol,67,PAPELES Y ABSORBENTES,8020,PAPEL HIGIENICO RENDIDOR,80000,EKONO,MARCA PROPIA                                      ,Insuperables Marca Propia
Gran Consumo,Carulla Express,3756867,Papel Higiénico Tri Hoja 24 Ro,67,PAPELES Y ABSORBENTES,8020,PAPEL HIGIENICO RENDIDOR,80000,EKONO,MARCA PROPIA                                      ,Insuperables Marca Propia
Gran Consumo,Carulla Express,3756868,Papel Higiénico Tri Hoja 4 Rol,67,PAPELES Y ABSORBENTES,8020,PAPEL HIGIENICO RENDIDOR,80000,EKONO,MARCA PROPIA                                      ,Insuperables Marca Propia
Gran Consumo,Carulla Express,3332145,Agua Micelar,64,COSMETICOS,1210,LIMPIADORA,24674,AMPM PLUS,MARCA PROPIA                                      ,Insuperables Marca Propia
Gran Consumo,Carulla Express,3756503,Leche Semid Deslact En Caja,83,DERIVADOS LACTEOS,1390,LECHE LIQUIDA UHT CAJA,17798,FRESCAMPO,MARCA PROPIA                                      ,Insuperables Marca Propia
Gran Consumo,Carulla Express,3756504,Leche Entera En Caja,83,DERIVADOS LACTEOS,1390,LECHE LIQUIDA UHT CAJA,17798,FRESCAMPO,MARCA PROPIA                                      ,Insuperables Marca Propia
Gran Consumo,Carulla Express,3276483,Atun Lomo Aceite Tripack,94,ENLATADOS,2120,ATUNES EN ACEITE,17798,FRESCAMPO,MARCA PROPIA                                      ,Insuperables Marca Propia
Gran Consumo,Carulla Express,3534190,Arroz Blanco,90,GRANOS,1020,ARROZ BLANCO,80000,EKONO,MARCA PROPIA                                      ,Insuperables Marca Propia
Gran Consumo,Carulla Express,3181787,Arroz Blanco Arroba,90,GRANOS,1020,ARROZ BLANCO,20000,EXITO MARCA PROPIA,MARCA PROPIA                                      ,Insuperables Marca Propia
Gran Consumo,Carulla Express,3181788,Arroz Blanco Arroba,90,GRANOS,1020,ARROZ BLANCO,17798,FRESCAMPO,MARCA PROPIA                                      ,Insuperables Marca Propia
Gran Consumo,Carulla Express,3181789,Arroz Blanco,90,GRANOS,1020,ARROZ BLANCO,20000,EXITO MARCA PROPIA,MARCA PROPIA                                      ,Insuperables Marca Propia
Gran Consumo,Carulla Express,3181790,Arroz Blanco,90,GRANOS,1020,ARROZ BLANCO,17798,FRESCAMPO,MARCA PROPIA                                      ,Insuperables Marca Propia
Gran Consumo,Carulla Express,3181791,Arroz Blanco Arroba,90,GRANOS,1020,ARROZ BLANCO,80000,EKONO,MARCA PROPIA                                      ,Insuperables Marca Propia
Gran Consumo,Carulla Express,3181792,Arroz Blanco,90,GRANOS,1020,ARROZ BLANCO,80000,EKONO,MARCA PROPIA                                      ,Insuperables Marca Propia
Gran Consumo,Carulla Express,3534187,Arroz Blanco,90,GRANOS,1020,ARROZ BLANCO,20000,EXITO MARCA PROPIA,MARCA PROPIA                                      ,Insuperables Marca Propia
Gran Consumo,Carulla Express,3534188,Arroz Blanco,90,GRANOS,1020,ARROZ BLANCO,36937,CARULLA,MARCA PROPIA                                      ,Insuperables Marca Propia
Gran Consumo,Carulla Express,3181785,Arroz Blanco,90,GRANOS,1020,ARROZ BLANCO,36937,CARULLA,MARCA PROPIA                                      ,Insuperables Marca Propia
Gran Consumo,Carulla Express,3181780,Arroz Blanco,90,GRANOS,1020,ARROZ BLANCO,20000,EXITO MARCA PROPIA,MARCA PROPIA                                      ,Insuperables Marca Propia
Gran Consumo,Carulla Express,3181784,Arroz Blanco,90,GRANOS,1020,ARROZ BLANCO,17798,FRESCAMPO,MARCA PROPIA                                      ,Insuperables Marca Propia
Gran Consumo,Carulla Express,3181779,Arroz Blanco,90,GRANOS,1020,ARROZ BLANCO,20000,EXITO MARCA PROPIA,MARCA PROPIA                                      ,Insuperables Marca Propia
Gran Consumo,Carulla Express,3757389,Pañitos Humedos Para Mascotas,401,MASCOTAS,1431,IMPLEMENTOS PARA ASEO MASCOTAS,33444,PUK?,MARCA PROPIA                                      ,Insuperables Marca Propia
Gran Consumo,Carulla Express,1720710,VELON,404,DESECHABLES Y AEROSOLES,6620,VELONES Y VELADORAS,24666,T/L/D TODOS LOS DIAS,MARCA PROPIA                                      ,Insuperables Marca Propia
Gran Consumo,Carulla Express,3776302,Café instantáneo en polvo,92,BEBIDAS CALIENT/Y ALMT.NATURIS,5620,CAFE INSTANTANEO,17798,FRESCAMPO,MARCA PROPIA                                      ,Insuperables Marca Propia
Gran Consumo,Carulla Express,3776303,Café descafeinado,92,BEBIDAS CALIENT/Y ALMT.NATURIS,5625,CAFE INSTANTANEO DESCAFEINADO,17798,FRESCAMPO,MARCA PROPIA                                      ,Insuperables Marca Propia
Gran Consumo,Carulla Express,3776304,Café instantáneo granualdo,92,BEBIDAS CALIENT/Y ALMT.NATURIS,5620,CAFE INSTANTANEO,17798,FRESCAMPO,MARCA PROPIA                                      ,Insuperables Marca Propia
Gran Consumo,Carulla Express,3776305,Café instantáneo en polvo,92,BEBIDAS CALIENT/Y ALMT.NATURIS,5620,CAFE INSTANTANEO,17798,FRESCAMPO,MARCA PROPIA                                      ,Insuperables Marca Propia
Gran Consumo,Carulla Express,3776306,Café instantáneo granulado,92,BEBIDAS CALIENT/Y ALMT.NATURIS,5620,CAFE INSTANTANEO,17798,FRESCAMPO,MARCA PROPIA                                      ,Insuperables Marca Propia
Gran Consumo,Carulla Express,1602699,CEPILLO INFANTIL UNIDAD,98,CUIDADO ORAL Y AFEITADA,1020,CEPILLO DENTAL NINOS,24674,AMPM PLUS,MARCA PROPIA                                      ,Insuperables Marca Propia
Gran Consumo,Carulla Express,1602700,Cepillo Dental Adulto,98,CUIDADO ORAL Y AFEITADA,1010,CEPILLO DENTAL ADULTOS,24674,AMPM PLUS,MARCA PROPIA                                      ,Insuperables Marca Propia
Gran Consumo,Carulla Express,3003156,ACONDICIONADOR TODO CABELLO,96,CUIDADO CAPILAR Y ACCESORIOS,1420,BALSAMOS ACONDICIONADORES,24674,AMPM PLUS,MARCA PROPIA                                      ,Insuperables Marca Propia
Gran Consumo,Carulla Express,3008973,Bolsa Basura Apartamento 51x76,404,DESECHABLES Y AEROSOLES,5020,BOLSA BASURA APARTAMENTO,24666,T/L/D TODOS LOS DIAS,MARCA PROPIA                                      ,Insuperables Marca Propia
Gran Consumo,Carulla Express,3008975,Bolsa Basura Industrial 65x100,404,DESECHABLES Y AEROSOLES,5040,BOLSA BASURA INDUSTRIAL,24666,T/L/D TODOS LOS DIAS,MARCA PROPIA                                      ,Insuperables Marca Propia
Gran Consumo,Carulla Express,3008977,Bolsa Basura residencial 65x80,404,DESECHABLES Y AEROSOLES,5030,BOLSA BASURA RESIDENCIAL,24666,T/L/D TODOS LOS DIAS,MARCA PROPIA                                      ,Insuperables Marca Propia
Gran Consumo,Carulla Express,3023780,Talco antibacterial,406,CUIDADO CORPORAL,2430,TALCO POLVO HOMBRE,24674,AMPM PLUS,MARCA PROPIA                                      ,Insuperables Marca Propia
Gran Consumo,Carulla Express,3065535,Protector Solar SPF 50,406,CUIDADO CORPORAL,4020,BLOQUEADORES,24674,AMPM PLUS,MARCA PROPIA                                      ,Insuperables Marca Propia
Gran Consumo,Carulla Express,3070894,Aceite de Bebe,406,CUIDADO CORPORAL,3710,ACEITES NORMALES,24674,AMPM PLUS,MARCA PROPIA                                      ,Insuperables Marca Propia
Gran Consumo,Carulla Express,3118046,Jabon Barra Liquido Azul,97,CUIDADO ROPA,940,JABON DE LAVAR BARRA LIQUIDO,24666,T/L/D TODOS LOS DIAS,MARCA PROPIA                                      ,Insuperables Marca Propia
Gran Consumo,Carulla Express,3118047,Jabon Barra Liquido Coco,97,CUIDADO ROPA,940,JABON DE LAVAR BARRA LIQUIDO,24666,T/L/D TODOS LOS DIAS,MARCA PROPIA                                      ,Insuperables Marca Propia
Gran Consumo,Carulla Express,3462712,Detergente Liquido Oscura,97,CUIDADO ROPA,1011,DETERGENTES LIQUIDOS,20000,EXITO MARCA PROPIA,MARCA PROPIA                                      ,Insuperables Marca Propia
Gran Consumo,Carulla Express,3462713,Detergente Liquido Color,97,CUIDADO ROPA,1011,DETERGENTES LIQUIDOS,20000,EXITO MARCA PROPIA,MARCA PROPIA                                      ,Insuperables Marca Propia
Gran Consumo,Carulla Express,3600913,Pelicula Plastica,404,DESECHABLES Y AEROSOLES,3020,VINILO EMPAQUE,24666,T/L/D TODOS LOS DIAS,MARCA PROPIA                                      ,Insuperables Marca Propia
Gran Consumo,Carulla Express,3600914,Pelicula Plastica,404,DESECHABLES Y AEROSOLES,3020,VINILO EMPAQUE,24666,T/L/D TODOS LOS DIAS,MARCA PROPIA                                      ,Insuperables Marca Propia
Gran Consumo,Carulla Express,3705583,Jabon En Barra Liquido Bebe,97,CUIDADO ROPA,940,JABON DE LAVAR BARRA LIQUIDO,24666,T/L/D TODOS LOS DIAS,MARCA PROPIA                                      ,Insuperables Marca Propia
Gran Consumo,Carulla Express,3749226,Aceite De Oliva Virgen Extra,403,ACEITES COMESTIBLES,7815,ACEITE OLIVA,17798,FRESCAMPO,MARCA PROPIA                                      ,Insuperables Marca Propia
Gran Consumo,Carulla Express,3749227,Aceite De Oliva Virgen Extra,403,ACEITES COMESTIBLES,7815,ACEITE OLIVA,17798,FRESCAMPO,MARCA PROPIA                                      ,Insuperables Marca Propia
Gran Consumo,Carulla Express,3400651,Aceite de Girasol,403,ACEITES COMESTIBLES,7825,ACEITE GIRASOL,20000,EXITO MARCA PROPIA,MARCA PROPIA                                      ,Insuperables Marca Propia
Gran Consumo,Carulla Express,3786697,Snack Cremoso Gatos Atún,401,MASCOTAS,860,SNACKS,33444,PUK?,MARCA PROPIA                                      ,Insuperables Marca Propia
Gran Consumo,Carulla Express,3786698,Snack Cremoso Gatos Salmón,401,MASCOTAS,860,SNACKS,33444,PUK?,MARCA PROPIA                                      ,Insuperables Marca Propia
Gran Consumo,Carulla Express,3310406,Azúcar Morena,90,GRANOS,7130,AZUCAR MORENA,20000,EXITO MARCA PROPIA,MARCA PROPIA                                      ,Insuperables Marca Propia
Gran Consumo,Carulla Express,3310409,Azúcar Morena,90,GRANOS,7130,AZUCAR MORENA,17798,FRESCAMPO,MARCA PROPIA                                      ,Insuperables Marca Propia
Gran Consumo,Carulla Express,3310415,Azúcar Blanco Especial,90,GRANOS,7120,AZUCAR BLANCO ESPECIAL,17798,FRESCAMPO,MARCA PROPIA                                      ,Insuperables Marca Propia
Gran Consumo,Carulla Express,3778389,Papel Higienico Premium 3Hx12,67,PAPELES Y ABSORBENTES,8010,PAPEL HIGIENICO PREMIUM,80000,EKONO,MARCA PROPIA                                      ,Insuperables Marca Propia
Gran Consumo,Carulla Express,3778390,Papel Higienico Premium 3Hx18,67,PAPELES Y ABSORBENTES,8010,PAPEL HIGIENICO PREMIUM,80000,EKONO,MARCA PROPIA                                      ,Insuperables Marca Propia
Gran Consumo,Carulla Express,3778391,Papel Higienico Premium 3Hx4,67,PAPELES Y ABSORBENTES,8010,PAPEL HIGIENICO PREMIUM,80000,EKONO,MARCA PROPIA                                      ,Insuperables Marca Propia
Gran Consumo,Carulla Express,3788923,Conserva De Pescado En Salsa D,94,ENLATADOS,2735,OTROS PESCADOS,17798,FRESCAMPO,MARCA PROPIA                                      ,Insuperables Marca Propia
Gran Consumo,Carulla Express,3788924,Conserva De Pescado En Salsa D,94,ENLATADOS,2735,OTROS PESCADOS,17798,FRESCAMPO,MARCA PROPIA                                      ,Insuperables Marca Propia
Gran Consumo,Carulla Express,3804668,Atun Rallado En Aceite,94,ENLATADOS,2140,DESMENUZADO,80000,EKONO,MARCA PROPIA                                      ,Insuperables Marca Propia
Gran Consumo,Carulla Express,3804671,Lomitos De Atun En Aceite,94,ENLATADOS,2120,ATUNES EN ACEITE,17798,FRESCAMPO,MARCA PROPIA                                      ,Insuperables Marca Propia
Gran Consumo,Carulla Express,3804672,Lomitos De Atun En Agua,94,ENLATADOS,2110,ATUNES EN AGUA,17798,FRESCAMPO,MARCA PROPIA                                      ,Insuperables Marca Propia
